investor_id,age_group,gender,city_tier,annual_income_lakh,total_invested,num_transactions,avg_sip_amount
INV000001,36-45,Male,T30,19.9,237429,3,79143.0
INV000002,46-55,Male,T30,24.0,681325,6,113554.16666666667
INV000003,26-35,Female,T30,10.6,17861,2,8930.5
INV000004,26-35,Male,T30,20.0,476881,9,52986.77777777778
INV000005,26-35,Female,B30,10.4,1398173,8,174771.625
INV000006,46-55,Female,B30,43.0,374177,6,62362.833333333336
INV000007,26-35,Male,B30,21.9,82420,5,16484.0
INV000008,26-35,Female,B30,18.6,948979,8,118622.375
INV000009,26-35,Male,T30,17.1,581851,7,83121.57142857143
INV000010,36-45,Male,T30,13.6,1321472,11,120133.81818181818
INV000011,26-35,Male,T30,9.6,1099634,11,99966.72727272728
INV000012,46-55,Male,B30,51.6,954446,11,86767.81818181818
INV000013,18-25,Male,B30,5.2,865449,10,86544.9
INV000014,18-25,Male,T30,4.3,1060830,11,96439.09090909091
INV000015,36-45,Male,T30,27.8,265612,2,132806.0
INV000016,26-35,Female,T30,21.0,655227,3,218409.0
INV000017,46-55,Female,T30,31.5,805968,4,201492.0
INV000018,56+,Male,T30,37.9,420620,4,105155.0
INV000019,18-25,Female,T30,5.1,218987,4,54746.75
INV000020,36-45,Female,T30,17.0,1113745,6,185624.16666666666
INV000021,46-55,Male,B30,76.8,807228,6,134538.0
INV000022,36-45,Male,T30,37.4,1054287,6,175714.5
INV000023,46-55,Female,T30,61.9,461628,10,46162.8
INV000024,36-45,Female,T30,27.0,1254570,8,156821.25
INV000025,26-35,Male,T30,11.5,13678,1,13678.0
INV000026,36-45,Male,T30,29.5,826838,7,118119.71428571429
INV000027,26-35,Male,T30,20.7,1465451,7,209350.14285714287
INV000028,18-25,Female,T30,6.1,1065631,9,118403.44444444444
INV000029,26-35,Female,B30,7.6,894277,11,81297.90909090909
INV000030,18-25,Female,T30,5.1,1315849,12,109654.08333333333
INV000031,36-45,Male,T30,27.3,542411,6,90401.83333333333
INV000032,36-45,Male,T30,21.8,1231203,8,153900.375
INV000033,36-45,Female,T30,12.4,1131799,11,102890.81818181818
INV000034,26-35,Male,T30,24.5,296610,3,98870.0
INV000035,26-35,Male,T30,20.9,1710,2,855.0
INV000036,36-45,Male,T30,49.7,11059,2,5529.5
INV000037,26-35,Male,B30,7.5,1139629,5,227925.8
INV000038,56+,Female,T30,22.4,793676,7,113382.28571428571
INV000039,26-35,Male,B30,6.5,482497,8,60312.125
INV000040,26-35,Male,B30,14.7,1480910,10,148091.0
INV000041,46-55,Male,B30,25.0,1521738,6,253623.0
INV000042,26-35,Female,B30,15.3,577025,5,115405.0
INV000043,26-35,Male,T30,23.7,494094,3,164698.0
INV000044,36-45,Male,B30,34.9,703471,6,117245.16666666667
INV000045,36-45,Male,T30,26.2,1295094,10,129509.4
INV000046,26-35,Female,T30,24.5,834098,7,119156.85714285714
INV000047,36-45,Male,B30,23.6,917232,5,183446.4
INV000048,36-45,Female,T30,15.0,208461,11,18951.0
INV000049,36-45,Male,B30,23.8,37744,3,12581.333333333334
INV000050,36-45,Male,T30,13.4,279000,3,93000.0
INV000051,36-45,Male,T30,21.0,1256292,6,209382.0
INV000052,26-35,Male,B30,19.1,1164105,10,116410.5
INV000053,36-45,Male,T30,52.3,9834,2,4917.0
INV000054,46-55,Female,T30,37.5,488684,7,69812.0
INV000055,26-35,Male,T30,13.5,1966742,12,163895.16666666666
INV000056,26-35,Female,B30,22.5,290649,8,36331.125
INV000057,36-45,Male,T30,59.9,826946,11,75176.90909090909
INV000058,26-35,Male,T30,19.9,537154,7,76736.28571428571
INV000059,18-25,Male,B30,5.2,1764,1,1764.0
INV000060,36-45,Male,T30,45.6,24574,2,12287.0
INV000061,26-35,Female,T30,23.3,607545,5,121509.0
INV000062,46-55,Male,B30,22.9,1245620,8,155702.5
INV000063,46-55,Male,B30,88.9,9210,3,3070.0
INV000064,18-25,Female,B30,3.5,473247,1,473247.0
INV000065,46-55,Female,T30,43.2,431252,6,71875.33333333333
INV000066,56+,Male,B30,64.2,1210286,7,172898.0
INV000067,36-45,Male,T30,19.7,538,1,538.0
INV000068,18-25,Female,T30,7.3,417438,1,417438.0
INV000069,56+,Female,T30,35.9,691513,12,57626.083333333336
INV000070,56+,Female,T30,20.1,218564,4,54641.0
INV000071,26-35,Female,B30,18.2,883938,7,126276.85714285714
INV000072,18-25,Female,T30,6.4,1360992,10,136099.2
INV000073,18-25,Male,B30,5.5,389007,10,38900.7
INV000074,26-35,Female,T30,8.4,966394,11,87854.0
INV000075,36-45,Male,B30,27.2,522440,7,74634.28571428571
INV000076,56+,Female,T30,67.1,779077,9,86564.11111111111
INV000077,36-45,Male,T30,23.0,687684,2,343842.0
INV000078,26-35,Male,B30,20.2,797804,4,199451.0
INV000079,26-35,Male,T30,17.0,582247,9,64694.11111111111
INV000080,26-35,Male,T30,12.4,424500,5,84900.0
INV000081,36-45,Male,T30,31.0,1246072,11,113279.27272727272
INV000082,26-35,Female,B30,19.6,467544,9,51949.333333333336
INV000083,56+,Female,B30,42.0,93284,2,46642.0
INV000084,26-35,Male,T30,11.2,790760,7,112965.71428571429
INV000085,26-35,Female,T30,14.6,1103908,8,137988.5
INV000086,18-25,Female,B30,4.1,924447,12,77037.25
INV000087,36-45,Male,T30,56.2,1535954,10,153595.4
INV000088,26-35,Male,T30,20.4,456686,4,114171.5
INV000089,26-35,Female,T30,11.2,1902611,11,172964.63636363635
INV000090,26-35,Female,B30,23.7,1238312,7,176901.7142857143
INV000091,26-35,Male,T30,14.6,983083,12,81923.58333333333
INV000092,18-25,Female,T30,3.7,532320,5,106464.0
INV000093,36-45,Female,T30,59.0,938401,10,93840.1
INV000094,18-25,Male,T30,3.7,1072694,11,97517.63636363637
INV000095,18-25,Male,T30,6.5,1454422,9,161602.44444444444
INV000096,26-35,Female,T30,13.9,17236,2,8618.0
INV000097,18-25,Male,B30,6.0,956579,11,86961.72727272728
INV000098,36-45,Male,T30,33.8,263030,7,37575.71428571428
INV000099,36-45,Male,T30,43.5,609026,8,76128.25
INV000100,56+,Male,B30,57.2,1666238,8,208279.75
INV000101,26-35,Male,T30,20.8,1074030,12,89502.5
INV000102,26-35,Male,T30,21.9,833234,11,75748.54545454546
INV000103,26-35,Female,T30,18.2,812455,8,101556.875
INV000104,26-35,Male,T30,8.1,1570044,12,130837.0
INV000105,56+,Male,T30,41.4,609014,10,60901.4
INV000106,18-25,Female,B30,5.1,438624,4,109656.0
INV000107,26-35,Male,T30,14.7,689715,5,137943.0
INV000108,36-45,Male,B30,26.2,1510587,9,167843.0
INV000109,26-35,Female,T30,15.0,370528,10,37052.8
INV000110,46-55,Female,B30,85.3,16633,3,5544.333333333333
INV000111,56+,Male,T30,42.5,71275,2,35637.5
INV000112,26-35,Male,T30,20.5,374488,4,93622.0
INV000113,26-35,Female,T30,7.3,572762,9,63640.22222222222
INV000114,36-45,Male,T30,59.6,933047,4,233261.75
INV000115,36-45,Male,B30,16.6,734219,6,122369.83333333333
INV000116,18-25,Male,T30,3.2,476636,5,95327.2
INV000117,26-35,Female,T30,15.6,1343830,8,167978.75
INV000118,26-35,Male,T30,20.2,64549,6,10758.166666666666
INV000119,26-35,Female,T30,16.8,34154,2,17077.0
INV000120,26-35,Male,T30,24.4,47430,4,11857.5
INV000121,18-25,Male,T30,7.8,723039,4,180759.75
INV000122,36-45,Male,B30,50.0,46110,1,46110.0
INV000123,46-55,Male,T30,73.3,429370,9,47707.77777777778
INV000124,36-45,Female,B30,46.2,620700,6,103450.0
INV000125,36-45,Male,B30,35.6,766736,7,109533.71428571429
INV000126,26-35,Male,T30,19.4,358987,3,119662.33333333333
INV000127,18-25,Male,T30,7.3,624406,3,208135.33333333334
INV000128,36-45,Female,T30,50.9,833586,10,83358.6
INV000129,26-35,Female,B30,21.4,1611261,11,146478.27272727274
INV000130,56+,Female,T30,69.4,2281059,10,228105.9
INV000131,36-45,Female,T30,16.8,1926246,12,160520.5
INV000132,46-55,Female,T30,37.1,1102531,9,122503.44444444444
INV000133,26-35,Female,T30,11.5,470935,7,67276.42857142857
INV000134,36-45,Female,T30,50.2,14726,3,4908.666666666667
INV000135,18-25,Male,B30,5.7,65453,4,16363.25
INV000136,18-25,Male,T30,3.7,820,1,820.0
INV000137,26-35,Female,T30,12.0,1432382,9,159153.55555555556
INV000138,26-35,Male,T30,24.7,2106027,12,175502.25
INV000139,18-25,Female,T30,7.6,6583,1,6583.0
INV000140,56+,Male,B30,74.0,762552,4,190638.0
INV000141,26-35,Male,T30,22.1,8219,1,8219.0
INV000142,26-35,Male,T30,13.2,145769,1,145769.0
INV000143,26-35,Male,T30,23.8,597772,7,85396.0
INV000144,26-35,Male,T30,19.1,614283,6,102380.5
INV000145,26-35,Male,T30,9.3,788760,9,87640.0
INV000146,26-35,Male,T30,14.1,378075,8,47259.375
INV000147,26-35,Male,T30,15.7,577043,7,82434.71428571429
INV000148,18-25,Female,T30,3.5,323740,10,32374.0
INV000149,26-35,Male,T30,17.9,445493,1,445493.0
INV000150,18-25,Male,B30,3.5,675917,9,75101.88888888889
INV000151,18-25,Male,T30,5.1,999068,6,166511.33333333334
INV000152,56+,Female,B30,58.1,360590,2,180295.0
INV000153,26-35,Male,B30,14.1,1274163,10,127416.3
INV000154,36-45,Male,B30,51.3,1207941,9,134215.66666666666
INV000155,26-35,Female,B30,17.4,288188,8,36023.5
INV000156,46-55,Male,T30,29.1,611092,7,87298.85714285714
INV000157,18-25,Male,T30,4.8,132893,1,132893.0
INV000158,36-45,Male,B30,26.1,1335840,8,166980.0
INV000159,36-45,Male,T30,12.1,38250,3,12750.0
INV000160,36-45,Female,T30,26.8,684118,5,136823.6
INV000161,18-25,Female,T30,6.8,908572,9,100952.44444444444
INV000162,26-35,Female,T30,25.0,18379,2,9189.5
INV000163,46-55,Male,B30,70.4,820316,10,82031.6
INV000164,18-25,Male,B30,6.0,25253,6,4208.833333333333
INV000165,36-45,Female,T30,18.8,1305699,9,145077.66666666666
INV000166,26-35,Male,T30,24.4,724893,7,103556.14285714286
INV000167,56+,Male,T30,55.3,832173,9,92463.66666666667
INV000168,26-35,Male,T30,9.7,253235,3,84411.66666666667
INV000169,26-35,Male,T30,6.9,955776,12,79648.0
INV000170,36-45,Female,T30,12.4,191963,3,63987.666666666664
INV000171,18-25,Female,T30,6.2,498641,4,124660.25
INV000172,36-45,Male,T30,53.2,264205,5,52841.0
INV000173,26-35,Male,T30,7.6,1193694,11,108517.63636363637
INV000174,36-45,Male,T30,58.1,1006601,8,125825.125
INV000175,26-35,Male,T30,17.3,552311,12,46025.916666666664
INV000176,26-35,Male,T30,13.4,213899,5,42779.8
INV000177,26-35,Male,T30,17.6,1297837,11,117985.18181818182
INV000178,56+,Female,T30,43.0,8750,2,4375.0
INV000179,26-35,Male,B30,10.0,264872,6,44145.333333333336
INV000180,46-55,Female,B30,24.7,518114,8,64764.25
INV000181,36-45,Male,T30,36.2,1237265,10,123726.5
INV000182,36-45,Male,T30,38.1,686041,10,68604.1
INV000183,26-35,Male,B30,9.8,779515,12,64959.583333333336
INV000184,36-45,Male,T30,53.1,6111,1,6111.0
INV000185,46-55,Male,T30,50.3,14773,2,7386.5
INV000186,18-25,Male,T30,3.1,717823,2,358911.5
INV000187,56+,Male,T30,13.4,185221,1,185221.0
INV000188,46-55,Male,B30,79.0,511402,2,255701.0
INV000189,36-45,Male,T30,47.3,430516,6,71752.66666666667
INV000190,26-35,Female,T30,8.2,919360,8,114920.0
INV000191,26-35,Male,T30,23.1,873257,11,79387.0
INV000192,26-35,Male,B30,24.4,702787,8,87848.375
INV000193,26-35,Female,T30,11.6,1152639,9,128071.0
INV000194,36-45,Male,T30,21.6,1383163,12,115263.58333333333
INV000195,36-45,Female,B30,56.5,651434,10,65143.4
INV000196,26-35,Male,T30,17.9,450427,9,50047.444444444445
INV000197,18-25,Male,T30,6.9,673748,4,168437.0
INV000198,46-55,Male,T30,21.5,462,1,462.0
INV000199,36-45,Female,T30,15.7,737787,7,105398.14285714286
INV000200,18-25,Male,B30,4.0,1174752,7,167821.7142857143
INV000201,46-55,Male,T30,87.0,257189,10,25718.9
INV000202,18-25,Male,T30,4.1,423540,3,141180.0
INV000203,26-35,Male,B30,16.0,1119242,9,124360.22222222222
INV000204,36-45,Male,T30,17.7,1192888,7,170412.57142857142
INV000205,18-25,Male,B30,4.4,763652,10,76365.2
INV000206,26-35,Male,B30,9.8,616094,3,205364.66666666666
INV000207,26-35,Female,T30,18.0,66956,5,13391.2
INV000208,36-45,Male,T30,28.3,2572,1,2572.0
INV000209,18-25,Female,B30,5.7,58689,2,29344.5
INV000210,26-35,Male,T30,9.1,515430,9,57270.0
INV000211,26-35,Male,T30,17.0,808138,9,89793.11111111111
INV000212,36-45,Male,B30,54.3,365168,2,182584.0
INV000213,26-35,Male,T30,19.6,447781,6,74630.16666666667
INV000214,26-35,Female,T30,20.7,1345476,10,134547.6
INV000215,26-35,Female,B30,18.3,715932,9,79548.0
INV000216,26-35,Male,B30,21.9,201946,6,33657.666666666664
INV000217,56+,Male,T30,50.1,1591554,11,144686.72727272726
INV000218,36-45,Male,B30,18.8,8003,1,8003.0
INV000219,26-35,Male,T30,22.3,606953,5,121390.6
INV000220,36-45,Male,T30,48.1,214477,6,35746.166666666664
INV000221,36-45,Female,B30,46.2,690183,8,86272.875
INV000222,36-45,Male,T30,46.7,591433,6,98572.16666666667
INV000223,26-35,Male,T30,6.3,1429882,11,129989.27272727272
INV000224,26-35,Male,T30,23.6,461098,7,65871.14285714286
INV000225,56+,Male,T30,44.0,1295037,8,161879.625
INV000226,36-45,Female,T30,39.3,770094,8,96261.75
INV000227,36-45,Male,T30,29.1,742149,5,148429.8
INV000228,26-35,Male,T30,7.2,1139471,12,94955.91666666667
INV000229,26-35,Male,B30,11.0,351011,7,50144.42857142857
INV000230,18-25,Male,B30,3.3,871715,10,87171.5
INV000231,26-35,Female,B30,22.9,1384176,11,125834.18181818182
INV000232,26-35,Male,B30,15.7,281312,2,140656.0
INV000233,46-55,Male,T30,16.3,332214,2,166107.0
INV000234,26-35,Male,B30,23.8,1023999,7,146285.57142857142
INV000235,26-35,Male,T30,8.5,1555926,10,155592.6
INV000236,36-45,Male,T30,26.2,112217,8,14027.125
INV000237,36-45,Male,T30,43.0,383052,3,127684.0
INV000238,36-45,Male,T30,26.3,1046071,10,104607.1
INV000239,36-45,Female,B30,13.2,933691,11,84881.0
INV000240,26-35,Female,T30,6.8,122545,2,61272.5
INV000241,26-35,Female,T30,16.5,1587726,10,158772.6
INV000242,36-45,Male,B30,40.2,1205258,10,120525.8
INV000243,26-35,Male,T30,21.5,597733,8,74716.625
INV000244,26-35,Male,T30,24.9,1636852,9,181872.44444444444
INV000245,26-35,Male,B30,6.2,1278858,11,116259.81818181818
INV000246,26-35,Male,T30,19.7,54530,4,13632.5
INV000247,18-25,Male,T30,7.1,164460,1,164460.0
INV000248,36-45,Female,T30,28.6,485895,4,121473.75
INV000249,26-35,Male,B30,13.4,694554,8,86819.25
INV000250,46-55,Male,T30,41.6,107697,1,107697.0
INV000251,26-35,Male,B30,19.4,1185941,6,197656.83333333334
INV000252,46-55,Female,T30,24.4,1629324,10,162932.4
INV000253,26-35,Female,T30,7.2,406328,2,203164.0
INV000254,18-25,Female,T30,3.7,51387,2,25693.5
INV000255,26-35,Female,T30,19.9,563828,8,70478.5
INV000256,36-45,Male,T30,14.0,1910266,12,159188.83333333334
INV000257,36-45,Male,T30,27.9,1025371,8,128171.375
INV000258,26-35,Male,T30,11.6,11103,1,11103.0
INV000259,36-45,Male,B30,17.2,759815,9,84423.88888888889
INV000260,18-25,Male,T30,4.1,922766,12,76897.16666666667
INV000261,18-25,Male,T30,3.5,1663672,10,166367.2
INV000262,36-45,Male,T30,47.6,886465,12,73872.08333333333
INV000263,56+,Male,B30,21.8,361956,9,40217.333333333336
INV000264,36-45,Female,T30,30.6,64609,3,21536.333333333332
INV000265,36-45,Male,B30,14.1,482980,12,40248.333333333336
INV000266,56+,Male,T30,67.6,822551,7,117507.28571428571
INV000267,26-35,Male,T30,17.7,2202108,12,183509.0
INV000268,18-25,Female,T30,4.7,1146388,11,104217.09090909091
INV000269,46-55,Male,B30,47.3,326686,4,81671.5
INV000270,18-25,Male,T30,7.6,951377,6,158562.83333333334
INV000271,26-35,Female,B30,6.4,835693,6,139282.16666666666
INV000272,46-55,Male,B30,24.8,70152,4,17538.0
INV000273,46-55,Male,T30,93.4,11637,1,11637.0
INV000274,26-35,Male,B30,23.7,323960,6,53993.333333333336
INV000275,26-35,Male,B30,10.2,404646,4,101161.5
INV000276,36-45,Female,T30,38.3,464251,6,77375.16666666667
INV000277,46-55,Male,B30,28.1,4236,1,4236.0
INV000278,26-35,Male,T30,22.1,1422228,8,177778.5
INV000279,26-35,Male,T30,12.4,840511,12,70042.58333333333
INV000280,26-35,Female,B30,22.9,822770,12,68564.16666666667
INV000281,26-35,Male,T30,20.5,538049,4,134512.25
INV000282,36-45,Female,B30,55.7,664580,4,166145.0
INV000283,46-55,Male,T30,18.1,1591615,11,144692.27272727274
INV000284,26-35,Male,B30,7.0,775076,7,110725.14285714286
INV000285,18-25,Female,T30,3.6,681359,5,136271.8
INV000286,26-35,Female,T30,9.8,467468,7,66781.14285714286
INV000287,56+,Female,B30,15.9,461954,9,51328.22222222222
INV000288,26-35,Male,T30,10.1,1650419,9,183379.88888888888
INV000289,36-45,Male,T30,54.2,1389256,12,115771.33333333333
INV000290,26-35,Male,T30,17.9,704907,4,176226.75
INV000291,18-25,Female,T30,6.2,873779,9,97086.55555555556
INV000292,18-25,Male,T30,3.3,1291756,11,117432.36363636363
INV000293,26-35,Female,B30,19.3,1168787,12,97398.91666666667
INV000294,36-45,Female,B30,30.8,645749,7,92249.85714285714
INV000295,56+,Male,T30,76.0,195552,3,65184.0
INV000296,26-35,Male,T30,16.7,1706946,8,213368.25
INV000297,26-35,Male,T30,13.0,928050,9,103116.66666666667
INV000298,18-25,Male,B30,6.3,74176,6,12362.666666666666
INV000299,26-35,Male,T30,24.4,1337619,11,121601.72727272728
INV000300,18-25,Male,B30,3.8,14575,3,4858.333333333333
INV000301,56+,Male,T30,14.8,523438,7,74776.85714285714
INV000302,36-45,Male,T30,31.3,309373,2,154686.5
INV000303,18-25,Female,T30,5.0,670626,6,111771.0
INV000304,36-45,Male,T30,25.6,1265097,10,126509.7
INV000305,36-45,Male,B30,21.4,765008,9,85000.88888888889
INV000306,26-35,Female,T30,19.4,11664,3,3888.0
INV000307,18-25,Male,T30,7.8,1411626,7,201660.85714285713
INV000308,36-45,Male,T30,52.4,540841,7,77263.0
INV000309,26-35,Male,T30,18.1,1259367,12,104947.25
INV000310,36-45,Male,T30,58.4,1787399,12,148949.91666666666
INV000311,36-45,Male,B30,29.2,142879,4,35719.75
INV000312,18-25,Male,T30,7.1,1201938,8,150242.25
INV000313,18-25,Female,T30,3.1,655226,5,131045.2
INV000314,26-35,Male,T30,20.5,971772,9,107974.66666666667
INV000315,18-25,Male,T30,3.2,255784,5,51156.8
INV000316,46-55,Female,T30,39.5,118055,6,19675.833333333332
INV000317,36-45,Male,T30,50.2,392240,5,78448.0
INV000318,46-55,Female,B30,47.5,466640,8,58330.0
INV000319,56+,Male,T30,74.8,825578,9,91730.88888888889
INV000320,26-35,Male,B30,19.7,1910965,12,159247.08333333334
INV000321,26-35,Male,T30,24.2,1267701,12,105641.75
INV000322,18-25,Male,T30,5.9,431850,4,107962.5
INV000323,26-35,Female,T30,23.0,1068233,6,178038.83333333334
INV000324,26-35,Male,T30,8.0,356264,3,118754.66666666667
INV000325,26-35,Male,B30,20.9,44535,3,14845.0
INV000326,26-35,Female,B30,11.0,735272,6,122545.33333333333
INV000327,26-35,Male,B30,9.2,478040,4,119510.0
INV000328,26-35,Male,B30,19.6,541051,12,45087.583333333336
INV000329,18-25,Male,T30,6.5,5399,4,1349.75
INV000330,26-35,Female,B30,11.9,1544463,9,171607.0
INV000331,36-45,Male,T30,15.5,773534,11,70321.27272727272
INV000332,36-45,Female,T30,12.9,591213,6,98535.5
INV000333,26-35,Male,B30,14.8,694900,6,115816.66666666667
INV000334,56+,Male,T30,22.6,1770884,12,147573.66666666666
INV000335,26-35,Male,T30,11.6,1467810,11,133437.27272727274
INV000336,26-35,Male,T30,17.7,3390,2,1695.0
INV000337,56+,Female,B30,73.4,458922,7,65560.28571428571
INV000338,46-55,Female,T30,20.9,415921,4,103980.25
INV000339,26-35,Male,B30,22.3,1005552,10,100555.2
INV000340,26-35,Female,T30,21.4,347164,6,57860.666666666664
INV000341,26-35,Male,T30,19.6,475696,11,43245.09090909091
INV000342,36-45,Male,T30,49.6,7174,1,7174.0
INV000343,36-45,Male,T30,28.5,720449,4,180112.25
INV000344,36-45,Male,B30,56.7,1429887,10,142988.7
INV000345,56+,Male,B30,75.5,4370,1,4370.0
INV000346,26-35,Male,B30,22.0,1172985,6,195497.5
INV000347,18-25,Male,T30,7.7,133664,2,66832.0
INV000348,46-55,Female,B30,94.4,305135,4,76283.75
INV000349,18-25,Female,T30,3.8,1551948,11,141086.18181818182
INV000350,46-55,Male,T30,32.0,16928,2,8464.0
INV000351,56+,Female,T30,62.9,630255,8,78781.875
INV000352,46-55,Male,T30,21.1,247916,6,41319.333333333336
INV000353,26-35,Female,T30,24.6,500797,3,166932.33333333334
INV000354,26-35,Male,T30,21.2,974461,7,139208.7142857143
INV000355,26-35,Male,T30,16.7,55250,1,55250.0
INV000356,56+,Male,B30,71.7,770550,8,96318.75
INV000357,26-35,Male,B30,24.5,379725,5,75945.0
INV000358,26-35,Male,B30,7.2,333640,2,166820.0
INV000359,18-25,Male,T30,3.1,147644,10,14764.4
INV000360,36-45,Female,T30,55.3,1465276,9,162808.44444444444
INV000361,46-55,Male,T30,27.1,1297014,6,216169.0
INV000362,26-35,Male,T30,10.9,501758,2,250879.0
INV000363,26-35,Male,B30,22.6,355671,8,44458.875
INV000364,26-35,Male,T30,9.1,443905,4,110976.25
INV000365,46-55,Male,T30,67.2,44320,1,44320.0
INV000366,36-45,Male,T30,55.4,688501,8,86062.625
INV000367,36-45,Male,T30,38.5,143245,5,28649.0
INV000368,26-35,Male,B30,16.2,357375,2,178687.5
INV000369,26-35,Male,T30,20.7,427741,8,53467.625
INV000370,26-35,Female,T30,12.4,554406,6,92401.0
INV000371,26-35,Male,B30,14.6,540463,11,49133.0
INV000372,36-45,Male,T30,12.4,728695,10,72869.5
INV000373,26-35,Male,T30,8.0,318848,3,106282.66666666667
INV000374,18-25,Female,T30,4.1,1367561,8,170945.125
INV000375,36-45,Male,T30,18.1,268483,1,268483.0
INV000376,18-25,Male,T30,3.0,526293,3,175431.0
INV000377,26-35,Male,T30,19.8,1199665,8,149958.125
INV000378,26-35,Male,B30,8.7,867796,6,144632.66666666666
INV000379,46-55,Male,T30,52.0,405119,4,101279.75
INV000380,56+,Male,T30,24.2,263416,7,37630.857142857145
INV000381,36-45,Female,T30,41.2,169253,2,84626.5
INV000382,26-35,Male,T30,20.5,240733,2,120366.5
INV000383,26-35,Female,T30,23.4,1064317,10,106431.7
INV000384,18-25,Female,B30,6.5,642851,7,91835.85714285714
INV000385,18-25,Female,B30,7.5,211287,5,42257.4
INV000386,36-45,Male,B30,14.2,57205,1,57205.0
INV000387,36-45,Male,T30,53.8,1638380,9,182042.22222222222
INV000388,36-45,Male,B30,33.6,499712,10,49971.2
INV000389,46-55,Male,T30,50.2,140056,6,23342.666666666668
INV000390,26-35,Male,T30,24.9,1090714,8,136339.25
INV000391,18-25,Male,T30,6.3,868,1,868.0
INV000392,26-35,Female,T30,16.6,1364227,12,113685.58333333333
INV000393,36-45,Male,T30,53.1,1630709,7,232958.42857142858
INV000394,26-35,Male,T30,12.2,1528067,11,138915.18181818182
INV000395,18-25,Male,T30,3.4,353000,9,39222.22222222222
INV000396,46-55,Male,T30,38.5,1713946,12,142828.83333333334
INV000397,36-45,Female,T30,25.4,704094,6,117349.0
INV000398,46-55,Male,T30,28.2,368513,2,184256.5
INV000399,26-35,Male,T30,14.3,273222,11,24838.363636363636
INV000400,26-35,Male,T30,22.1,1124301,10,112430.1
INV000401,26-35,Male,B30,20.5,50948,4,12737.0
INV000402,18-25,Male,T30,4.8,929661,7,132808.7142857143
INV000403,18-25,Female,T30,7.7,1849245,11,168113.18181818182
INV000404,36-45,Female,T30,35.5,61736,2,30868.0
INV000405,56+,Female,B30,8.6,246813,3,82271.0
INV000406,26-35,Male,T30,20.8,165780,2,82890.0
INV000407,36-45,Male,B30,32.8,444857,8,55607.125
INV000408,56+,Male,B30,62.3,166194,7,23742.0
INV000409,26-35,Male,T30,10.7,201679,4,50419.75
INV000410,18-25,Female,T30,5.3,1084023,8,135502.875
INV000411,26-35,Female,T30,11.1,359572,6,59928.666666666664
INV000412,18-25,Male,B30,7.4,192321,9,21369.0
INV000413,36-45,Female,T30,49.8,688437,10,68843.7
INV000414,36-45,Male,T30,21.9,872507,11,79318.81818181818
INV000415,36-45,Female,T30,20.3,270002,10,27000.2
INV000416,26-35,Male,B30,6.8,4016,2,2008.0
INV000417,26-35,Female,T30,13.5,716138,7,102305.42857142857
INV000418,26-35,Female,T30,13.6,1045868,9,116207.55555555556
INV000419,56+,Female,T30,27.6,330546,5,66109.2
INV000420,26-35,Male,T30,11.7,15774,1,15774.0
INV000421,36-45,Male,T30,31.9,1113182,7,159026.0
INV000422,46-55,Male,B30,94.1,4429,1,4429.0
INV000423,26-35,Female,T30,6.2,15602,3,5200.666666666667
INV000424,36-45,Male,B30,49.4,453564,2,226782.0
INV000425,56+,Male,T30,77.2,1344456,7,192065.14285714287
INV000426,18-25,Male,T30,3.6,365216,3,121738.66666666667
INV000427,56+,Female,B30,18.6,1139710,11,103610.0
INV000428,36-45,Male,T30,27.2,984414,11,89492.18181818182
INV000429,36-45,Female,T30,41.7,663655,8,82956.875
INV000430,18-25,Male,B30,3.3,587853,6,97975.5
INV000431,18-25,Female,B30,4.6,1046507,8,130813.375
INV000432,18-25,Female,T30,6.7,908220,7,129745.71428571429
INV000433,36-45,Male,B30,56.4,31556,5,6311.2
INV000434,46-55,Male,T30,28.1,2353,1,2353.0
INV000435,56+,Male,B30,57.0,59022,1,59022.0
INV000436,26-35,Male,T30,14.4,289593,6,48265.5
INV000437,26-35,Female,T30,6.1,839479,9,93275.44444444444
INV000438,26-35,Male,T30,11.6,160823,4,40205.75
INV000439,56+,Male,B30,23.4,1803813,12,150317.75
INV000440,18-25,Male,B30,6.7,999123,12,83260.25
INV000441,26-35,Female,T30,8.3,591940,8,73992.5
INV000442,26-35,Male,T30,16.2,309021,4,77255.25
INV000443,26-35,Male,T30,18.7,392758,5,78551.6
INV000444,36-45,Female,T30,42.1,925543,11,84140.27272727272
INV000445,26-35,Female,B30,24.7,90603,11,8236.636363636364
INV000446,26-35,Female,T30,23.8,1160735,10,116073.5
INV000447,36-45,Female,T30,37.2,348979,1,348979.0
INV000448,18-25,Male,T30,3.4,1111616,5,222323.2
INV000449,18-25,Male,B30,6.8,557811,8,69726.375
INV000450,26-35,Female,T30,18.4,433111,2,216555.5
INV000451,46-55,Male,T30,23.4,645705,2,322852.5
INV000452,26-35,Male,B30,18.1,511792,12,42649.333333333336
INV000453,46-55,Male,B30,40.4,777404,8,97175.5
INV000454,18-25,Female,T30,6.6,405276,6,67546.0
INV000455,18-25,Male,T30,3.2,565404,3,188468.0
INV000456,26-35,Male,B30,17.2,113067,6,18844.5
INV000457,26-35,Female,B30,22.3,1265388,12,105449.0
INV000458,56+,Male,B30,18.9,1520950,12,126745.83333333333
INV000459,26-35,Female,T30,21.5,387405,5,77481.0
INV000460,36-45,Male,T30,47.1,2003584,12,166965.33333333334
INV000461,36-45,Male,T30,26.9,98422,3,32807.333333333336
INV000462,56+,Female,T30,42.3,53418,2,26709.0
INV000463,26-35,Male,T30,8.9,843755,10,84375.5
INV000464,46-55,Male,B30,70.6,9163,1,9163.0
INV000465,26-35,Male,B30,20.8,537322,5,107464.4
INV000466,18-25,Male,B30,4.4,691867,10,69186.7
INV000467,18-25,Female,T30,7.1,65408,10,6540.8
INV000468,36-45,Male,B30,23.5,3014,1,3014.0
INV000469,18-25,Male,B30,4.7,1178685,12,98223.75
INV000470,26-35,Male,B30,17.8,565741,4,141435.25
INV000471,18-25,Male,T30,4.2,840782,5,168156.4
INV000472,46-55,Male,T30,70.1,354383,3,118127.66666666667
INV000473,36-45,Male,B30,15.4,1506280,8,188285.0
INV000474,46-55,Male,B30,83.3,25773,5,5154.6
INV000475,56+,Female,T30,49.7,366110,3,122036.66666666667
INV000476,46-55,Female,T30,21.2,381910,4,95477.5
INV000477,18-25,Female,T30,5.3,2846388,10,284638.8
INV000478,36-45,Female,T30,16.5,385016,3,128338.66666666667
INV000479,18-25,Male,T30,4.2,58383,2,29191.5
INV000480,18-25,Male,T30,6.2,966963,9,107440.33333333333
INV000481,26-35,Female,B30,13.4,2336031,10,233603.1
INV000482,26-35,Male,T30,7.6,1669754,10,166975.4
INV000483,18-25,Male,T30,7.7,948622,11,86238.36363636363
INV000484,26-35,Male,B30,21.7,44058,1,44058.0
INV000485,26-35,Male,T30,19.5,542383,6,90397.16666666667
INV000486,26-35,Female,T30,12.6,1009808,3,336602.6666666667
INV000487,36-45,Male,T30,41.7,872294,7,124613.42857142857
INV000488,56+,Male,B30,31.4,1172431,7,167490.14285714287
INV000489,18-25,Male,B30,7.4,308094,5,61618.8
INV000490,26-35,Male,T30,10.0,416665,3,138888.33333333334
INV000491,56+,Male,T30,58.2,2117561,12,176463.41666666666
INV000492,36-45,Male,T30,12.4,1258481,7,179783.0
INV000493,18-25,Male,T30,4.2,485825,12,40485.416666666664
INV000494,56+,Male,B30,30.4,1163559,7,166222.7142857143
INV000495,26-35,Female,T30,7.6,1799071,12,149922.58333333334
INV000496,36-45,Male,T30,14.3,736381,7,105197.28571428571
INV000497,36-45,Male,B30,45.7,881675,10,88167.5
INV000498,26-35,Female,T30,22.1,896818,4,224204.5
INV000499,36-45,Female,T30,59.5,715152,9,79461.33333333333
INV000500,26-35,Female,T30,19.9,1216892,8,152111.5
INV000501,18-25,Male,T30,4.0,30878,3,10292.666666666666
INV000502,36-45,Female,T30,40.9,5007,1,5007.0
INV000503,26-35,Female,B30,22.2,702198,4,175549.5
INV000504,26-35,Male,B30,17.4,2723,1,2723.0
INV000505,36-45,Male,T30,40.9,464433,6,77405.5
INV000506,36-45,Female,T30,43.0,30433,3,10144.333333333334
INV000507,36-45,Male,T30,44.1,653580,9,72620.0
INV000508,36-45,Female,T30,12.8,440952,2,220476.0
INV000509,56+,Male,B30,26.5,479989,5,95997.8
INV000510,46-55,Male,T30,55.0,534447,4,133611.75
INV000511,46-55,Male,T30,88.7,969412,8,121176.5
INV000512,46-55,Male,B30,82.6,348138,12,29011.5
INV000513,26-35,Male,T30,12.8,9171,2,4585.5
INV000514,36-45,Male,T30,43.2,1252941,8,156617.625
INV000515,18-25,Male,T30,5.1,713355,3,237785.0
INV000516,36-45,Male,T30,27.3,145169,2,72584.5
INV000517,36-45,Female,B30,31.8,513148,5,102629.6
INV000518,26-35,Male,B30,11.9,122149,2,61074.5
INV000519,26-35,Female,B30,6.3,725481,6,120913.5
INV000520,46-55,Female,T30,59.4,496222,6,82703.66666666667
INV000521,26-35,Male,T30,9.7,1888125,9,209791.66666666666
INV000522,26-35,Female,T30,10.8,2234009,12,186167.41666666666
INV000523,36-45,Male,T30,13.1,754087,10,75408.7
INV000524,56+,Male,T30,37.4,1064264,10,106426.4
INV000525,56+,Female,T30,12.6,626819,8,78352.375
INV000526,26-35,Female,B30,16.5,2080600,10,208060.0
INV000527,26-35,Male,T30,12.1,1270840,11,115530.90909090909
INV000528,56+,Male,T30,58.0,5187,1,5187.0
INV000529,18-25,Male,T30,4.7,1420509,11,129137.18181818182
INV000530,18-25,Male,T30,5.3,139391,5,27878.2
INV000531,56+,Male,T30,64.9,1450980,11,131907.27272727274
INV000532,26-35,Male,B30,9.0,1049970,11,95451.81818181818
INV000533,56+,Male,T30,25.1,711728,8,88966.0
INV000534,36-45,Male,B30,16.8,446411,2,223205.5
INV000535,36-45,Male,B30,18.7,387497,6,64582.833333333336
INV000536,36-45,Female,T30,29.6,684305,4,171076.25
INV000537,36-45,Female,T30,42.3,672114,5,134422.8
INV000538,36-45,Male,T30,26.5,427250,5,85450.0
INV000539,26-35,Female,B30,13.4,1043852,9,115983.55555555556
INV000540,26-35,Female,B30,10.4,1749251,11,159022.81818181818
INV000541,46-55,Female,T30,22.9,23749,2,11874.5
INV000542,36-45,Male,B30,20.3,303276,5,60655.2
INV000543,36-45,Male,T30,45.4,339697,8,42462.125
INV000544,18-25,Male,B30,3.6,1289803,8,161225.375
INV000545,26-35,Male,T30,23.6,1083866,10,108386.6
INV000546,26-35,Male,B30,9.5,641715,12,53476.25
INV000547,26-35,Male,T30,16.6,1105411,12,92117.58333333333
INV000548,36-45,Male,B30,53.2,1232866,8,154108.25
INV000549,46-55,Female,B30,59.6,1355332,10,135533.2
INV000550,26-35,Male,B30,6.7,150262,5,30052.4
INV000551,26-35,Female,B30,13.2,201177,4,50294.25
INV000552,36-45,Female,T30,35.8,804339,10,80433.9
INV000553,36-45,Male,T30,50.4,402393,7,57484.71428571428
INV000554,36-45,Male,T30,12.3,1471290,10,147129.0
INV000555,26-35,Female,B30,24.6,292884,3,97628.0
INV000556,18-25,Male,B30,7.2,1204314,11,109483.09090909091
INV000557,26-35,Male,T30,10.3,389126,6,64854.333333333336
INV000558,56+,Female,T30,22.1,1201905,8,150238.125
INV000559,26-35,Male,T30,6.1,681567,5,136313.4
INV000560,18-25,Male,T30,3.4,433008,5,86601.6
INV000561,36-45,Male,T30,37.3,6189,1,6189.0
INV000562,36-45,Male,T30,32.9,196097,7,28013.85714285714
INV000563,26-35,Male,T30,15.5,902361,12,75196.75
INV000564,56+,Female,B30,58.4,386126,4,96531.5
INV000565,26-35,Male,B30,18.8,375314,3,125104.66666666667
INV000566,36-45,Male,B30,18.2,1199129,12,99927.41666666667
INV000567,26-35,Male,T30,9.1,2013020,12,167751.66666666666
INV000568,36-45,Male,T30,48.4,778052,9,86450.22222222222
INV000569,26-35,Male,T30,8.0,2074454,12,172871.16666666666
INV000570,26-35,Male,B30,16.2,799962,11,72723.81818181818
INV000571,18-25,Male,B30,6.7,2325,1,2325.0
INV000572,36-45,Female,T30,28.9,540076,5,108015.2
INV000573,56+,Female,B30,38.5,1579877,12,131656.41666666666
INV000574,46-55,Female,T30,37.0,184546,3,61515.333333333336
INV000575,26-35,Female,B30,16.4,774094,8,96761.75
INV000576,46-55,Male,T30,79.7,776886,9,86320.66666666667
INV000577,36-45,Male,T30,20.4,1511226,11,137384.18181818182
INV000578,26-35,Male,B30,10.9,1112496,12,92708.0
INV000579,46-55,Male,T30,67.8,7859,1,7859.0
INV000580,56+,Male,B30,31.8,1672022,9,185780.22222222222
INV000581,36-45,Male,B30,26.4,934189,12,77849.08333333333
INV000582,56+,Male,T30,45.7,565701,1,565701.0
INV000583,26-35,Male,B30,8.7,1126230,9,125136.66666666667
INV000584,46-55,Female,B30,20.9,781613,8,97701.625
INV000585,46-55,Female,T30,47.0,637360,9,70817.77777777778
INV000586,36-45,Male,T30,43.8,1060394,12,88366.16666666667
INV000587,26-35,Male,T30,15.5,1466513,12,122209.41666666667
INV000588,36-45,Female,T30,28.6,98925,2,49462.5
INV000589,18-25,Female,B30,6.3,1053395,11,95763.18181818182
INV000590,36-45,Male,T30,23.3,114679,4,28669.75
INV000591,18-25,Male,T30,4.1,406779,8,50847.375
INV000592,26-35,Male,T30,21.2,410122,5,82024.4
INV000593,56+,Male,T30,50.2,1361359,11,123759.90909090909
INV000594,18-25,Male,T30,6.6,1095,1,1095.0
INV000595,18-25,Male,T30,7.6,1591240,10,159124.0
INV000596,56+,Male,T30,21.3,616551,12,51379.25
INV000597,46-55,Male,T30,48.6,542590,8,67823.75
INV000598,26-35,Male,T30,16.6,563446,6,93907.66666666667
INV000599,36-45,Male,T30,24.0,759386,10,75938.6
INV000600,26-35,Male,T30,17.3,758701,6,126450.16666666667
INV000601,46-55,Male,T30,52.6,1260961,10,126096.1
INV000602,18-25,Male,T30,8.0,1004715,10,100471.5
INV000603,26-35,Male,T30,17.3,11214,4,2803.5
INV000604,26-35,Male,T30,9.5,2567253,10,256725.3
INV000605,36-45,Male,B30,35.6,518544,2,259272.0
INV000606,18-25,Male,B30,7.8,2504294,12,208691.16666666666
INV000607,56+,Male,T30,33.9,1158929,10,115892.9
INV000608,46-55,Male,T30,83.5,278741,7,39820.142857142855
INV000609,18-25,Male,B30,3.9,1505477,12,125456.41666666667
INV000610,26-35,Male,T30,11.9,307478,1,307478.0
INV000611,26-35,Male,B30,11.4,99839,6,16639.833333333332
INV000612,18-25,Male,B30,6.3,564172,12,47014.333333333336
INV000613,26-35,Male,T30,11.5,709973,4,177493.25
INV000614,26-35,Male,B30,6.1,1160425,7,165775.0
INV000615,36-45,Male,B30,60.0,710619,9,78957.66666666667
INV000616,36-45,Male,B30,50.4,1066183,9,118464.77777777778
INV000617,26-35,Female,T30,11.8,324537,3,108179.0
INV000618,26-35,Male,T30,17.8,6996,2,3498.0
INV000619,26-35,Male,T30,12.6,1266245,9,140693.88888888888
INV000620,26-35,Male,T30,16.1,7741,1,7741.0
INV000621,56+,Female,B30,45.8,2078077,10,207807.7
INV000622,26-35,Male,B30,18.0,21061,5,4212.2
INV000623,46-55,Male,T30,48.9,1311642,10,131164.2
INV000624,56+,Male,T30,79.6,169911,9,18879.0
INV000625,46-55,Female,T30,19.7,1331498,12,110958.16666666667
INV000626,26-35,Female,T30,12.3,884040,6,147340.0
INV000627,36-45,Female,T30,49.8,315662,3,105220.66666666667
INV000628,56+,Male,T30,57.9,59172,2,29586.0
INV000629,46-55,Male,T30,96.4,486977,6,81162.83333333333
INV000630,26-35,Male,B30,18.9,768298,9,85366.44444444444
INV000631,36-45,Female,T30,48.6,874172,9,97130.22222222222
INV000632,36-45,Male,T30,49.1,601820,4,150455.0
INV000633,46-55,Male,T30,69.2,134790,6,22465.0
INV000634,26-35,Female,T30,22.7,778120,11,70738.18181818182
INV000635,18-25,Female,T30,4.2,492099,8,61512.375
INV000636,46-55,Male,T30,79.6,439817,6,73302.83333333333
INV000637,26-35,Male,T30,13.9,929096,6,154849.33333333334
INV000638,26-35,Male,B30,12.7,1114765,8,139345.625
INV000639,18-25,Female,B30,3.6,2162795,11,196617.72727272726
INV000640,18-25,Male,T30,5.3,8756,1,8756.0
INV000641,26-35,Male,B30,14.5,559752,8,69969.0
INV000642,26-35,Male,T30,15.6,919646,11,83604.18181818182
INV000643,26-35,Female,B30,23.5,886592,7,126656.0
INV000644,26-35,Male,T30,9.1,530205,6,88367.5
INV000645,18-25,Male,T30,3.9,1414660,12,117888.33333333333
INV000646,26-35,Female,T30,23.9,1713396,12,142783.0
INV000647,46-55,Male,T30,46.5,1050135,4,262533.75
INV000648,18-25,Female,B30,5.8,32645,4,8161.25
INV000649,36-45,Male,T30,27.3,1738284,10,173828.4
INV000650,26-35,Male,B30,22.8,564853,5,112970.6
INV000651,18-25,Male,T30,6.0,236961,8,29620.125
INV000652,26-35,Male,T30,8.0,1502257,12,125188.08333333333
INV000653,26-35,Female,B30,18.6,26554,2,13277.0
INV000654,18-25,Female,B30,7.9,955429,6,159238.16666666666
INV000655,26-35,Male,T30,8.0,480225,2,240112.5
INV000656,18-25,Male,T30,5.2,1064638,7,152091.14285714287
INV000657,26-35,Female,B30,11.4,433317,10,43331.7
INV000658,26-35,Male,T30,14.1,1025622,9,113958.0
INV000659,26-35,Male,B30,17.2,258349,5,51669.8
INV000660,36-45,Male,T30,14.1,254938,6,42489.666666666664
INV000661,36-45,Male,B30,46.8,725441,8,90680.125
INV000662,36-45,Female,T30,20.1,639548,11,58140.72727272727
INV000663,26-35,Female,T30,13.8,83316,6,13886.0
INV000664,26-35,Male,T30,21.1,787540,8,98442.5
INV000665,26-35,Female,B30,6.6,746312,12,62192.666666666664
INV000666,36-45,Male,T30,49.7,496011,7,70858.71428571429
INV000667,26-35,Male,T30,7.5,1593494,12,132791.16666666666
INV000668,18-25,Male,T30,4.8,518362,5,103672.4
INV000669,36-45,Male,T30,25.2,1065256,4,266314.0
INV000670,26-35,Male,B30,15.9,338140,5,67628.0
INV000671,36-45,Female,B30,15.3,2333315,12,194442.91666666666
INV000672,26-35,Male,T30,18.8,409297,3,136432.33333333334
INV000673,36-45,Male,B30,47.4,145533,6,24255.5
INV000674,26-35,Female,B30,12.5,315027,3,105009.0
INV000675,36-45,Male,B30,27.9,1342300,12,111858.33333333333
INV000676,56+,Male,B30,71.7,376497,12,31374.75
INV000677,26-35,Male,T30,16.6,315456,4,78864.0
INV000678,26-35,Male,T30,19.1,1054211,11,95837.36363636363
INV000679,46-55,Female,B30,79.1,283572,5,56714.4
INV000680,18-25,Female,T30,4.1,325752,3,108584.0
INV000681,26-35,Male,T30,23.4,11354,3,3784.6666666666665
INV000682,56+,Female,T30,69.2,1312144,6,218690.66666666666
INV000683,26-35,Female,T30,17.4,223475,11,20315.909090909092
INV000684,26-35,Male,B30,10.4,498030,5,99606.0
INV000685,18-25,Male,T30,4.0,429968,2,214984.0
INV000686,36-45,Male,T30,51.9,217482,2,108741.0
INV000687,36-45,Male,T30,41.0,483920,5,96784.0
INV000688,36-45,Male,B30,24.1,360971,3,120323.66666666667
INV000689,26-35,Female,T30,19.8,922386,8,115298.25
INV000690,46-55,Male,T30,98.7,1189083,12,99090.25
INV000691,18-25,Female,T30,7.8,1441377,10,144137.7
INV000692,46-55,Female,B30,37.5,1897,1,1897.0
INV000693,26-35,Male,B30,11.0,1831041,10,183104.1
INV000694,46-55,Male,T30,50.6,1893343,7,270477.5714285714
INV000695,36-45,Male,T30,48.0,700290,8,87536.25
INV000696,26-35,Male,T30,10.7,26838,4,6709.5
INV000697,36-45,Male,T30,41.4,407537,1,407537.0
INV000698,18-25,Male,B30,7.1,606641,12,50553.416666666664
INV000699,18-25,Male,T30,7.7,694683,8,86835.375
INV000700,56+,Female,T30,71.3,25789,3,8596.333333333334
INV000701,36-45,Female,T30,55.6,1164582,11,105871.09090909091
INV000702,46-55,Female,B30,94.1,309191,3,103063.66666666667
INV000703,26-35,Male,T30,15.4,1056450,7,150921.42857142858
INV000704,18-25,Male,T30,4.5,655041,9,72782.33333333333
INV000705,26-35,Male,T30,6.9,353502,4,88375.5
INV000706,26-35,Female,T30,7.3,1382195,9,153577.22222222222
INV000707,36-45,Female,B30,46.6,394234,10,39423.4
INV000708,26-35,Female,T30,13.5,664661,8,83082.625
INV000709,26-35,Female,T30,13.6,1818377,12,151531.41666666666
INV000710,26-35,Male,T30,6.1,311061,7,44437.28571428572
INV000711,56+,Male,T30,28.3,1560807,8,195100.875
INV000712,26-35,Male,B30,24.1,177827,1,177827.0
INV000713,36-45,Female,T30,23.7,513134,4,128283.5
INV000714,26-35,Female,B30,23.8,1211050,12,100920.83333333333
INV000715,26-35,Male,B30,24.2,462102,7,66014.57142857143
INV000716,56+,Male,B30,15.1,204847,2,102423.5
INV000717,46-55,Male,T30,44.9,1161401,7,165914.42857142858
INV000718,26-35,Male,T30,10.8,863704,10,86370.4
INV000719,18-25,Male,B30,6.8,1313380,12,109448.33333333333
INV000720,18-25,Female,T30,5.8,765199,8,95649.875
INV000721,36-45,Male,B30,59.1,454922,7,64988.857142857145
INV000722,26-35,Female,T30,8.1,1934707,9,214967.44444444444
INV000723,46-55,Female,T30,31.4,438976,6,73162.66666666667
INV000724,46-55,Male,B30,78.7,732624,9,81402.66666666667
INV000725,18-25,Male,T30,6.9,231261,8,28907.625
INV000726,26-35,Male,T30,21.1,1248341,7,178334.42857142858
INV000727,26-35,Female,T30,21.3,14806,3,4935.333333333333
INV000728,26-35,Male,T30,8.4,1278764,9,142084.88888888888
INV000729,36-45,Male,T30,36.5,465557,5,93111.4
INV000730,26-35,Male,T30,19.5,538630,5,107726.0
INV000731,18-25,Male,T30,7.1,427944,4,106986.0
INV000732,46-55,Female,B30,40.8,1499551,10,149955.1
INV000733,18-25,Male,T30,3.9,1129452,7,161350.2857142857
INV000734,26-35,Female,T30,15.2,990424,11,90038.54545454546
INV000735,36-45,Male,T30,57.7,743109,8,92888.625
INV000736,36-45,Female,B30,39.4,1296656,10,129665.6
INV000737,26-35,Female,T30,10.0,596078,8,74509.75
INV000738,26-35,Male,B30,12.1,981192,8,122649.0
INV000739,46-55,Female,B30,97.0,1516957,8,189619.625
INV000740,36-45,Male,T30,52.5,334831,2,167415.5
INV000741,26-35,Male,B30,17.4,745579,8,93197.375
INV000742,36-45,Male,T30,27.4,333940,6,55656.666666666664
INV000743,26-35,Male,T30,22.8,602164,4,150541.0
INV000744,56+,Female,B30,49.8,1976086,10,197608.6
INV000745,26-35,Female,T30,13.2,185145,6,30857.5
INV000746,36-45,Male,B30,49.8,1895150,9,210572.22222222222
INV000747,36-45,Female,T30,40.3,1444650,11,131331.81818181818
INV000748,26-35,Male,B30,18.7,877286,4,219321.5
INV000749,36-45,Male,B30,36.1,1948339,12,162361.58333333334
INV000750,26-35,Male,T30,20.9,1229162,12,102430.16666666667
INV000751,36-45,Male,B30,17.7,284905,11,25900.454545454544
INV000752,46-55,Male,T30,32.7,936259,7,133751.2857142857
INV000753,46-55,Male,B30,82.4,820611,7,117230.14285714286
INV000754,26-35,Male,T30,8.0,812469,11,73860.81818181818
INV000755,26-35,Female,B30,13.1,1438495,7,205499.2857142857
INV000756,36-45,Male,T30,44.2,71393,4,17848.25
INV000757,36-45,Male,T30,25.4,310431,6,51738.5
INV000758,56+,Male,T30,61.5,1131634,10,113163.4
INV000759,26-35,Male,T30,7.6,991581,11,90143.72727272728
INV000760,36-45,Male,T30,29.2,598957,4,149739.25
INV000761,18-25,Female,B30,7.5,1015841,11,92349.18181818182
INV000762,36-45,Female,T30,29.8,220153,4,55038.25
INV000763,26-35,Female,B30,6.4,4966,1,4966.0
INV000764,26-35,Male,T30,15.6,971055,8,121381.875
INV000765,18-25,Male,T30,4.6,1922758,12,160229.83333333334
INV000766,46-55,Male,B30,88.1,454527,4,113631.75
INV000767,18-25,Female,T30,5.2,827437,6,137906.16666666666
INV000768,56+,Male,T30,12.2,486601,12,40550.083333333336
INV000769,36-45,Male,T30,41.1,942971,7,134710.14285714287
INV000770,36-45,Male,T30,43.0,416170,3,138723.33333333334
INV000771,26-35,Male,B30,10.9,179563,5,35912.6
INV000772,56+,Female,T30,16.1,1528127,12,127343.91666666667
INV000773,26-35,Female,B30,22.2,147570,1,147570.0
INV000774,36-45,Male,T30,34.9,871714,9,96857.11111111111
INV000775,26-35,Male,T30,15.1,385045,5,77009.0
INV000776,26-35,Male,T30,12.4,1161371,11,105579.18181818182
INV000777,26-35,Male,T30,15.7,508753,8,63594.125
INV000778,26-35,Male,B30,16.9,566606,11,51509.63636363636
INV000779,36-45,Male,T30,35.3,1358405,12,113200.41666666667
INV000780,26-35,Male,T30,13.2,6159,1,6159.0
INV000781,26-35,Male,T30,6.8,609059,5,121811.8
INV000782,18-25,Male,T30,4.4,112870,6,18811.666666666668
INV000783,46-55,Male,T30,92.0,1504937,12,125411.41666666667
INV000784,36-45,Male,T30,19.6,1265723,8,158215.375
INV000785,36-45,Male,T30,31.1,1740542,11,158231.0909090909
INV000786,26-35,Male,B30,17.9,151452,10,15145.2
INV000787,46-55,Male,T30,23.7,58500,1,58500.0
INV000788,26-35,Male,T30,20.7,633957,7,90565.28571428571
INV000789,56+,Male,T30,47.7,800288,10,80028.8
INV000790,26-35,Male,T30,15.9,25070,1,25070.0
INV000791,26-35,Male,B30,18.4,1169306,9,129922.88888888889
INV000792,26-35,Female,B30,14.0,17894,2,8947.0
INV000793,26-35,Female,T30,8.4,591986,11,53816.90909090909
INV000794,56+,Male,B30,26.7,2557,1,2557.0
INV000795,36-45,Male,B30,37.2,566959,4,141739.75
INV000796,18-25,Male,T30,5.0,130904,4,32726.0
INV000797,36-45,Female,T30,53.7,499115,5,99823.0
INV000798,26-35,Male,B30,24.6,26463,1,26463.0
INV000799,18-25,Male,T30,4.6,818728,7,116961.14285714286
INV000800,36-45,Female,T30,58.8,532344,5,106468.8
INV000801,36-45,Male,B30,18.3,254710,4,63677.5
INV000802,36-45,Male,T30,34.4,1221773,5,244354.6
INV000803,26-35,Female,B30,20.6,710600,9,78955.55555555556
INV000804,36-45,Male,B30,39.7,842684,6,140447.33333333334
INV000805,36-45,Male,T30,57.2,37944,1,37944.0
INV000806,46-55,Male,T30,90.4,1615282,12,134606.83333333334
INV000807,18-25,Male,B30,4.4,240704,2,120352.0
INV000808,36-45,Male,T30,34.9,165725,4,41431.25
INV000809,56+,Male,T30,59.1,363678,5,72735.6
INV000810,26-35,Male,T30,11.2,839720,10,83972.0
INV000811,36-45,Female,B30,34.5,1147477,6,191246.16666666666
INV000812,46-55,Male,T30,59.4,266320,1,266320.0
INV000813,46-55,Male,T30,38.7,1102069,8,137758.625
INV000814,26-35,Male,T30,17.8,237787,7,33969.57142857143
INV000815,26-35,Male,B30,9.2,830351,4,207587.75
INV000816,36-45,Male,T30,26.0,581224,5,116244.8
INV000817,26-35,Female,T30,22.2,364640,1,364640.0
INV000818,56+,Female,T30,62.5,1276030,5,255206.0
INV000819,36-45,Male,T30,56.5,1163624,6,193937.33333333334
INV000820,36-45,Male,T30,50.2,427734,3,142578.0
INV000821,36-45,Male,B30,50.1,1517514,9,168612.66666666666
INV000822,26-35,Male,B30,9.2,210242,9,23360.222222222223
INV000823,46-55,Male,B30,41.5,853782,10,85378.2
INV000824,36-45,Male,T30,53.9,210451,4,52612.75
INV000825,18-25,Female,B30,5.5,768198,5,153639.6
INV000826,36-45,Female,B30,44.3,1388625,7,198375.0
INV000827,36-45,Male,T30,28.8,562736,10,56273.6
INV000828,26-35,Female,B30,17.1,523055,2,261527.5
INV000829,26-35,Female,T30,23.1,1038470,9,115385.55555555556
INV000830,36-45,Female,T30,43.0,775541,10,77554.1
INV000831,36-45,Male,T30,34.6,139654,6,23275.666666666668
INV000832,36-45,Male,T30,36.6,408362,4,102090.5
INV000833,18-25,Male,B30,4.4,648577,10,64857.7
INV000834,18-25,Female,B30,6.6,375586,4,93896.5
INV000835,56+,Male,T30,65.1,7716,1,7716.0
INV000836,26-35,Male,T30,24.4,666432,7,95204.57142857143
INV000837,56+,Male,T30,9.8,404766,3,134922.0
INV000838,26-35,Male,B30,21.9,831035,4,207758.75
INV000839,26-35,Male,T30,9.5,200801,3,66933.66666666667
INV000840,26-35,Male,T30,15.3,1815784,9,201753.77777777778
INV000841,36-45,Male,T30,56.5,1338826,7,191260.85714285713
INV000842,36-45,Female,B30,57.0,5035,1,5035.0
INV000843,26-35,Male,T30,10.2,1085909,11,98719.0
INV000844,26-35,Male,T30,6.5,819349,10,81934.9
INV000845,36-45,Male,B30,17.5,968144,7,138306.2857142857
INV000846,26-35,Female,B30,21.7,752263,5,150452.6
INV000847,26-35,Female,T30,17.8,1317658,11,119787.09090909091
INV000848,26-35,Male,T30,20.4,404172,2,202086.0
INV000849,56+,Female,T30,32.5,1212005,11,110182.27272727272
INV000850,36-45,Male,T30,23.7,1167608,6,194601.33333333334
INV000851,36-45,Male,T30,39.2,1155426,9,128380.66666666667
INV000852,26-35,Female,B30,18.1,571269,5,114253.8
INV000853,26-35,Female,T30,8.0,531947,12,44328.916666666664
INV000854,46-55,Female,T30,79.7,281496,10,28149.6
INV000855,56+,Male,T30,57.1,62977,4,15744.25
INV000856,26-35,Male,T30,24.8,1132095,9,125788.33333333333
INV000857,26-35,Female,T30,23.6,1392092,9,154676.88888888888
INV000858,36-45,Female,T30,28.7,471002,11,42818.36363636364
INV000859,18-25,Female,T30,7.1,28609,3,9536.333333333334
INV000860,36-45,Female,B30,51.8,836394,10,83639.4
INV000861,18-25,Male,T30,4.2,870239,9,96693.22222222222
INV000862,26-35,Female,B30,24.4,1093357,9,121484.11111111111
INV000863,36-45,Male,B30,13.1,9140,1,9140.0
INV000864,26-35,Female,T30,24.9,1171132,11,106466.54545454546
INV000865,26-35,Male,B30,24.2,638932,11,58084.72727272727
INV000866,46-55,Male,T30,75.7,226888,2,113444.0
INV000867,26-35,Male,T30,20.6,535083,5,107016.6
INV000868,36-45,Male,T30,18.4,9196,1,9196.0
INV000869,26-35,Female,T30,12.1,775716,10,77571.6
INV000870,18-25,Male,B30,5.0,472891,6,78815.16666666667
INV000871,36-45,Male,T30,55.8,43302,1,43302.0
INV000872,36-45,Female,T30,55.3,5900,1,5900.0
INV000873,26-35,Male,T30,8.9,1034958,10,103495.8
INV000874,56+,Male,T30,19.1,1012012,12,84334.33333333333
INV000875,46-55,Female,T30,71.8,855790,3,285263.3333333333
INV000876,26-35,Male,T30,17.4,671502,6,111917.0
INV000877,36-45,Female,T30,15.8,1269000,9,141000.0
INV000878,36-45,Female,B30,33.4,66812,2,33406.0
INV000879,36-45,Male,T30,59.0,8346,3,2782.0
INV000880,26-35,Male,T30,18.4,707525,6,117920.83333333333
INV000881,26-35,Male,B30,17.1,711174,12,59264.5
INV000882,56+,Male,T30,70.9,1139,1,1139.0
INV000883,18-25,Female,T30,3.7,3332,2,1666.0
INV000884,18-25,Female,T30,6.4,532366,4,133091.5
INV000885,26-35,Male,T30,12.3,490097,6,81682.83333333333
INV000886,26-35,Male,T30,20.5,11730,2,5865.0
INV000887,36-45,Male,B30,53.9,1295495,11,117772.27272727272
INV000888,26-35,Male,T30,21.9,960900,9,106766.66666666667
INV000889,18-25,Male,T30,6.2,11646,2,5823.0
INV000890,26-35,Male,T30,13.5,816329,7,116618.42857142857
INV000891,26-35,Male,T30,20.9,1457730,9,161970.0
INV000892,36-45,Male,T30,26.4,634190,6,105698.33333333333
INV000893,46-55,Male,T30,35.3,420905,9,46767.22222222222
INV000894,36-45,Female,B30,32.0,1297722,12,108143.5
INV000895,26-35,Male,B30,19.5,1198583,8,149822.875
INV000896,26-35,Male,B30,14.7,17745,2,8872.5
INV000897,36-45,Male,B30,22.3,419887,5,83977.4
INV000898,26-35,Male,T30,19.1,328834,3,109611.33333333333
INV000899,36-45,Male,T30,51.7,548664,3,182888.0
INV000900,26-35,Male,B30,6.2,785351,5,157070.2
INV000901,46-55,Female,T30,67.4,390619,7,55802.71428571428
INV000902,26-35,Female,T30,6.0,1800066,10,180006.6
INV000903,26-35,Female,T30,24.7,180242,1,180242.0
INV000904,36-45,Male,T30,55.0,564657,5,112931.4
INV000905,36-45,Male,T30,44.3,51314,1,51314.0
INV000906,26-35,Male,T30,20.7,1852236,11,168385.0909090909
INV000907,46-55,Female,T30,64.5,820020,9,91113.33333333333
INV000908,26-35,Male,B30,11.3,62439,5,12487.8
INV000909,46-55,Female,T30,92.6,357946,6,59657.666666666664
INV000910,46-55,Male,T30,58.8,32402,5,6480.4
INV000911,26-35,Female,B30,20.1,49460,1,49460.0
INV000912,36-45,Male,B30,26.7,1244182,11,113107.45454545454
INV000913,26-35,Female,T30,22.5,1182416,7,168916.57142857142
INV000914,18-25,Male,B30,3.8,949217,9,105468.55555555556
INV000915,36-45,Male,T30,55.9,276789,6,46131.5
INV000916,26-35,Male,B30,9.1,21951,1,21951.0
INV000917,18-25,Male,B30,7.5,486108,1,486108.0
INV000918,26-35,Male,T30,23.2,26303,3,8767.666666666666
INV000919,46-55,Male,T30,49.7,1017387,7,145341.0
INV000920,56+,Male,T30,19.8,1559465,9,173273.88888888888
INV000921,26-35,Male,T30,14.6,370966,6,61827.666666666664
INV000922,26-35,Male,B30,22.4,553691,5,110738.2
INV000923,26-35,Male,T30,13.0,437,1,437.0
INV000924,36-45,Male,T30,43.6,523,1,523.0
INV000925,18-25,Male,B30,3.6,1663871,8,207983.875
INV000926,36-45,Male,T30,46.1,627782,8,78472.75
INV000927,46-55,Male,T30,80.9,752905,7,107557.85714285714
INV000928,18-25,Female,B30,6.2,126521,2,63260.5
INV000929,36-45,Female,T30,27.7,1072648,10,107264.8
INV000930,18-25,Female,B30,4.1,1042110,12,86842.5
INV000931,26-35,Male,B30,11.3,898949,8,112368.625
INV000932,46-55,Male,B30,97.0,513860,2,256930.0
INV000933,36-45,Female,T30,14.9,1524350,9,169372.22222222222
INV000934,56+,Male,T30,37.4,28678,3,9559.333333333334
INV000935,36-45,Male,T30,14.6,522699,11,47518.09090909091
INV000936,26-35,Female,T30,22.5,8991,1,8991.0
INV000937,26-35,Male,T30,22.8,396875,3,132291.66666666666
INV000938,36-45,Male,T30,24.5,48318,2,24159.0
INV000939,26-35,Male,T30,19.6,974202,11,88563.81818181818
INV000940,36-45,Female,T30,35.7,710983,4,177745.75
INV000941,26-35,Male,B30,7.2,1113978,6,185663.0
INV000942,56+,Male,B30,70.2,1464542,12,122045.16666666667
INV000943,18-25,Male,T30,5.8,1181258,4,295314.5
INV000944,36-45,Female,B30,16.9,530520,6,88420.0
INV000945,36-45,Female,T30,13.4,48475,1,48475.0
INV000946,46-55,Female,T30,37.3,778419,6,129736.5
INV000947,26-35,Male,T30,11.0,1462148,8,182768.5
INV000948,46-55,Male,T30,94.7,110726,3,36908.666666666664
INV000949,26-35,Male,B30,11.2,775644,11,70513.09090909091
INV000950,36-45,Male,B30,33.1,1558452,11,141677.45454545456
INV000951,46-55,Male,T30,72.6,8549,1,8549.0
INV000952,46-55,Male,T30,65.9,36310,1,36310.0
INV000953,56+,Male,B30,23.1,382629,4,95657.25
INV000954,26-35,Female,B30,8.3,1689229,10,168922.9
INV000955,26-35,Male,T30,6.7,738763,5,147752.6
INV000956,26-35,Female,T30,13.8,2686,1,2686.0
INV000957,36-45,Male,B30,38.2,1020188,8,127523.5
INV000958,56+,Male,T30,74.6,508100,6,84683.33333333333
INV000959,46-55,Male,B30,33.9,708179,9,78686.55555555556
INV000960,46-55,Male,T30,90.6,2214559,9,246062.11111111112
INV000961,36-45,Male,B30,17.2,551873,5,110374.6
INV000962,26-35,Male,T30,24.5,839209,8,104901.125
INV000963,18-25,Male,T30,4.9,770370,5,154074.0
INV000964,26-35,Male,B30,6.7,221662,5,44332.4
INV000965,36-45,Female,T30,41.5,1111,1,1111.0
INV000966,26-35,Male,T30,22.8,2183184,12,181932.0
INV000967,26-35,Female,T30,12.2,8000,2,4000.0
INV000968,36-45,Female,T30,37.1,2119830,9,235536.66666666666
INV000969,18-25,Male,T30,6.2,2006460,10,200646.0
INV000970,46-55,Male,B30,28.8,602790,6,100465.0
INV000971,36-45,Male,T30,42.2,1120635,12,93386.25
INV000972,18-25,Female,T30,5.9,1842193,11,167472.0909090909
INV000973,26-35,Male,T30,9.3,688973,2,344486.5
INV000974,46-55,Male,T30,88.6,239255,8,29906.875
INV000975,36-45,Male,B30,22.6,293870,2,146935.0
INV000976,56+,Male,T30,39.0,162110,2,81055.0
INV000977,56+,Male,B30,22.5,755476,12,62956.333333333336
INV000978,26-35,Male,T30,18.6,1299951,7,185707.2857142857
INV000979,26-35,Male,T30,24.7,978707,8,122338.375
INV000980,18-25,Female,T30,7.3,1027153,10,102715.3
INV000981,36-45,Female,T30,59.7,1054551,11,95868.27272727272
INV000982,36-45,Male,T30,46.9,26825,3,8941.666666666666
INV000983,36-45,Male,T30,33.5,23439,4,5859.75
INV000984,26-35,Male,T30,20.9,1347031,9,149670.11111111112
INV000985,26-35,Female,T30,11.4,739086,6,123181.0
INV000986,26-35,Male,B30,24.2,656132,9,72903.55555555556
INV000987,26-35,Male,B30,18.7,300308,4,75077.0
INV000988,36-45,Male,T30,28.7,2330846,8,291355.75
INV000989,36-45,Male,T30,16.1,864229,7,123461.28571428571
INV000990,56+,Male,T30,32.4,433868,5,86773.6
INV000991,46-55,Male,B30,59.1,360197,2,180098.5
INV000992,46-55,Female,B30,83.5,853932,6,142322.0
INV000993,26-35,Female,T30,14.7,7141,1,7141.0
INV000994,26-35,Female,T30,6.1,2035761,12,169646.75
INV000995,56+,Male,T30,34.6,1596987,9,177443.0
INV000996,46-55,Male,T30,49.6,604702,2,302351.0
INV000997,26-35,Male,B30,17.8,1363625,8,170453.125
INV000998,26-35,Female,T30,13.2,16014,4,4003.5
INV000999,26-35,Male,T30,15.6,289680,8,36210.0
INV001000,18-25,Male,T30,5.5,273739,2,136869.5
INV001001,26-35,Female,T30,20.7,1380742,12,115061.83333333333
INV001002,36-45,Male,T30,52.5,953094,10,95309.4
INV001003,26-35,Male,B30,12.6,358254,4,89563.5
INV001004,18-25,Male,B30,3.8,290317,4,72579.25
INV001005,46-55,Male,T30,84.6,1236328,11,112393.45454545454
INV001006,56+,Female,B30,75.6,433107,6,72184.5
INV001007,18-25,Male,T30,7.2,433962,2,216981.0
INV001008,46-55,Male,B30,85.8,908572,9,100952.44444444444
INV001009,26-35,Male,T30,21.2,1913376,10,191337.6
INV001010,36-45,Male,B30,12.7,1132,1,1132.0
INV001011,26-35,Male,B30,14.4,327812,6,54635.333333333336
INV001012,26-35,Female,B30,17.6,444416,6,74069.33333333333
INV001013,36-45,Male,T30,40.6,764906,10,76490.6
INV001014,18-25,Female,T30,6.9,964947,7,137849.57142857142
INV001015,36-45,Female,T30,21.1,1153900,6,192316.66666666666
INV001016,36-45,Male,T30,19.2,416496,4,104124.0
INV001017,26-35,Female,T30,19.0,44739,7,6391.285714285715
INV001018,46-55,Female,T30,65.2,357998,3,119332.66666666667
INV001019,26-35,Male,T30,10.6,776846,11,70622.36363636363
INV001020,26-35,Female,T30,13.5,1240270,7,177181.42857142858
INV001021,56+,Male,T30,50.5,979623,10,97962.3
INV001022,36-45,Male,B30,19.6,765019,5,153003.8
INV001023,36-45,Male,T30,27.1,1269072,12,105756.0
INV001024,18-25,Female,B30,6.7,1427324,8,178415.5
INV001025,18-25,Male,T30,5.7,472529,8,59066.125
INV001026,26-35,Male,T30,12.1,1227040,11,111549.09090909091
INV001027,46-55,Female,T30,62.7,951205,8,118900.625
INV001028,46-55,Female,T30,67.4,338350,5,67670.0
INV001029,36-45,Male,B30,44.2,1708716,11,155337.81818181818
INV001030,26-35,Female,T30,22.8,237077,3,79025.66666666667
INV001031,36-45,Female,T30,23.0,1465939,11,133267.18181818182
INV001032,26-35,Male,T30,7.8,2383,1,2383.0
INV001033,36-45,Male,B30,19.9,343482,2,171741.0
INV001034,26-35,Male,T30,20.4,1240015,7,177145.0
INV001035,26-35,Male,T30,8.4,7351,1,7351.0
INV001036,46-55,Female,T30,40.5,2342287,10,234228.7
INV001037,36-45,Female,B30,41.8,622872,11,56624.72727272727
INV001038,26-35,Male,T30,24.4,949031,5,189806.2
INV001039,36-45,Male,T30,12.8,474045,9,52671.666666666664
INV001040,56+,Female,T30,43.4,151917,4,37979.25
INV001041,18-25,Male,B30,5.1,242017,8,30252.125
INV001042,26-35,Male,B30,13.5,912117,7,130302.42857142857
INV001043,18-25,Male,T30,7.8,1142730,8,142841.25
INV001044,26-35,Male,T30,14.5,271162,3,90387.33333333333
INV001045,36-45,Female,T30,45.5,1192433,8,149054.125
INV001046,26-35,Male,T30,14.9,715657,4,178914.25
INV001047,56+,Female,T30,78.8,1168558,10,116855.8
INV001048,46-55,Male,T30,46.6,1250094,12,104174.5
INV001049,36-45,Female,T30,52.5,911787,7,130255.28571428571
INV001050,36-45,Female,T30,38.9,180543,5,36108.6
INV001051,26-35,Male,T30,8.2,659813,11,59983.0
INV001052,26-35,Female,B30,8.6,735942,5,147188.4
INV001053,46-55,Female,T30,79.0,775911,10,77591.1
INV001054,36-45,Female,T30,35.5,45726,2,22863.0
INV001055,26-35,Female,T30,17.6,392783,10,39278.3
INV001056,56+,Female,T30,75.1,700296,4,175074.0
INV001057,46-55,Male,T30,68.0,820416,4,205104.0
INV001058,36-45,Male,B30,28.2,1520365,12,126697.08333333333
INV001059,26-35,Male,B30,24.2,165214,4,41303.5
INV001060,36-45,Male,T30,29.0,1189683,12,99140.25
INV001061,18-25,Male,B30,7.4,868740,11,78976.36363636363
INV001062,26-35,Male,T30,21.1,1057845,7,151120.7142857143
INV001063,26-35,Male,B30,24.1,1538258,12,128188.16666666667
INV001064,46-55,Male,T30,67.9,1029044,12,85753.66666666667
INV001065,56+,Female,T30,37.2,183945,5,36789.0
INV001066,26-35,Male,T30,23.2,526301,4,131575.25
INV001067,26-35,Male,T30,16.6,2107329,10,210732.9
INV001068,26-35,Male,T30,6.1,405170,6,67528.33333333333
INV001069,26-35,Male,T30,19.1,1102645,11,100240.45454545454
INV001070,26-35,Male,B30,11.9,1508537,12,125711.41666666667
INV001071,36-45,Male,B30,56.7,529023,4,132255.75
INV001072,26-35,Female,B30,7.3,16885,2,8442.5
INV001073,36-45,Female,T30,25.1,3553,3,1184.3333333333333
INV001074,56+,Female,T30,57.4,985935,8,123241.875
INV001075,26-35,Female,T30,24.5,225389,7,32198.428571428572
INV001076,26-35,Female,T30,6.2,316923,3,105641.0
INV001077,26-35,Male,T30,6.4,1860639,9,206737.66666666666
INV001078,46-55,Female,T30,99.2,385272,1,385272.0
INV001079,26-35,Male,T30,10.1,1705293,11,155026.63636363635
INV001080,18-25,Female,T30,7.3,883238,8,110404.75
INV001081,18-25,Male,T30,7.6,1303407,6,217234.5
INV001082,46-55,Female,T30,64.2,55784,4,13946.0
INV001083,46-55,Male,T30,16.4,1432662,9,159184.66666666666
INV001084,36-45,Female,T30,40.7,404,1,404.0
INV001085,36-45,Female,T30,21.8,27438,2,13719.0
INV001086,56+,Male,B30,26.6,432251,3,144083.66666666666
INV001087,26-35,Female,B30,20.6,639520,7,91360.0
INV001088,26-35,Male,B30,15.3,822832,7,117547.42857142857
INV001089,18-25,Male,T30,6.6,177377,2,88688.5
INV001090,46-55,Male,T30,45.9,26171,1,26171.0
INV001091,18-25,Male,T30,7.5,667058,6,111176.33333333333
INV001092,26-35,Male,T30,14.9,813603,12,67800.25
INV001093,46-55,Female,T30,65.2,1847960,9,205328.88888888888
INV001094,26-35,Male,T30,21.6,1411482,7,201640.2857142857
INV001095,18-25,Female,B30,3.8,942,2,471.0
INV001096,26-35,Male,T30,24.5,1634590,10,163459.0
INV001097,26-35,Female,T30,16.7,711014,2,355507.0
INV001098,36-45,Male,B30,57.1,230310,1,230310.0
INV001099,26-35,Female,T30,18.9,699467,11,63587.90909090909
INV001100,36-45,Male,B30,43.0,17779,1,17779.0
INV001101,18-25,Male,B30,5.3,343771,6,57295.166666666664
INV001102,46-55,Male,T30,22.2,1042743,10,104274.3
INV001103,26-35,Female,B30,6.4,1414303,8,176787.875
INV001104,26-35,Male,T30,14.9,522774,3,174258.0
INV001105,18-25,Female,T30,3.4,352547,2,176273.5
INV001106,26-35,Male,T30,13.1,498393,5,99678.6
INV001107,26-35,Male,T30,19.5,323336,4,80834.0
INV001108,26-35,Male,T30,23.1,197938,4,49484.5
INV001109,26-35,Male,T30,18.4,868370,6,144728.33333333334
INV001110,26-35,Male,B30,21.9,540679,4,135169.75
INV001111,18-25,Male,T30,7.8,1081586,6,180264.33333333334
INV001112,46-55,Male,T30,82.5,373668,6,62278.0
INV001113,26-35,Female,T30,11.7,590265,7,84323.57142857143
INV001114,26-35,Male,T30,24.1,8323,2,4161.5
INV001115,26-35,Male,B30,20.7,1078154,10,107815.4
INV001116,36-45,Male,B30,17.8,908827,12,75735.58333333333
INV001117,18-25,Male,B30,3.9,342379,9,38042.11111111111
INV001118,18-25,Male,T30,6.7,1820012,10,182001.2
INV001119,46-55,Female,T30,63.4,422647,4,105661.75
INV001120,36-45,Male,T30,37.9,3684,2,1842.0
INV001121,36-45,Male,B30,52.0,239666,4,59916.5
INV001122,46-55,Female,T30,18.3,100704,3,33568.0
INV001123,26-35,Male,T30,23.9,1145145,9,127238.33333333333
INV001124,36-45,Male,T30,39.0,1062260,7,151751.42857142858
INV001125,46-55,Male,T30,79.6,475935,1,475935.0
INV001126,26-35,Female,T30,22.6,428651,3,142883.66666666666
INV001127,26-35,Female,T30,14.9,888205,4,222051.25
INV001128,36-45,Female,T30,43.2,1749807,11,159073.36363636365
INV001129,18-25,Female,B30,5.3,489,1,489.0
INV001130,18-25,Female,T30,3.2,1789410,11,162673.63636363635
INV001131,36-45,Female,B30,32.0,1678699,10,167869.9
INV001132,46-55,Female,T30,62.1,6240,1,6240.0
INV001133,26-35,Male,B30,21.0,216651,6,36108.5
INV001134,36-45,Female,B30,46.6,427044,2,213522.0
INV001135,36-45,Male,B30,35.9,509344,1,509344.0
INV001136,26-35,Female,T30,22.8,102185,3,34061.666666666664
INV001137,56+,Female,T30,55.8,1099731,11,99975.54545454546
INV001138,46-55,Female,B30,81.3,1154361,9,128262.33333333333
INV001139,36-45,Male,T30,43.6,128357,3,42785.666666666664
INV001140,36-45,Female,T30,18.8,821914,8,102739.25
INV001141,18-25,Female,T30,3.0,442649,8,55331.125
INV001142,26-35,Male,T30,16.8,832468,9,92496.44444444444
INV001143,26-35,Male,T30,10.7,66110,3,22036.666666666668
INV001144,36-45,Male,B30,16.7,837164,6,139527.33333333334
INV001145,18-25,Female,T30,4.3,51076,3,17025.333333333332
INV001146,56+,Male,T30,47.0,16166,1,16166.0
INV001147,36-45,Female,B30,14.6,1739844,5,347968.8
INV001148,56+,Male,T30,26.7,50180,3,16726.666666666668
INV001149,26-35,Female,T30,8.8,343832,4,85958.0
INV001150,26-35,Female,B30,19.5,478533,4,119633.25
INV001151,26-35,Male,B30,11.2,6205,3,2068.3333333333335
INV001152,56+,Male,B30,61.7,543987,6,90664.5
INV001153,26-35,Male,B30,16.3,55472,1,55472.0
INV001154,36-45,Female,T30,34.8,392576,5,78515.2
INV001155,26-35,Female,T30,16.7,728735,8,91091.875
INV001156,56+,Female,T30,58.8,1067246,10,106724.6
INV001157,36-45,Female,B30,23.0,1516231,12,126352.58333333333
INV001158,18-25,Male,B30,6.4,325117,5,65023.4
INV001159,46-55,Female,T30,29.4,504674,3,168224.66666666666
INV001160,36-45,Female,B30,13.8,363546,9,40394.0
INV001161,26-35,Male,B30,13.4,640986,8,80123.25
INV001162,46-55,Female,T30,90.5,456885,2,228442.5
INV001163,26-35,Male,B30,10.2,1588110,12,132342.5
INV001164,36-45,Male,T30,54.4,491364,4,122841.0
INV001165,46-55,Female,T30,48.5,592935,7,84705.0
INV001166,26-35,Male,T30,21.4,1094724,9,121636.0
INV001167,36-45,Male,B30,26.7,78024,6,13004.0
INV001168,46-55,Male,T30,50.9,796354,7,113764.85714285714
INV001169,36-45,Female,T30,12.5,562234,4,140558.5
INV001170,36-45,Male,B30,34.6,991974,9,110219.33333333333
INV001171,26-35,Female,T30,22.7,11772,4,2943.0
INV001172,26-35,Female,B30,7.1,825781,4,206445.25
INV001173,26-35,Female,T30,7.8,344360,7,49194.28571428572
INV001174,36-45,Male,B30,12.7,894260,9,99362.22222222222
INV001175,36-45,Male,T30,33.5,274311,7,39187.28571428572
INV001176,18-25,Male,T30,6.5,324837,3,108279.0
INV001177,26-35,Female,B30,12.5,2180,1,2180.0
INV001178,26-35,Female,T30,10.3,1246210,12,103850.83333333333
INV001179,26-35,Male,B30,18.7,89700,3,29900.0
INV001180,26-35,Male,T30,10.5,526455,8,65806.875
INV001181,26-35,Male,T30,21.0,134072,9,14896.888888888889
INV001182,26-35,Male,B30,9.1,1179501,6,196583.5
INV001183,46-55,Male,T30,79.9,28438,6,4739.666666666667
INV001184,26-35,Female,B30,15.4,1000,1,1000.0
INV001185,26-35,Female,B30,22.5,1393881,9,154875.66666666666
INV001186,26-35,Male,T30,19.8,1106321,8,138290.125
INV001187,26-35,Female,T30,24.3,4672,1,4672.0
INV001188,18-25,Male,T30,7.9,622693,3,207564.33333333334
INV001189,56+,Male,B30,70.1,504396,8,63049.5
INV001190,26-35,Male,T30,15.6,94585,7,13512.142857142857
INV001191,56+,Male,T30,37.5,482545,4,120636.25
INV001192,26-35,Male,T30,8.1,729193,6,121532.16666666667
INV001193,46-55,Female,T30,66.3,27526,4,6881.5
INV001194,18-25,Male,T30,7.7,340950,4,85237.5
INV001195,26-35,Male,T30,6.4,1079726,12,89977.16666666667
INV001196,26-35,Male,T30,21.4,61840,6,10306.666666666666
INV001197,36-45,Female,T30,29.6,1441251,9,160139.0
INV001198,26-35,Female,T30,20.4,1618856,11,147168.72727272726
INV001199,46-55,Male,T30,94.6,448046,3,149348.66666666666
INV001200,46-55,Male,T30,40.5,3813,2,1906.5
INV001201,56+,Female,T30,32.5,558,1,558.0
INV001202,26-35,Male,T30,11.3,440185,9,48909.444444444445
INV001203,18-25,Male,T30,5.0,14436,2,7218.0
INV001204,36-45,Male,T30,15.3,1241205,7,177315.0
INV001205,26-35,Male,B30,24.1,784040,3,261346.66666666666
INV001206,26-35,Male,T30,11.7,1227118,12,102259.83333333333
INV001207,18-25,Male,T30,5.9,444746,7,63535.142857142855
INV001208,56+,Male,T30,18.7,737828,10,73782.8
INV001209,46-55,Female,T30,45.8,537836,5,107567.2
INV001210,36-45,Male,B30,25.5,1159680,12,96640.0
INV001211,26-35,Male,T30,20.2,264378,3,88126.0
INV001212,36-45,Male,T30,40.3,753021,8,94127.625
INV001213,36-45,Male,B30,57.7,1460473,10,146047.3
INV001214,36-45,Male,T30,19.8,336702,4,84175.5
INV001215,36-45,Female,T30,39.3,524444,6,87407.33333333333
INV001216,18-25,Male,T30,3.4,378089,3,126029.66666666667
INV001217,26-35,Male,T30,21.5,565416,12,47118.0
INV001218,36-45,Male,B30,21.1,957312,9,106368.0
INV001219,26-35,Male,T30,18.4,1193669,11,108515.36363636363
INV001220,36-45,Male,T30,48.3,136527,9,15169.666666666666
INV001221,26-35,Female,T30,22.4,1294362,8,161795.25
INV001222,26-35,Female,T30,14.9,185250,6,30875.0
INV001223,56+,Male,B30,46.0,1509905,11,137264.0909090909
INV001224,18-25,Female,T30,6.8,504018,8,63002.25
INV001225,26-35,Male,B30,16.5,865663,9,96184.77777777778
INV001226,26-35,Female,T30,20.4,658856,3,219618.66666666666
INV001227,36-45,Male,B30,58.3,1680107,11,152737.0
INV001228,36-45,Female,T30,29.8,2057823,12,171485.25
INV001229,36-45,Male,T30,38.5,241524,3,80508.0
INV001230,46-55,Male,T30,96.9,73314,4,18328.5
INV001231,26-35,Male,T30,7.8,2826,1,2826.0
INV001232,46-55,Female,B30,29.8,1075943,6,179323.83333333334
INV001233,26-35,Male,T30,11.7,1150673,7,164381.85714285713
INV001234,26-35,Male,B30,24.4,1438153,12,119846.08333333333
INV001235,26-35,Male,B30,19.3,380606,11,34600.545454545456
INV001236,46-55,Male,T30,93.7,1160790,7,165827.14285714287
INV001237,26-35,Male,T30,19.1,260077,7,37153.857142857145
INV001238,26-35,Male,T30,17.9,1448829,12,120735.75
INV001239,36-45,Male,B30,43.5,2731,1,2731.0
INV001240,18-25,Male,T30,7.6,334700,2,167350.0
INV001241,36-45,Female,T30,18.3,210033,6,35005.5
INV001242,36-45,Male,T30,57.8,924637,10,92463.7
INV001243,36-45,Male,B30,14.1,25235,1,25235.0
INV001244,26-35,Male,B30,20.0,233306,6,38884.333333333336
INV001245,46-55,Female,B30,44.0,1205678,5,241135.6
INV001246,46-55,Male,T30,51.2,1149271,6,191545.16666666666
INV001247,36-45,Male,T30,48.1,510373,7,72910.42857142857
INV001248,56+,Male,T30,76.3,40902,1,40902.0
INV001249,26-35,Female,T30,16.4,366051,6,61008.5
INV001250,26-35,Male,B30,25.0,1382160,6,230360.0
INV001251,26-35,Female,T30,11.7,941320,9,104591.11111111111
INV001252,26-35,Male,T30,16.0,53866,1,53866.0
INV001253,46-55,Female,B30,41.7,493973,1,493973.0
INV001254,26-35,Male,T30,20.5,991356,5,198271.2
INV001255,26-35,Male,B30,14.3,607995,6,101332.5
INV001256,18-25,Male,T30,7.0,183984,4,45996.0
INV001257,26-35,Female,T30,6.3,1348149,10,134814.9
INV001258,36-45,Male,B30,42.4,16526,2,8263.0
INV001259,26-35,Female,T30,10.6,1768330,12,147360.83333333334
INV001260,26-35,Male,T30,23.4,588549,7,84078.42857142857
INV001261,46-55,Male,T30,50.0,1041091,7,148727.2857142857
INV001262,26-35,Male,T30,14.0,452322,8,56540.25
INV001263,36-45,Male,T30,54.6,527595,3,175865.0
INV001264,26-35,Female,T30,12.0,907868,8,113483.5
INV001265,26-35,Male,B30,20.3,674769,7,96395.57142857143
INV001266,46-55,Male,T30,74.2,543966,2,271983.0
INV001267,46-55,Female,B30,26.8,11428,2,5714.0
INV001268,46-55,Male,T30,75.1,27614,1,27614.0
INV001269,26-35,Male,T30,14.4,1775128,10,177512.8
INV001270,26-35,Female,T30,23.3,416407,3,138802.33333333334
INV001271,36-45,Male,T30,52.4,17025,4,4256.25
INV001272,18-25,Male,T30,5.3,636978,2,318489.0
INV001273,36-45,Male,T30,18.7,465895,5,93179.0
INV001274,36-45,Female,T30,55.7,1095622,12,91301.83333333333
INV001275,36-45,Female,T30,37.4,860203,12,71683.58333333333
INV001276,56+,Male,T30,46.2,233524,4,58381.0
INV001277,18-25,Male,T30,7.0,26831,2,13415.5
INV001278,36-45,Female,B30,16.0,531788,1,531788.0
INV001279,46-55,Male,T30,76.7,101615,5,20323.0
INV001280,18-25,Male,T30,4.7,1606014,6,267669.0
INV001281,18-25,Male,T30,7.9,474513,6,79085.5
INV001282,18-25,Female,T30,5.2,558050,8,69756.25
INV001283,18-25,Male,T30,4.6,33527,1,33527.0
INV001284,36-45,Male,T30,49.0,2165725,11,196884.0909090909
INV001285,18-25,Female,T30,4.3,82141,2,41070.5
INV001286,36-45,Male,T30,44.6,61766,3,20588.666666666668
INV001287,36-45,Female,T30,19.1,554160,9,61573.333333333336
INV001288,26-35,Male,T30,21.8,526576,8,65822.0
INV001289,36-45,Male,T30,31.3,70123,3,23374.333333333332
INV001290,36-45,Female,T30,26.4,5446,2,2723.0
INV001291,46-55,Male,T30,89.1,349638,7,49948.28571428572
INV001292,46-55,Male,T30,22.9,15584,2,7792.0
INV001293,36-45,Male,T30,43.6,416560,1,416560.0
INV001294,56+,Female,T30,14.3,8375,1,8375.0
INV001295,36-45,Male,T30,30.8,96957,10,9695.7
INV001296,26-35,Male,T30,15.0,101296,2,50648.0
INV001297,36-45,Male,T30,58.0,11668,2,5834.0
INV001298,26-35,Female,T30,24.4,1031434,11,93766.72727272728
INV001299,26-35,Male,B30,19.9,1052497,12,87708.08333333333
INV001300,36-45,Female,B30,53.8,1109365,7,158480.7142857143
INV001301,26-35,Male,T30,19.1,862092,4,215523.0
INV001302,18-25,Male,T30,5.3,548,1,548.0
INV001303,56+,Male,T30,52.6,638624,2,319312.0
INV001304,26-35,Male,T30,21.8,899956,12,74996.33333333333
INV001305,26-35,Female,T30,15.7,14153,2,7076.5
INV001306,18-25,Female,T30,4.1,44975,2,22487.5
INV001307,56+,Male,T30,18.2,585556,3,195185.33333333334
INV001308,36-45,Male,T30,19.3,883015,12,73584.58333333333
INV001309,36-45,Male,T30,22.9,10544,1,10544.0
INV001310,46-55,Male,T30,83.6,165265,8,20658.125
INV001311,26-35,Male,T30,20.9,96628,4,24157.0
INV001312,26-35,Male,T30,6.9,990125,11,90011.36363636363
INV001313,36-45,Male,T30,20.3,489686,4,122421.5
INV001314,26-35,Female,T30,19.2,196028,10,19602.8
INV001315,46-55,Female,T30,32.9,1043647,10,104364.7
INV001316,18-25,Male,T30,7.3,920375,10,92037.5
INV001317,26-35,Female,T30,8.9,946676,11,86061.45454545454
INV001318,36-45,Male,T30,59.3,214330,11,19484.545454545456
INV001319,26-35,Female,T30,20.8,1195460,8,149432.5
INV001320,36-45,Male,B30,31.8,1702564,11,154778.54545454544
INV001321,46-55,Male,T30,74.1,341346,7,48763.71428571428
INV001322,26-35,Female,T30,10.5,819585,7,117083.57142857143
INV001323,36-45,Male,T30,52.3,17888,1,17888.0
INV001324,26-35,Male,T30,24.8,435828,2,217914.0
INV001325,18-25,Male,B30,4.4,1011033,7,144433.2857142857
INV001326,46-55,Male,B30,54.9,612770,12,51064.166666666664
INV001327,36-45,Male,T30,31.2,358422,2,179211.0
INV001328,26-35,Male,T30,7.4,1035586,5,207117.2
INV001329,36-45,Female,B30,37.2,714494,10,71449.4
INV001330,46-55,Male,T30,76.9,483138,5,96627.6
INV001331,26-35,Male,T30,17.5,310811,10,31081.1
INV001332,26-35,Female,B30,19.9,295642,9,32849.11111111111
INV001333,26-35,Female,B30,19.0,789220,12,65768.33333333333
INV001334,36-45,Male,B30,38.6,1354227,10,135422.7
INV001335,26-35,Male,T30,6.9,526633,2,263316.5
INV001336,18-25,Male,B30,5.0,259351,9,28816.777777777777
INV001337,26-35,Male,T30,10.0,395450,5,79090.0
INV001338,26-35,Female,T30,21.7,420259,2,210129.5
INV001339,46-55,Male,T30,88.8,2734,1,2734.0
INV001340,36-45,Male,B30,37.6,284122,3,94707.33333333333
INV001341,46-55,Male,T30,89.7,551633,5,110326.6
INV001342,26-35,Female,T30,15.5,964237,9,107137.44444444444
INV001343,18-25,Female,T30,6.9,686341,6,114390.16666666667
INV001344,26-35,Male,T30,10.0,459599,3,153199.66666666666
INV001345,26-35,Male,B30,17.3,1391026,8,173878.25
INV001346,18-25,Male,T30,5.7,763232,7,109033.14285714286
INV001347,46-55,Male,T30,57.6,5374,2,2687.0
INV001348,26-35,Female,T30,8.6,1200049,11,109095.36363636363
INV001349,18-25,Female,T30,5.3,467672,3,155890.66666666666
INV001350,46-55,Female,B30,31.7,893495,8,111686.875
INV001351,26-35,Male,B30,8.5,1224042,12,102003.5
INV001352,26-35,Female,T30,8.3,193086,6,32181.0
INV001353,26-35,Male,B30,6.5,424525,7,60646.42857142857
INV001354,18-25,Male,B30,7.0,963214,9,107023.77777777778
INV001355,46-55,Female,T30,89.8,1566988,11,142453.45454545456
INV001356,26-35,Male,T30,19.7,998538,11,90776.18181818182
INV001357,36-45,Female,T30,58.4,509124,5,101824.8
INV001358,26-35,Male,T30,14.8,3401,1,3401.0
INV001359,36-45,Female,T30,41.8,526533,9,58503.666666666664
INV001360,36-45,Female,T30,26.8,8637,1,8637.0
INV001361,26-35,Female,T30,21.1,791103,9,87900.33333333333
INV001362,18-25,Male,B30,8.0,543937,4,135984.25
INV001363,56+,Male,B30,29.4,493071,7,70438.71428571429
INV001364,26-35,Male,T30,11.6,545191,2,272595.5
INV001365,36-45,Male,B30,25.3,401179,4,100294.75
INV001366,26-35,Female,T30,13.6,671758,9,74639.77777777778
INV001367,36-45,Male,B30,32.2,153434,7,21919.14285714286
INV001368,36-45,Female,T30,23.3,301863,3,100621.0
INV001369,46-55,Male,T30,83.8,1305360,9,145040.0
INV001370,26-35,Male,B30,7.5,503643,7,71949.0
INV001371,26-35,Male,B30,22.9,839040,4,209760.0
INV001372,56+,Male,B30,46.7,236898,4,59224.5
INV001373,26-35,Female,T30,22.6,288818,4,72204.5
INV001374,36-45,Male,T30,14.2,1077081,7,153868.7142857143
INV001375,18-25,Male,T30,6.3,929873,12,77489.41666666667
INV001376,26-35,Male,T30,15.8,66059,7,9437.0
INV001377,56+,Female,T30,64.7,1175557,8,146944.625
INV001378,36-45,Male,T30,21.1,1441757,6,240292.83333333334
INV001379,56+,Female,B30,74.3,1346658,7,192379.7142857143
INV001380,36-45,Male,T30,27.6,357230,2,178615.0
INV001381,26-35,Male,B30,7.3,91078,1,91078.0
INV001382,26-35,Male,B30,18.9,20674,4,5168.5
INV001383,26-35,Male,T30,18.6,883415,10,88341.5
INV001384,26-35,Female,T30,16.0,1646358,10,164635.8
INV001385,26-35,Male,T30,13.7,340160,5,68032.0
INV001386,18-25,Male,B30,7.5,987951,7,141135.85714285713
INV001387,36-45,Male,T30,37.4,111470,9,12385.555555555555
INV001388,46-55,Male,B30,72.8,754939,6,125823.16666666667
INV001389,46-55,Female,B30,39.7,1267006,6,211167.66666666666
INV001390,26-35,Female,T30,13.0,566837,6,94472.83333333333
INV001391,36-45,Male,B30,18.5,1427142,8,178392.75
INV001392,26-35,Male,B30,18.5,1242899,8,155362.375
INV001393,56+,Male,T30,67.6,134275,3,44758.333333333336
INV001394,56+,Male,T30,42.9,298786,9,33198.444444444445
INV001395,56+,Male,T30,53.5,1043484,8,130435.5
INV001396,26-35,Female,T30,10.6,914167,5,182833.4
INV001397,26-35,Male,T30,20.8,1523232,11,138475.63636363635
INV001398,26-35,Female,T30,18.4,1337654,11,121604.90909090909
INV001399,26-35,Female,T30,16.4,413350,7,59050.0
INV001400,36-45,Male,B30,36.5,1453464,11,132133.0909090909
INV001401,26-35,Male,B30,15.6,949269,10,94926.9
INV001402,26-35,Male,T30,15.2,1624904,9,180544.88888888888
INV001403,46-55,Male,T30,31.8,220213,2,110106.5
INV001404,46-55,Male,T30,56.2,458780,4,114695.0
INV001405,56+,Male,T30,56.8,74645,4,18661.25
INV001406,46-55,Male,T30,86.0,584791,12,48732.583333333336
INV001407,26-35,Female,B30,22.2,1024262,10,102426.2
INV001408,26-35,Female,T30,6.7,462278,3,154092.66666666666
INV001409,18-25,Male,B30,4.5,1116042,7,159434.57142857142
INV001410,46-55,Male,T30,26.5,606043,8,75755.375
INV001411,26-35,Female,T30,7.1,628481,8,78560.125
INV001412,46-55,Female,B30,73.4,309678,3,103226.0
INV001413,36-45,Male,T30,41.8,790868,8,98858.5
INV001414,18-25,Male,T30,4.8,166095,2,83047.5
INV001415,56+,Male,T30,33.1,579638,10,57963.8
INV001416,18-25,Male,B30,7.9,66259,2,33129.5
INV001417,36-45,Female,T30,12.3,753778,5,150755.6
INV001418,36-45,Male,T30,39.2,1018286,9,113142.88888888889
INV001419,26-35,Male,T30,7.1,287969,8,35996.125
INV001420,36-45,Male,T30,32.2,566736,5,113347.2
INV001421,26-35,Male,T30,19.8,711652,8,88956.5
INV001422,36-45,Male,B30,38.6,206779,5,41355.8
INV001423,18-25,Female,B30,7.7,805166,11,73196.90909090909
INV001424,26-35,Male,T30,18.9,573359,6,95559.83333333333
INV001425,26-35,Male,B30,16.8,7051,2,3525.5
INV001426,36-45,Female,T30,23.8,5280,1,5280.0
INV001427,26-35,Female,B30,21.1,5328,1,5328.0
INV001428,26-35,Male,T30,17.8,1098386,12,91532.16666666667
INV001429,36-45,Male,B30,33.5,185962,2,92981.0
INV001430,26-35,Male,B30,15.0,560,1,560.0
INV001431,56+,Male,T30,59.4,343667,4,85916.75
INV001432,36-45,Male,T30,12.6,446508,7,63786.857142857145
INV001433,26-35,Male,T30,10.9,1003402,6,167233.66666666666
INV001434,46-55,Male,T30,92.6,433434,9,48159.333333333336
INV001435,36-45,Female,T30,27.7,12503,2,6251.5
INV001436,26-35,Male,T30,9.7,655376,4,163844.0
INV001437,26-35,Female,B30,14.3,307368,4,76842.0
INV001438,46-55,Male,T30,54.4,7489,1,7489.0
INV001439,18-25,Female,T30,5.3,1012562,7,144651.7142857143
INV001440,26-35,Male,T30,11.3,823731,5,164746.2
INV001441,36-45,Male,B30,56.6,5453,2,2726.5
INV001442,26-35,Male,T30,16.2,689389,12,57449.083333333336
INV001443,46-55,Female,B30,79.8,974626,6,162437.66666666666
INV001444,36-45,Male,T30,36.8,27282,3,9094.0
INV001445,26-35,Female,T30,9.5,297715,5,59543.0
INV001446,26-35,Male,T30,6.6,751921,4,187980.25
INV001447,26-35,Female,T30,14.6,138470,4,34617.5
INV001448,26-35,Female,T30,14.2,780825,6,130137.5
INV001449,36-45,Male,T30,45.2,521158,7,74451.14285714286
INV001450,26-35,Female,B30,16.8,196863,4,49215.75
INV001451,36-45,Male,T30,33.0,26908,1,26908.0
INV001452,26-35,Female,T30,15.6,233554,4,58388.5
INV001453,36-45,Male,T30,34.6,70693,4,17673.25
INV001454,26-35,Male,T30,9.3,441723,8,55215.375
INV001455,36-45,Male,T30,26.8,743232,12,61936.0
INV001456,36-45,Male,T30,36.3,1056586,9,117398.44444444444
INV001457,26-35,Male,T30,17.7,1547775,12,128981.25
INV001458,46-55,Male,B30,34.9,827845,12,68987.08333333333
INV001459,26-35,Male,T30,24.9,1030235,5,206047.0
INV001460,36-45,Male,B30,45.4,2189872,11,199079.27272727274
INV001461,26-35,Female,T30,13.5,4821,2,2410.5
INV001462,26-35,Male,T30,19.4,1157629,9,128625.44444444444
INV001463,36-45,Male,B30,54.5,346839,5,69367.8
INV001464,26-35,Male,T30,24.8,2668,1,2668.0
INV001465,26-35,Male,B30,21.0,1223588,7,174798.2857142857
INV001466,46-55,Female,T30,20.3,1302126,11,118375.09090909091
INV001467,36-45,Male,T30,32.5,880295,10,88029.5
INV001468,26-35,Female,T30,19.4,691082,4,172770.5
INV001469,56+,Male,T30,74.7,388458,3,129486.0
INV001470,36-45,Male,T30,26.2,1020695,7,145813.57142857142
INV001471,26-35,Male,B30,11.9,428092,1,428092.0
INV001472,18-25,Male,T30,5.4,902384,9,100264.88888888889
INV001473,36-45,Male,T30,29.1,1138426,7,162632.2857142857
INV001474,26-35,Male,B30,12.8,311713,2,155856.5
INV001475,36-45,Male,T30,35.0,184367,4,46091.75
INV001476,36-45,Male,T30,38.1,329871,5,65974.2
INV001477,26-35,Female,B30,20.4,571669,3,190556.33333333334
INV001478,36-45,Male,T30,24.2,420725,7,60103.57142857143
INV001479,26-35,Female,B30,19.0,426682,3,142227.33333333334
INV001480,18-25,Male,T30,3.1,750708,7,107244.0
INV001481,26-35,Male,T30,23.4,305859,7,43694.142857142855
INV001482,46-55,Female,T30,87.0,552001,8,69000.125
INV001483,36-45,Male,T30,38.8,193272,6,32212.0
INV001484,36-45,Male,T30,13.1,1093386,5,218677.2
INV001485,56+,Female,T30,24.4,176126,10,17612.6
INV001486,46-55,Male,T30,17.1,342115,2,171057.5
INV001487,36-45,Male,T30,59.8,100742,3,33580.666666666664
INV001488,18-25,Female,T30,5.2,503159,5,100631.8
INV001489,36-45,Female,T30,16.5,124464,5,24892.8
INV001490,36-45,Female,B30,43.8,35777,1,35777.0
INV001491,56+,Male,T30,78.5,479735,8,59966.875
INV001492,26-35,Male,T30,19.6,979297,5,195859.4
INV001493,18-25,Female,B30,3.2,740657,3,246885.66666666666
INV001494,18-25,Male,T30,5.7,11931,3,3977.0
INV001495,26-35,Male,B30,16.6,82936,2,41468.0
INV001496,18-25,Male,T30,4.5,2539407,11,230855.18181818182
INV001497,36-45,Male,T30,56.8,663731,12,55310.916666666664
INV001498,36-45,Male,T30,34.7,1072254,6,178709.0
INV001499,26-35,Male,B30,12.9,2612819,10,261281.9
INV001500,26-35,Female,T30,6.5,1668134,8,208516.75
INV001501,26-35,Male,B30,11.3,1672359,7,238908.42857142858
INV001502,26-35,Male,T30,19.8,473868,2,236934.0
INV001503,18-25,Male,T30,6.4,529940,6,88323.33333333333
INV001504,36-45,Male,B30,25.5,323372,10,32337.2
INV001505,26-35,Female,T30,17.0,102157,3,34052.333333333336
INV001506,26-35,Female,T30,16.0,789025,7,112717.85714285714
INV001507,26-35,Male,T30,20.4,1262282,12,105190.16666666667
INV001508,46-55,Male,B30,63.3,2273825,10,227382.5
INV001509,18-25,Male,T30,8.0,1882,1,1882.0
INV001510,26-35,Male,T30,15.4,935895,10,93589.5
INV001511,26-35,Female,B30,24.7,304709,3,101569.66666666667
INV001512,46-55,Male,T30,49.4,1931510,11,175591.81818181818
INV001513,18-25,Male,T30,5.4,477668,6,79611.33333333333
INV001514,46-55,Male,T30,75.8,870557,11,79141.54545454546
INV001515,18-25,Male,B30,7.4,262809,5,52561.8
INV001516,26-35,Male,B30,22.0,1094073,9,121563.66666666667
INV001517,36-45,Female,B30,23.5,455179,3,151726.33333333334
INV001518,18-25,Male,B30,3.9,1325188,9,147243.11111111112
INV001519,46-55,Female,T30,38.8,15153,3,5051.0
INV001520,36-45,Female,B30,29.7,618129,3,206043.0
INV001521,18-25,Male,B30,4.9,1033095,9,114788.33333333333
INV001522,36-45,Female,T30,59.4,484106,3,161368.66666666666
INV001523,36-45,Female,T30,52.4,283709,1,283709.0
INV001524,26-35,Male,B30,7.7,1023174,7,146167.7142857143
INV001525,36-45,Male,T30,55.8,409031,7,58433.0
INV001526,26-35,Female,B30,19.1,1108874,10,110887.4
INV001527,26-35,Male,T30,23.4,397461,3,132487.0
INV001528,26-35,Female,T30,20.7,2546199,11,231472.63636363635
INV001529,56+,Male,B30,72.6,493098,3,164366.0
INV001530,26-35,Male,T30,21.0,478137,9,53126.333333333336
INV001531,26-35,Female,T30,14.8,308636,4,77159.0
INV001532,36-45,Female,B30,39.5,981795,11,89254.09090909091
INV001533,26-35,Male,T30,21.4,1017085,2,508542.5
INV001534,36-45,Male,B30,26.5,1096274,8,137034.25
INV001535,56+,Male,B30,74.1,481793,4,120448.25
INV001536,26-35,Male,B30,17.9,768514,11,69864.90909090909
INV001537,46-55,Male,T30,74.7,438883,5,87776.6
INV001538,18-25,Female,B30,3.1,403950,7,57707.142857142855
INV001539,36-45,Male,T30,32.1,255554,3,85184.66666666667
INV001540,26-35,Female,T30,17.3,55777,4,13944.25
INV001541,26-35,Male,T30,12.4,298338,1,298338.0
INV001542,36-45,Male,T30,49.1,30942,5,6188.4
INV001543,26-35,Male,T30,21.1,1412216,6,235369.33333333334
INV001544,18-25,Female,B30,5.9,1459767,11,132706.0909090909
INV001545,26-35,Male,B30,11.5,1173126,11,106647.81818181818
INV001546,26-35,Female,T30,9.5,636851,2,318425.5
INV001547,36-45,Male,B30,55.7,1475443,12,122953.58333333333
INV001548,26-35,Male,T30,24.8,768100,8,96012.5
INV001549,36-45,Male,T30,19.5,814085,9,90453.88888888889
INV001550,18-25,Male,T30,4.1,1019018,11,92638.0
INV001551,26-35,Female,T30,21.7,838742,9,93193.55555555556
INV001552,46-55,Female,T30,68.5,131269,2,65634.5
INV001553,26-35,Male,T30,23.5,1951832,12,162652.66666666666
INV001554,18-25,Female,T30,7.2,58886,2,29443.0
INV001555,26-35,Male,B30,14.2,1447897,6,241316.16666666666
INV001556,18-25,Male,B30,3.3,628970,4,157242.5
INV001557,26-35,Female,T30,10.5,834356,7,119193.71428571429
INV001558,56+,Female,T30,23.8,1419654,11,129059.45454545454
INV001559,36-45,Male,B30,41.9,249630,1,249630.0
INV001560,26-35,Male,B30,22.5,777593,6,129598.83333333333
INV001561,36-45,Male,B30,39.4,1386518,8,173314.75
INV001562,26-35,Male,T30,7.0,294505,11,26773.18181818182
INV001563,36-45,Male,T30,59.1,144851,2,72425.5
INV001564,46-55,Male,B30,43.2,1089883,12,90823.58333333333
INV001565,26-35,Female,T30,7.7,355584,3,118528.0
INV001566,18-25,Male,T30,7.8,333707,4,83426.75
INV001567,36-45,Male,T30,12.2,299281,6,49880.166666666664
INV001568,26-35,Male,B30,12.4,10735,1,10735.0
INV001569,46-55,Male,T30,50.1,594971,7,84995.85714285714
INV001570,26-35,Male,T30,16.0,1806980,9,200775.55555555556
INV001571,46-55,Female,B30,52.0,510419,3,170139.66666666666
INV001572,18-25,Male,B30,4.8,2256,1,2256.0
INV001573,26-35,Male,B30,20.7,1046465,8,130808.125
INV001574,36-45,Female,T30,35.7,561459,7,80208.42857142857
INV001575,26-35,Male,T30,12.0,1203832,9,133759.11111111112
INV001576,46-55,Female,T30,46.5,618966,7,88423.71428571429
INV001577,46-55,Male,T30,48.9,837,1,837.0
INV001578,26-35,Female,B30,19.6,281351,3,93783.66666666667
INV001579,46-55,Male,T30,71.1,1454466,12,121205.5
INV001580,26-35,Male,T30,18.7,885928,12,73827.33333333333
INV001581,18-25,Female,T30,5.7,719501,5,143900.2
INV001582,46-55,Male,B30,25.4,920,1,920.0
INV001583,18-25,Male,T30,3.1,1688452,9,187605.77777777778
INV001584,26-35,Male,B30,10.0,365117,5,73023.4
INV001585,36-45,Male,T30,28.3,1033231,9,114803.44444444444
INV001586,26-35,Male,T30,6.4,14770,4,3692.5
INV001587,26-35,Male,T30,22.3,1338541,11,121685.54545454546
INV001588,56+,Male,T30,75.2,709591,7,101370.14285714286
INV001589,26-35,Female,B30,7.5,24681,1,24681.0
INV001590,36-45,Male,T30,46.1,258144,3,86048.0
INV001591,56+,Male,T30,28.1,2052414,11,186583.0909090909
INV001592,18-25,Male,T30,4.3,783972,6,130662.0
INV001593,36-45,Female,T30,53.2,520240,3,173413.33333333334
INV001594,26-35,Male,B30,13.9,1041554,7,148793.42857142858
INV001595,56+,Male,T30,78.5,628320,7,89760.0
INV001596,46-55,Male,T30,61.3,1144285,6,190714.16666666666
INV001597,36-45,Male,T30,46.1,1564797,11,142254.27272727274
INV001598,36-45,Male,B30,48.2,948581,9,105397.88888888889
INV001599,36-45,Female,B30,31.0,1215923,12,101326.91666666667
INV001600,26-35,Female,T30,22.9,362379,4,90594.75
INV001601,26-35,Female,B30,24.1,373239,3,124413.0
INV001602,36-45,Male,T30,27.0,1683273,12,140272.75
INV001603,46-55,Female,B30,53.9,1249506,11,113591.45454545454
INV001604,56+,Male,T30,33.9,448574,3,149524.66666666666
INV001605,26-35,Female,B30,12.4,907214,11,82474.0
INV001606,26-35,Female,B30,23.4,149272,8,18659.0
INV001607,26-35,Male,B30,14.8,369723,3,123241.0
INV001608,26-35,Male,T30,13.1,1408628,11,128057.09090909091
INV001609,26-35,Female,T30,14.0,1828827,10,182882.7
INV001610,18-25,Male,T30,7.0,394911,1,394911.0
INV001611,18-25,Female,T30,7.4,1885318,11,171392.54545454544
INV001612,26-35,Female,T30,12.0,1039562,10,103956.2
INV001613,26-35,Female,T30,17.7,103124,2,51562.0
INV001614,18-25,Male,B30,4.6,299454,4,74863.5
INV001615,26-35,Male,T30,15.7,1439722,8,179965.25
INV001616,26-35,Male,T30,23.2,688035,12,57336.25
INV001617,26-35,Male,T30,8.6,84675,2,42337.5
INV001618,56+,Female,T30,28.0,704843,8,88105.375
INV001619,36-45,Male,T30,20.7,784498,6,130749.66666666667
INV001620,26-35,Male,B30,8.1,906445,7,129492.14285714286
INV001621,26-35,Female,T30,10.0,39202,3,13067.333333333334
INV001622,36-45,Male,T30,21.8,32767,2,16383.5
INV001623,26-35,Female,T30,17.3,1305289,11,118662.63636363637
INV001624,26-35,Female,T30,18.4,1159821,12,96651.75
INV001625,46-55,Female,B30,78.2,2006664,12,167222.0
INV001626,26-35,Male,T30,16.8,429844,4,107461.0
INV001627,26-35,Male,B30,15.9,509047,6,84841.16666666667
INV001628,36-45,Female,T30,45.6,1293876,12,107823.0
INV001629,26-35,Male,T30,15.0,571840,12,47653.333333333336
INV001630,36-45,Male,T30,15.4,225860,5,45172.0
INV001631,36-45,Male,B30,55.9,581721,11,52883.72727272727
INV001632,26-35,Male,B30,6.8,309423,2,154711.5
INV001633,26-35,Male,T30,6.8,475,1,475.0
INV001634,26-35,Male,T30,23.9,323070,3,107690.0
INV001635,26-35,Male,T30,18.6,1295057,7,185008.14285714287
INV001636,18-25,Male,B30,6.0,659303,11,59936.63636363636
INV001637,36-45,Female,B30,45.1,1258105,6,209684.16666666666
INV001638,36-45,Female,T30,15.8,308357,4,77089.25
INV001639,56+,Male,T30,14.3,451834,6,75305.66666666667
INV001640,36-45,Female,T30,52.6,1460059,12,121671.58333333333
INV001641,26-35,Male,B30,15.4,1137585,10,113758.5
INV001642,56+,Female,T30,20.5,760223,5,152044.6
INV001643,36-45,Male,B30,28.4,677728,8,84716.0
INV001644,18-25,Female,B30,6.7,1090844,11,99167.63636363637
INV001645,46-55,Male,B30,77.5,466615,8,58326.875
INV001646,26-35,Male,T30,18.9,361360,4,90340.0
INV001647,26-35,Male,B30,7.6,358120,1,358120.0
INV001648,46-55,Female,T30,96.8,1479962,9,164440.22222222222
INV001649,36-45,Male,T30,51.5,621280,12,51773.333333333336
INV001650,36-45,Male,T30,38.1,713748,6,118958.0
INV001651,18-25,Male,T30,4.1,790979,11,71907.18181818182
INV001652,26-35,Female,T30,12.7,1279109,9,142123.22222222222
INV001653,36-45,Male,T30,45.4,353745,8,44218.125
INV001654,36-45,Female,T30,28.1,729940,10,72994.0
INV001655,26-35,Male,T30,8.0,233699,5,46739.8
INV001656,26-35,Male,B30,19.4,451086,10,45108.6
INV001657,56+,Male,B30,41.6,31500,1,31500.0
INV001658,36-45,Female,T30,48.4,1839068,11,167188.0
INV001659,36-45,Female,T30,42.2,36217,2,18108.5
INV001660,18-25,Female,T30,6.4,390673,6,65112.166666666664
INV001661,56+,Female,T30,26.4,436958,5,87391.6
INV001662,36-45,Male,T30,45.6,1937573,12,161464.41666666666
INV001663,36-45,Female,T30,29.2,664153,8,83019.125
INV001664,36-45,Female,B30,30.3,257587,2,128793.5
INV001665,36-45,Male,T30,35.1,6533,3,2177.6666666666665
INV001666,36-45,Male,B30,58.1,758715,6,126452.5
INV001667,36-45,Female,T30,14.1,8839,1,8839.0
INV001668,36-45,Female,B30,22.4,695778,3,231926.0
INV001669,26-35,Female,T30,6.3,245061,4,61265.25
INV001670,26-35,Male,T30,16.5,1928820,11,175347.27272727274
INV001671,56+,Male,T30,31.2,1225017,7,175002.42857142858
INV001672,18-25,Male,T30,5.4,821755,12,68479.58333333333
INV001673,26-35,Male,T30,23.0,81749,11,7431.727272727273
INV001674,26-35,Male,T30,12.0,569524,6,94920.66666666667
INV001675,36-45,Male,T30,18.2,59489,1,59489.0
INV001676,56+,Female,B30,30.9,849132,5,169826.4
INV001677,26-35,Male,B30,23.2,1196636,5,239327.2
INV001678,36-45,Female,T30,38.8,684233,3,228077.66666666666
INV001679,36-45,Female,B30,46.7,447785,7,63969.28571428572
INV001680,26-35,Male,T30,22.8,1174873,12,97906.08333333333
INV001681,26-35,Male,T30,8.5,177271,3,59090.333333333336
INV001682,26-35,Male,T30,18.6,936,1,936.0
INV001683,26-35,Male,T30,8.7,138711,8,17338.875
INV001684,36-45,Male,T30,51.6,45978,3,15326.0
INV001685,26-35,Male,B30,14.5,3921,2,1960.5
INV001686,26-35,Male,T30,7.5,283725,2,141862.5
INV001687,26-35,Male,T30,7.6,210079,5,42015.8
INV001688,26-35,Male,T30,7.7,222003,5,44400.6
INV001689,36-45,Male,B30,40.4,1413571,12,117797.58333333333
INV001690,36-45,Male,T30,27.6,994133,9,110459.22222222222
INV001691,26-35,Male,T30,10.3,1151668,9,127963.11111111111
INV001692,26-35,Male,T30,11.7,2751086,11,250098.72727272726
INV001693,36-45,Male,B30,49.0,75578,4,18894.5
INV001694,46-55,Female,B30,36.8,773611,10,77361.1
INV001695,36-45,Male,B30,24.0,1171841,9,130204.55555555556
INV001696,56+,Female,T30,55.8,306879,6,51146.5
INV001697,18-25,Male,T30,5.4,1278552,12,106546.0
INV001698,26-35,Male,T30,9.7,10016,1,10016.0
INV001699,26-35,Male,T30,24.6,438246,8,54780.75
INV001700,46-55,Male,T30,88.3,556,1,556.0
INV001701,26-35,Female,B30,24.4,1530504,12,127542.0
INV001702,26-35,Male,B30,9.9,354071,2,177035.5
INV001703,46-55,Male,T30,92.6,2959,1,2959.0
INV001704,26-35,Male,T30,23.8,336309,1,336309.0
INV001705,46-55,Male,B30,84.3,1734773,9,192752.55555555556
INV001706,26-35,Male,T30,14.2,1230659,10,123065.9
INV001707,26-35,Male,T30,9.5,69622,4,17405.5
INV001708,18-25,Male,B30,7.7,570438,5,114087.6
INV001709,36-45,Male,T30,55.9,510448,8,63806.0
INV001710,56+,Male,T30,33.0,243131,3,81043.66666666667
INV001711,46-55,Male,B30,99.0,26390,7,3770.0
INV001712,18-25,Male,T30,6.2,446860,8,55857.5
INV001713,46-55,Male,B30,61.5,1133717,8,141714.625
INV001714,18-25,Male,T30,5.9,41699,3,13899.666666666666
INV001715,18-25,Male,T30,7.7,103613,8,12951.625
INV001716,36-45,Male,T30,45.0,27465,4,6866.25
INV001717,26-35,Male,B30,23.2,1267371,5,253474.2
INV001718,26-35,Male,T30,11.3,795041,9,88337.88888888889
INV001719,26-35,Male,B30,19.2,775208,5,155041.6
INV001720,36-45,Male,B30,43.6,804607,8,100575.875
INV001721,26-35,Male,B30,10.8,1137944,7,162563.42857142858
INV001722,36-45,Female,T30,55.0,977129,5,195425.8
INV001723,26-35,Male,T30,14.2,1263638,7,180519.7142857143
INV001724,26-35,Female,T30,11.9,862419,9,95824.33333333333
INV001725,36-45,Male,B30,30.0,980277,11,89116.09090909091
INV001726,26-35,Male,B30,19.5,792709,4,198177.25
INV001727,46-55,Female,T30,74.1,536416,5,107283.2
INV001728,26-35,Male,T30,17.0,938502,11,85318.36363636363
INV001729,18-25,Male,B30,4.1,409265,5,81853.0
INV001730,26-35,Male,T30,13.0,25174,2,12587.0
INV001731,46-55,Male,B30,30.4,3122,2,1561.0
INV001732,18-25,Female,T30,5.7,221591,6,36931.833333333336
INV001733,36-45,Female,B30,29.5,69927,2,34963.5
INV001734,36-45,Female,T30,16.3,441830,5,88366.0
INV001735,56+,Male,T30,41.9,842756,7,120393.71428571429
INV001736,46-55,Female,B30,69.5,975076,7,139296.57142857142
INV001737,26-35,Female,T30,10.1,491962,9,54662.444444444445
INV001738,36-45,Female,T30,41.2,845576,12,70464.66666666667
INV001739,36-45,Female,T30,45.5,596476,10,59647.6
INV001740,36-45,Female,B30,53.9,1046752,10,104675.2
INV001741,36-45,Male,B30,52.8,1534845,11,139531.36363636365
INV001742,18-25,Male,T30,3.5,1194805,9,132756.11111111112
INV001743,26-35,Male,T30,23.5,1391835,7,198833.57142857142
INV001744,26-35,Male,B30,15.9,1364057,12,113671.41666666667
INV001745,18-25,Male,T30,7.3,320584,4,80146.0
INV001746,26-35,Male,B30,11.2,1766212,12,147184.33333333334
INV001747,18-25,Female,T30,3.8,1426431,8,178303.875
INV001748,36-45,Female,T30,16.2,985018,8,123127.25
INV001749,46-55,Female,T30,41.3,45901,1,45901.0
INV001750,36-45,Female,T30,38.8,287641,3,95880.33333333333
INV001751,18-25,Male,B30,6.8,992622,8,124077.75
INV001752,26-35,Female,B30,13.4,1388370,12,115697.5
INV001753,26-35,Male,T30,10.0,591142,12,49261.833333333336
INV001754,46-55,Female,B30,56.1,495504,4,123876.0
INV001755,36-45,Male,B30,28.7,672833,2,336416.5
INV001756,26-35,Female,B30,8.9,511289,1,511289.0
INV001757,46-55,Male,T30,87.3,694422,12,57868.5
INV001758,18-25,Female,T30,7.9,1890625,10,189062.5
INV001759,36-45,Female,B30,25.6,721052,12,60087.666666666664
INV001760,46-55,Male,B30,77.0,21348,3,7116.0
INV001761,26-35,Male,T30,13.0,2073,1,2073.0
INV001762,18-25,Female,B30,7.5,1139097,8,142387.125
INV001763,46-55,Male,T30,42.0,692791,7,98970.14285714286
INV001764,46-55,Female,B30,28.1,202400,5,40480.0
INV001765,46-55,Male,B30,95.2,1071646,8,133955.75
INV001766,46-55,Female,T30,69.8,157049,3,52349.666666666664
INV001767,36-45,Male,T30,54.2,349026,1,349026.0
INV001768,26-35,Female,B30,14.1,323349,4,80837.25
INV001769,18-25,Male,T30,7.4,677998,8,84749.75
INV001770,18-25,Male,T30,6.3,564230,8,70528.75
INV001771,46-55,Male,T30,85.9,2695710,8,336963.75
INV001772,36-45,Male,T30,31.2,1276824,10,127682.4
INV001773,26-35,Male,T30,21.4,43212,5,8642.4
INV001774,56+,Male,B30,32.0,356376,4,89094.0
INV001775,26-35,Female,B30,8.3,92864,8,11608.0
INV001776,26-35,Female,B30,24.1,227378,2,113689.0
INV001777,18-25,Female,T30,7.6,686554,11,62414.0
INV001778,26-35,Male,T30,9.7,1401085,12,116757.08333333333
INV001779,36-45,Male,T30,27.4,508326,2,254163.0
INV001780,46-55,Male,B30,84.1,1029694,6,171615.66666666666
INV001781,36-45,Male,B30,58.6,185310,4,46327.5
INV001782,36-45,Female,B30,47.5,1174960,10,117496.0
INV001783,36-45,Female,B30,52.6,1804984,9,200553.77777777778
INV001784,26-35,Male,B30,15.5,1633706,11,148518.72727272726
INV001785,26-35,Male,B30,14.5,60168,3,20056.0
INV001786,18-25,Male,T30,7.8,552,1,552.0
INV001787,56+,Female,B30,37.0,754935,6,125822.5
INV001788,18-25,Female,T30,4.8,448400,5,89680.0
INV001789,18-25,Male,T30,4.4,778911,5,155782.2
INV001790,46-55,Male,T30,15.8,1503115,10,150311.5
INV001791,26-35,Male,T30,13.3,578366,5,115673.2
INV001792,26-35,Female,T30,18.8,369407,6,61567.833333333336
INV001793,36-45,Female,B30,22.5,109211,2,54605.5
INV001794,26-35,Male,T30,23.2,1067068,9,118563.11111111111
INV001795,46-55,Male,T30,17.7,417952,5,83590.4
INV001796,18-25,Male,T30,6.7,1174793,7,167827.57142857142
INV001797,26-35,Female,B30,6.8,1187966,11,107996.90909090909
INV001798,36-45,Female,T30,21.3,464928,6,77488.0
INV001799,56+,Female,B30,45.2,745646,7,106520.85714285714
INV001800,26-35,Female,T30,12.8,1343076,11,122097.81818181818
INV001801,36-45,Male,T30,44.3,126145,6,21024.166666666668
INV001802,46-55,Male,T30,77.7,1327369,10,132736.9
INV001803,26-35,Female,B30,20.6,463753,9,51528.11111111111
INV001804,26-35,Male,B30,20.1,1300753,11,118250.27272727272
INV001805,36-45,Male,T30,44.9,488850,6,81475.0
INV001806,36-45,Male,T30,32.6,1024402,11,93127.45454545454
INV001807,26-35,Male,T30,21.9,589082,2,294541.0
INV001808,26-35,Female,T30,7.0,209897,2,104948.5
INV001809,46-55,Male,T30,80.5,102667,7,14666.714285714286
INV001810,26-35,Female,B30,10.1,1647041,11,149731.0
INV001811,18-25,Male,B30,7.8,700436,12,58369.666666666664
INV001812,18-25,Male,B30,6.6,300792,1,300792.0
INV001813,36-45,Male,B30,27.0,1109781,8,138722.625
INV001814,26-35,Female,T30,6.9,1305482,10,130548.2
INV001815,26-35,Female,T30,23.7,430207,7,61458.142857142855
INV001816,26-35,Male,T30,9.0,1351269,11,122842.63636363637
INV001817,26-35,Male,B30,13.1,470229,2,235114.5
INV001818,46-55,Male,T30,66.2,760835,3,253611.66666666666
INV001819,26-35,Male,T30,11.9,7448,2,3724.0
INV001820,36-45,Female,T30,39.3,1140445,11,103676.81818181818
INV001821,26-35,Male,T30,8.7,353083,4,88270.75
INV001822,36-45,Male,T30,59.6,600988,8,75123.5
INV001823,26-35,Male,B30,17.1,1611892,12,134324.33333333334
INV001824,26-35,Female,B30,8.9,1046917,6,174486.16666666666
INV001825,26-35,Male,B30,21.7,2150054,10,215005.4
INV001826,18-25,Male,B30,4.7,1023836,9,113759.55555555556
INV001827,36-45,Female,B30,54.3,197811,6,32968.5
INV001828,36-45,Male,T30,27.7,57282,8,7160.25
INV001829,26-35,Male,T30,22.7,969442,7,138491.7142857143
INV001830,26-35,Male,T30,6.2,13921,3,4640.333333333333
INV001831,18-25,Female,T30,4.3,1403227,9,155914.11111111112
INV001832,18-25,Male,T30,3.8,1232196,8,154024.5
INV001833,36-45,Female,T30,28.4,821120,7,117302.85714285714
INV001834,26-35,Male,T30,11.4,591243,7,84463.28571428571
INV001835,26-35,Female,T30,13.2,163031,6,27171.833333333332
INV001836,26-35,Male,B30,17.4,1024529,11,93139.0
INV001837,18-25,Male,B30,5.5,1229457,12,102454.75
INV001838,46-55,Male,B30,27.6,176581,2,88290.5
INV001839,26-35,Male,T30,18.6,454177,5,90835.4
INV001840,18-25,Male,B30,5.6,549846,2,274923.0
INV001841,36-45,Male,B30,41.3,456715,9,50746.11111111111
INV001842,26-35,Male,T30,14.4,1865959,10,186595.9
INV001843,46-55,Male,T30,51.9,2482179,9,275797.6666666667
INV001844,26-35,Female,T30,18.8,1388959,9,154328.77777777778
INV001845,26-35,Female,B30,14.8,406600,5,81320.0
INV001846,56+,Male,B30,72.3,757427,5,151485.4
INV001847,56+,Male,B30,53.4,501053,5,100210.6
INV001848,26-35,Male,T30,10.9,1176316,9,130701.77777777778
INV001849,36-45,Female,T30,49.3,620719,6,103453.16666666667
INV001850,26-35,Male,B30,17.1,701299,4,175324.75
INV001851,26-35,Male,T30,16.2,797224,8,99653.0
INV001852,26-35,Male,T30,21.7,1250437,8,156304.625
INV001853,18-25,Male,T30,6.1,992816,12,82734.66666666667
INV001854,46-55,Male,B30,67.3,714573,3,238191.0
INV001855,26-35,Male,T30,22.2,12739,2,6369.5
INV001856,36-45,Female,T30,43.5,1082328,8,135291.0
INV001857,26-35,Male,T30,24.0,2116893,11,192444.81818181818
INV001858,36-45,Male,B30,16.6,1314090,11,119462.72727272728
INV001859,36-45,Male,B30,32.2,1011714,7,144530.57142857142
INV001860,26-35,Female,B30,9.0,409489,4,102372.25
INV001861,26-35,Female,T30,19.4,1572816,10,157281.6
INV001862,26-35,Male,T30,17.5,619479,3,206493.0
INV001863,36-45,Male,T30,24.2,462836,4,115709.0
INV001864,18-25,Male,T30,7.5,272966,1,272966.0
INV001865,18-25,Female,T30,4.3,558501,9,62055.666666666664
INV001866,36-45,Female,T30,33.9,574628,8,71828.5
INV001867,26-35,Male,T30,22.1,640066,6,106677.66666666667
INV001868,26-35,Male,B30,17.3,367861,6,61310.166666666664
INV001869,46-55,Male,T30,30.6,718018,4,179504.5
INV001870,26-35,Male,T30,19.3,505122,8,63140.25
INV001871,56+,Male,T30,13.9,1365922,12,113826.83333333333
INV001872,26-35,Male,T30,23.0,9784,3,3261.3333333333335
INV001873,36-45,Female,T30,38.9,53455,3,17818.333333333332
INV001874,36-45,Male,T30,21.3,1897614,10,189761.4
INV001875,56+,Female,B30,64.4,792853,7,113264.71428571429
INV001876,36-45,Male,T30,13.3,824139,5,164827.8
INV001877,56+,Male,B30,62.1,659810,7,94258.57142857143
INV001878,26-35,Male,T30,7.8,504467,5,100893.4
INV001879,18-25,Female,T30,6.3,425995,9,47332.77777777778
INV001880,26-35,Male,B30,23.0,1214621,9,134957.88888888888
INV001881,26-35,Male,T30,11.2,506456,6,84409.33333333333
INV001882,26-35,Male,B30,22.9,873846,5,174769.2
INV001883,46-55,Male,T30,69.3,421206,8,52650.75
INV001884,18-25,Female,T30,7.0,27771,1,27771.0
INV001885,26-35,Male,T30,18.8,717493,12,59791.083333333336
INV001886,18-25,Male,T30,7.7,152542,10,15254.2
INV001887,26-35,Female,B30,8.1,1290164,7,184309.14285714287
INV001888,18-25,Female,T30,6.4,1079633,8,134954.125
INV001889,26-35,Male,T30,18.3,86387,1,86387.0
INV001890,26-35,Male,B30,21.9,513274,7,73324.85714285714
INV001891,26-35,Male,T30,22.2,883459,9,98162.11111111111
INV001892,26-35,Male,B30,18.9,50039,3,16679.666666666668
INV001893,26-35,Female,T30,12.7,508391,6,84731.83333333333
INV001894,26-35,Male,T30,21.1,684661,4,171165.25
INV001895,36-45,Male,T30,56.4,1247954,8,155994.25
INV001896,36-45,Male,T30,37.1,519066,6,86511.0
INV001897,26-35,Male,T30,8.6,732896,7,104699.42857142857
INV001898,36-45,Male,T30,38.9,278930,1,278930.0
INV001899,26-35,Male,T30,7.6,564020,8,70502.5
INV001900,36-45,Female,B30,19.7,25240,5,5048.0
INV001901,18-25,Female,T30,3.4,287388,3,95796.0
INV001902,46-55,Female,T30,22.2,534146,4,133536.5
INV001903,26-35,Female,T30,8.8,1689254,10,168925.4
INV001904,36-45,Female,T30,55.0,100684,2,50342.0
INV001905,26-35,Male,T30,19.2,340294,5,68058.8
INV001906,36-45,Female,B30,55.6,87034,3,29011.333333333332
INV001907,26-35,Male,T30,11.6,264776,1,264776.0
INV001908,26-35,Female,B30,22.6,1256813,5,251362.6
INV001909,36-45,Male,T30,34.2,925557,10,92555.7
INV001910,26-35,Female,B30,15.2,1350619,5,270123.8
INV001911,46-55,Male,T30,91.9,327561,4,81890.25
INV001912,26-35,Male,T30,10.4,1401364,11,127396.72727272728
INV001913,26-35,Female,T30,11.8,735103,6,122517.16666666667
INV001914,56+,Male,T30,61.9,1174262,10,117426.2
INV001915,26-35,Female,T30,19.8,6864,2,3432.0
INV001916,26-35,Male,T30,11.0,1728270,10,172827.0
INV001917,26-35,Male,T30,22.9,1544588,8,193073.5
INV001918,36-45,Male,B30,19.8,495325,2,247662.5
INV001919,26-35,Male,T30,17.3,468320,2,234160.0
INV001920,36-45,Female,T30,24.5,1386418,11,126038.0
INV001921,26-35,Female,T30,13.5,756798,12,63066.5
INV001922,18-25,Male,T30,5.5,271309,7,38758.42857142857
INV001923,18-25,Female,T30,4.0,1303739,12,108644.91666666667
INV001924,18-25,Male,T30,4.9,499609,9,55512.11111111111
INV001925,36-45,Male,B30,20.1,48046,1,48046.0
INV001926,46-55,Female,B30,26.9,1068830,11,97166.36363636363
INV001927,56+,Male,T30,58.7,1075729,9,119525.44444444444
INV001928,46-55,Female,T30,29.2,776641,6,129440.16666666667
INV001929,56+,Male,T30,60.1,876400,10,87640.0
INV001930,26-35,Female,T30,8.8,458380,6,76396.66666666667
INV001931,36-45,Male,T30,35.1,3236,1,3236.0
INV001932,36-45,Male,T30,20.1,6214,2,3107.0
INV001933,26-35,Male,B30,16.4,720963,8,90120.375
INV001934,46-55,Female,T30,77.4,297579,3,99193.0
INV001935,26-35,Male,T30,21.2,9362,1,9362.0
INV001936,36-45,Female,T30,42.7,312352,3,104117.33333333333
INV001937,18-25,Male,T30,7.8,789325,11,71756.81818181818
INV001938,26-35,Male,B30,17.4,886888,12,73907.33333333333
INV001939,26-35,Male,T30,21.2,405044,2,202522.0
INV001940,36-45,Male,T30,28.4,922711,8,115338.875
INV001941,56+,Male,T30,32.7,260155,2,130077.5
INV001942,26-35,Female,B30,20.3,894822,3,298274.0
INV001943,56+,Female,T30,28.3,596108,7,85158.28571428571
INV001944,18-25,Male,T30,4.4,1084537,10,108453.7
INV001945,26-35,Male,T30,8.0,1263474,8,157934.25
INV001946,26-35,Male,T30,13.2,787894,6,131315.66666666666
INV001947,36-45,Male,T30,43.4,2015,1,2015.0
INV001948,18-25,Female,B30,4.2,529327,4,132331.75
INV001949,36-45,Male,T30,43.2,710096,4,177524.0
INV001950,26-35,Female,T30,6.0,1286820,12,107235.0
INV001951,26-35,Male,T30,10.6,882587,10,88258.7
INV001952,36-45,Male,B30,22.1,238186,3,79395.33333333333
INV001953,46-55,Male,B30,55.0,883150,2,441575.0
INV001954,26-35,Male,B30,15.6,411577,9,45730.77777777778
INV001955,26-35,Female,B30,16.4,827053,8,103381.625
INV001956,26-35,Male,T30,22.1,743888,7,106269.71428571429
INV001957,36-45,Male,T30,51.1,3382,2,1691.0
INV001958,36-45,Male,T30,57.7,616575,3,205525.0
INV001959,18-25,Female,T30,4.7,1255134,9,139459.33333333334
INV001960,36-45,Male,B30,43.8,196853,3,65617.66666666667
INV001961,26-35,Male,T30,23.4,373665,8,46708.125
INV001962,26-35,Male,T30,13.6,458114,6,76352.33333333333
INV001963,26-35,Male,B30,10.3,739433,4,184858.25
INV001964,46-55,Male,T30,63.7,3276,1,3276.0
INV001965,56+,Male,T30,24.6,386063,2,193031.5
INV001966,18-25,Male,T30,4.0,655813,4,163953.25
INV001967,26-35,Male,T30,17.9,909638,8,113704.75
INV001968,26-35,Female,T30,24.9,479971,5,95994.2
INV001969,26-35,Male,B30,9.7,1580321,11,143665.54545454544
INV001970,36-45,Male,T30,55.1,1040682,7,148668.85714285713
INV001971,26-35,Male,T30,21.0,789169,11,71742.63636363637
INV001972,18-25,Male,B30,4.6,1475724,12,122977.0
INV001973,36-45,Male,T30,13.5,56792,1,56792.0
INV001974,56+,Male,T30,64.3,2034690,11,184971.81818181818
INV001975,36-45,Female,T30,35.3,679209,6,113201.5
INV001976,26-35,Female,T30,6.1,253606,3,84535.33333333333
INV001977,18-25,Female,B30,3.3,892292,9,99143.55555555556
INV001978,36-45,Male,T30,15.5,501829,7,71689.85714285714
INV001979,26-35,Male,T30,12.2,1221062,11,111005.63636363637
INV001980,26-35,Female,T30,21.1,10249,3,3416.3333333333335
INV001981,26-35,Male,T30,19.4,611933,5,122386.6
INV001982,26-35,Male,B30,14.9,956578,8,119572.25
INV001983,36-45,Male,T30,30.6,721360,8,90170.0
INV001984,26-35,Female,T30,7.2,24984,1,24984.0
INV001985,36-45,Male,T30,46.6,280553,7,40079.0
INV001986,36-45,Female,T30,17.4,596307,9,66256.33333333333
INV001987,18-25,Male,B30,7.2,1569778,11,142707.0909090909
INV001988,26-35,Male,T30,17.7,112210,3,37403.333333333336
INV001989,36-45,Female,T30,17.8,49776,3,16592.0
INV001990,26-35,Male,B30,9.3,1275684,12,106307.0
INV001991,26-35,Male,T30,13.9,797472,3,265824.0
INV001992,18-25,Male,T30,3.3,146728,5,29345.6
INV001993,36-45,Female,B30,44.2,1079055,11,98095.90909090909
INV001994,18-25,Female,B30,5.2,155875,2,77937.5
INV001995,26-35,Male,T30,20.8,970993,9,107888.11111111111
INV001996,26-35,Male,T30,21.7,451789,2,225894.5
INV001997,56+,Female,T30,24.8,465010,9,51667.77777777778
INV001998,26-35,Male,B30,19.2,1828925,12,152410.41666666666
INV001999,18-25,Male,B30,5.8,3179916,12,264993.0
INV002000,36-45,Female,T30,57.6,580491,7,82927.28571428571
INV002001,36-45,Female,B30,38.4,482676,9,53630.666666666664
INV002002,36-45,Female,T30,28.4,654968,5,130993.6
INV002003,26-35,Female,T30,20.1,1405902,7,200843.14285714287
INV002004,18-25,Male,B30,7.3,155773,2,77886.5
INV002005,18-25,Male,T30,7.1,1430201,7,204314.42857142858
INV002006,26-35,Male,T30,15.3,506034,8,63254.25
INV002007,18-25,Male,B30,4.2,488352,4,122088.0
INV002008,46-55,Male,T30,83.3,1526719,10,152671.9
INV002009,36-45,Female,T30,57.5,12577,1,12577.0
INV002010,56+,Male,B30,11.6,574575,8,71821.875
INV002011,36-45,Male,T30,41.1,1194866,9,132762.88888888888
INV002012,36-45,Male,T30,38.4,516823,7,73831.85714285714
INV002013,46-55,Male,T30,30.2,972732,8,121591.5
INV002014,26-35,Female,T30,13.7,17561,3,5853.666666666667
INV002015,26-35,Female,T30,11.1,257467,4,64366.75
INV002016,46-55,Male,T30,17.2,387013,4,96753.25
INV002017,26-35,Female,B30,15.0,637891,9,70876.77777777778
INV002018,26-35,Female,B30,18.0,1213533,11,110321.18181818182
INV002019,36-45,Male,T30,19.8,364481,8,45560.125
INV002020,18-25,Male,B30,5.8,805567,3,268522.3333333333
INV002021,36-45,Male,T30,38.6,1571360,7,224480.0
INV002022,26-35,Male,B30,6.8,1038054,7,148293.42857142858
INV002023,36-45,Female,T30,50.5,802085,5,160417.0
INV002024,26-35,Male,T30,17.6,531765,3,177255.0
INV002025,26-35,Female,B30,23.7,52531,7,7504.428571428572
INV002026,26-35,Male,T30,6.8,136398,6,22733.0
INV002027,18-25,Female,B30,3.1,458735,4,114683.75
INV002028,36-45,Female,T30,19.9,445192,2,222596.0
INV002029,36-45,Male,T30,29.3,84008,2,42004.0
INV002030,36-45,Male,B30,31.7,1456413,8,182051.625
INV002031,46-55,Male,T30,24.3,9353,1,9353.0
INV002032,26-35,Male,T30,14.2,158449,3,52816.333333333336
INV002033,46-55,Male,T30,18.9,836274,11,76024.90909090909
INV002034,26-35,Male,T30,10.0,763779,12,63648.25
INV002035,36-45,Male,T30,12.2,1877324,11,170665.81818181818
INV002036,26-35,Male,T30,23.2,1618515,12,134876.25
INV002037,56+,Male,T30,22.0,1452100,10,145210.0
INV002038,26-35,Male,B30,20.6,1436324,9,159591.55555555556
INV002039,46-55,Male,B30,17.3,2713616,11,246692.36363636365
INV002040,36-45,Female,B30,49.1,1148548,10,114854.8
INV002041,26-35,Male,T30,21.9,574451,6,95741.83333333333
INV002042,26-35,Female,T30,10.0,755281,10,75528.1
INV002043,18-25,Male,T30,6.7,644447,5,128889.4
INV002044,26-35,Female,T30,19.1,1133344,8,141668.0
INV002045,18-25,Female,T30,3.8,606488,9,67387.55555555556
INV002046,26-35,Male,B30,20.8,513009,2,256504.5
INV002047,26-35,Female,B30,19.5,14605,4,3651.25
INV002048,46-55,Female,B30,66.5,15142,1,15142.0
INV002049,36-45,Female,B30,36.8,732281,7,104611.57142857143
INV002050,18-25,Female,T30,7.2,715040,5,143008.0
INV002051,46-55,Female,T30,56.2,698757,10,69875.7
INV002052,36-45,Male,T30,50.8,877960,9,97551.11111111111
INV002053,26-35,Male,T30,8.8,11671,2,5835.5
INV002054,26-35,Male,T30,17.8,26667,5,5333.4
INV002055,26-35,Male,B30,18.7,1232285,8,154035.625
INV002056,18-25,Female,B30,3.4,1234506,7,176358.0
INV002057,18-25,Male,B30,3.3,424443,2,212221.5
INV002058,36-45,Male,B30,14.5,319890,3,106630.0
INV002059,46-55,Male,B30,95.1,289836,3,96612.0
INV002060,36-45,Male,T30,31.8,796354,7,113764.85714285714
INV002061,26-35,Male,T30,14.2,492215,7,70316.42857142857
INV002062,18-25,Male,T30,5.5,796753,3,265584.3333333333
INV002063,26-35,Female,T30,21.3,368921,3,122973.66666666667
INV002064,18-25,Male,T30,3.5,540877,4,135219.25
INV002065,46-55,Male,B30,78.6,69276,4,17319.0
INV002066,26-35,Female,T30,23.3,679396,6,113232.66666666667
INV002067,36-45,Female,T30,46.2,501276,9,55697.333333333336
INV002068,18-25,Female,T30,3.1,23863,2,11931.5
INV002069,46-55,Male,T30,59.0,534630,11,48602.72727272727
INV002070,36-45,Male,T30,40.3,1093260,11,99387.27272727272
INV002071,56+,Male,T30,61.1,913305,4,228326.25
INV002072,26-35,Female,T30,15.2,49859,3,16619.666666666668
INV002073,56+,Male,B30,73.1,389698,5,77939.6
INV002074,26-35,Female,T30,6.1,469153,6,78192.16666666667
INV002075,36-45,Female,T30,34.4,437340,6,72890.0
INV002076,36-45,Female,T30,47.0,7534,1,7534.0
INV002077,18-25,Female,T30,6.3,507541,6,84590.16666666667
INV002078,18-25,Male,B30,6.4,24172,2,12086.0
INV002079,26-35,Male,B30,10.1,487019,4,121754.75
INV002080,26-35,Male,B30,21.3,1280935,9,142326.11111111112
INV002081,26-35,Male,T30,14.2,971167,5,194233.4
INV002082,36-45,Male,T30,59.5,402844,5,80568.8
INV002083,26-35,Male,T30,21.2,341983,11,31089.363636363636
INV002084,18-25,Male,T30,5.4,2072,1,2072.0
INV002085,56+,Female,T30,12.5,288212,7,41173.142857142855
INV002086,26-35,Male,T30,22.9,138875,1,138875.0
INV002087,26-35,Male,T30,24.8,209869,6,34978.166666666664
INV002088,46-55,Female,T30,43.7,968782,8,121097.75
INV002089,46-55,Female,B30,22.5,545812,4,136453.0
INV002090,26-35,Male,T30,23.7,1091019,10,109101.9
INV002091,18-25,Male,T30,6.5,534,1,534.0
INV002092,18-25,Male,B30,7.7,934500,10,93450.0
INV002093,26-35,Male,T30,14.7,1316545,8,164568.125
INV002094,26-35,Female,B30,25.0,227417,4,56854.25
INV002095,26-35,Male,B30,9.2,2019307,11,183573.36363636365
INV002096,18-25,Female,T30,6.9,513453,6,85575.5
INV002097,46-55,Male,B30,64.5,629177,3,209725.66666666666
INV002098,26-35,Male,T30,15.6,973631,9,108181.22222222222
INV002099,36-45,Female,T30,34.9,1404902,8,175612.75
INV002100,26-35,Male,T30,22.5,1235092,3,411697.3333333333
INV002101,26-35,Male,T30,14.7,1300039,12,108336.58333333333
INV002102,26-35,Male,B30,9.2,827955,9,91995.0
INV002103,26-35,Male,B30,24.1,592545,4,148136.25
INV002104,26-35,Female,T30,15.0,1245622,10,124562.2
INV002105,18-25,Female,T30,3.7,288896,1,288896.0
INV002106,26-35,Male,T30,20.8,34136,5,6827.2
INV002107,26-35,Male,T30,18.2,511466,10,51146.6
INV002108,46-55,Male,T30,35.0,61029,3,20343.0
INV002109,26-35,Male,B30,14.4,1712983,8,214122.875
INV002110,26-35,Female,B30,20.8,595333,7,85047.57142857143
INV002111,36-45,Female,T30,29.2,1152847,12,96070.58333333333
INV002112,56+,Male,T30,41.3,1411117,9,156790.77777777778
INV002113,26-35,Male,B30,21.6,652895,6,108815.83333333333
INV002114,18-25,Female,B30,5.5,1612483,8,201560.375
INV002115,56+,Female,T30,71.4,979355,8,122419.375
INV002116,18-25,Male,T30,3.8,1418181,10,141818.1
INV002117,26-35,Male,T30,21.7,864548,8,108068.5
INV002118,26-35,Female,T30,6.6,135733,2,67866.5
INV002119,26-35,Female,B30,11.8,711208,10,71120.8
INV002120,26-35,Male,T30,13.8,62457,3,20819.0
INV002121,18-25,Female,B30,3.5,352626,9,39180.666666666664
INV002122,46-55,Male,T30,46.3,533263,8,66657.875
INV002123,26-35,Male,T30,14.7,902613,7,128944.71428571429
INV002124,18-25,Male,B30,5.0,1481970,10,148197.0
INV002125,26-35,Female,B30,7.9,174797,6,29132.833333333332
INV002126,26-35,Female,T30,22.0,507882,7,72554.57142857143
INV002127,18-25,Male,B30,7.4,610190,8,76273.75
INV002128,26-35,Female,B30,21.6,915004,6,152500.66666666666
INV002129,56+,Male,T30,10.0,143245,4,35811.25
INV002130,46-55,Male,T30,22.5,489660,6,81610.0
INV002131,46-55,Male,B30,75.1,601268,8,75158.5
INV002132,46-55,Female,B30,31.0,280328,3,93442.66666666667
INV002133,26-35,Male,B30,23.0,313318,6,52219.666666666664
INV002134,26-35,Male,B30,24.8,1305485,12,108790.41666666667
INV002135,56+,Male,T30,18.3,1197980,10,119798.0
INV002136,18-25,Male,T30,5.3,760544,4,190136.0
INV002137,36-45,Male,B30,17.6,1008825,10,100882.5
INV002138,46-55,Female,T30,78.2,710151,8,88768.875
INV002139,36-45,Female,T30,28.6,1551966,8,193995.75
INV002140,26-35,Male,T30,15.4,493914,3,164638.0
INV002141,46-55,Male,T30,36.2,709218,7,101316.85714285714
INV002142,18-25,Male,T30,3.6,495932,10,49593.2
INV002143,26-35,Male,T30,11.8,812426,12,67702.16666666667
INV002144,18-25,Male,T30,3.2,416208,5,83241.6
INV002145,36-45,Male,T30,32.8,478732,3,159577.33333333334
INV002146,26-35,Male,T30,19.0,210955,3,70318.33333333333
INV002147,26-35,Male,B30,14.4,513730,2,256865.0
INV002148,26-35,Male,T30,9.8,94522,4,23630.5
INV002149,26-35,Male,B30,21.8,832066,11,75642.36363636363
INV002150,26-35,Female,B30,21.5,57183,6,9530.5
INV002151,26-35,Female,T30,18.1,378640,10,37864.0
INV002152,46-55,Male,B30,69.8,1475992,8,184499.0
INV002153,18-25,Female,B30,3.5,891126,10,89112.6
INV002154,36-45,Male,T30,40.5,1169884,12,97490.33333333333
INV002155,56+,Male,T30,26.2,694670,8,86833.75
INV002156,26-35,Male,T30,18.7,321505,3,107168.33333333333
INV002157,26-35,Male,T30,16.9,1028453,12,85704.41666666667
INV002158,26-35,Male,T30,14.5,1433878,9,159319.77777777778
INV002159,26-35,Male,T30,7.0,504028,8,63003.5
INV002160,18-25,Male,B30,6.9,741009,3,247003.0
INV002161,26-35,Male,B30,11.4,1497111,8,187138.875
INV002162,46-55,Male,T30,40.2,307301,10,30730.1
INV002163,26-35,Female,B30,10.5,16887,2,8443.5
INV002164,56+,Male,B30,37.0,498336,7,71190.85714285714
INV002165,46-55,Male,T30,46.2,1537545,7,219649.2857142857
INV002166,36-45,Male,T30,33.3,134817,7,19259.571428571428
INV002167,26-35,Female,T30,8.7,1520390,9,168932.22222222222
INV002168,36-45,Male,T30,34.9,25121,4,6280.25
INV002169,46-55,Male,B30,70.3,926937,4,231734.25
INV002170,26-35,Female,T30,14.7,905704,7,129386.28571428571
INV002171,56+,Male,T30,21.8,55736,7,7962.285714285715
INV002172,46-55,Female,T30,56.0,55655,3,18551.666666666668
INV002173,26-35,Female,T30,6.5,3200,2,1600.0
INV002174,36-45,Male,T30,25.1,1003989,6,167331.5
INV002175,36-45,Male,B30,47.8,104756,2,52378.0
INV002176,56+,Male,B30,32.0,558882,7,79840.28571428571
INV002177,26-35,Male,T30,13.2,1359487,11,123589.72727272728
INV002178,36-45,Female,T30,33.8,569430,11,51766.36363636364
INV002179,26-35,Female,T30,12.0,1162366,11,105669.63636363637
INV002180,18-25,Male,T30,5.1,57151,3,19050.333333333332
INV002181,26-35,Male,T30,18.3,1475032,6,245838.66666666666
INV002182,36-45,Male,B30,54.3,1737243,12,144770.25
INV002183,46-55,Female,B30,98.2,219888,4,54972.0
INV002184,36-45,Female,B30,38.1,1359367,11,123578.81818181818
INV002185,26-35,Male,T30,21.0,1389586,10,138958.6
INV002186,18-25,Female,B30,7.9,433021,10,43302.1
INV002187,36-45,Male,T30,15.0,1212077,12,101006.41666666667
INV002188,26-35,Male,T30,19.1,1190619,9,132291.0
INV002189,36-45,Male,T30,37.4,1898414,12,158201.16666666666
INV002190,36-45,Female,B30,58.7,1029536,5,205907.2
INV002191,26-35,Male,T30,9.0,699980,5,139996.0
INV002192,18-25,Male,T30,6.9,1415298,10,141529.8
INV002193,36-45,Female,T30,49.7,703188,3,234396.0
INV002194,56+,Female,B30,13.4,8980,1,8980.0
INV002195,26-35,Male,T30,24.5,158195,10,15819.5
INV002196,26-35,Female,T30,23.6,818463,10,81846.3
INV002197,18-25,Male,T30,6.3,702186,5,140437.2
INV002198,36-45,Female,T30,43.3,830688,12,69224.0
INV002199,26-35,Male,T30,18.6,936564,9,104062.66666666667
INV002200,26-35,Male,T30,23.1,363740,6,60623.333333333336
INV002201,36-45,Male,T30,34.5,1642110,10,164211.0
INV002202,18-25,Female,T30,7.1,347098,10,34709.8
INV002203,46-55,Male,B30,25.9,548923,2,274461.5
INV002204,36-45,Male,B30,36.1,571997,4,142999.25
INV002205,26-35,Female,T30,10.9,571728,6,95288.0
INV002206,18-25,Male,T30,7.7,1538017,11,139819.72727272726
INV002207,26-35,Female,T30,6.6,1117901,7,159700.14285714287
INV002208,56+,Male,T30,61.1,1324939,11,120449.0
INV002209,56+,Male,T30,9.6,9846,2,4923.0
INV002210,18-25,Male,B30,4.8,142962,1,142962.0
INV002211,26-35,Male,T30,11.3,761191,10,76119.1
INV002212,36-45,Male,T30,26.4,1246591,8,155823.875
INV002213,36-45,Female,T30,33.8,1194985,9,132776.11111111112
INV002214,36-45,Female,T30,50.5,1731984,12,144332.0
INV002215,18-25,Male,B30,3.4,2009153,10,200915.3
INV002216,46-55,Male,T30,26.5,509264,10,50926.4
INV002217,18-25,Male,B30,7.0,677355,5,135471.0
INV002218,36-45,Male,B30,52.7,745768,8,93221.0
INV002219,26-35,Male,B30,6.9,1128288,11,102571.63636363637
INV002220,46-55,Male,T30,29.9,1225352,11,111395.63636363637
INV002221,18-25,Male,T30,5.7,539059,2,269529.5
INV002222,26-35,Male,B30,8.7,556818,3,185606.0
INV002223,36-45,Female,T30,40.7,1295753,6,215958.83333333334
INV002224,26-35,Male,B30,21.4,475380,5,95076.0
INV002225,46-55,Male,B30,86.2,405020,5,81004.0
INV002226,46-55,Female,T30,29.3,217291,4,54322.75
INV002227,26-35,Female,T30,12.5,136171,5,27234.2
INV002228,18-25,Male,B30,7.7,915379,9,101708.77777777778
INV002229,36-45,Male,T30,24.6,1352491,10,135249.1
INV002230,36-45,Male,T30,21.7,902140,11,82012.72727272728
INV002231,26-35,Male,B30,10.1,464260,1,464260.0
INV002232,26-35,Female,T30,16.9,926223,12,77185.25
INV002233,36-45,Female,T30,21.6,2600,1,2600.0
INV002234,26-35,Male,T30,24.5,1177507,8,147188.375
INV002235,36-45,Female,B30,32.1,570933,7,81561.85714285714
INV002236,26-35,Male,T30,21.6,603381,9,67042.33333333333
INV002237,46-55,Male,B30,23.1,446544,10,44654.4
INV002238,36-45,Male,T30,58.3,602548,7,86078.28571428571
INV002239,26-35,Male,T30,8.9,868946,7,124135.14285714286
INV002240,26-35,Male,B30,24.7,1372923,12,114410.25
INV002241,36-45,Female,B30,41.4,473519,11,43047.181818181816
INV002242,26-35,Male,T30,22.2,201533,5,40306.6
INV002243,26-35,Male,B30,7.8,568149,5,113629.8
INV002244,36-45,Male,T30,49.4,1028855,10,102885.5
INV002245,26-35,Female,B30,24.6,2623784,12,218648.66666666666
INV002246,36-45,Male,T30,31.2,615977,3,205325.66666666666
INV002247,18-25,Female,B30,6.1,75739,2,37869.5
INV002248,26-35,Male,T30,8.1,385232,7,55033.142857142855
INV002249,36-45,Male,T30,19.6,1183497,10,118349.7
INV002250,36-45,Male,T30,20.4,2556238,12,213019.83333333334
INV002251,26-35,Female,T30,16.8,424922,7,60703.142857142855
INV002252,36-45,Female,T30,46.4,1642430,11,149311.81818181818
INV002253,46-55,Male,T30,28.6,1016678,5,203335.6
INV002254,26-35,Male,T30,7.7,272637,1,272637.0
INV002255,26-35,Male,T30,24.0,913233,5,182646.6
INV002256,46-55,Male,T30,49.6,86659,6,14443.166666666666
INV002257,26-35,Male,T30,9.8,201710,3,67236.66666666667
INV002258,36-45,Male,B30,33.7,1211159,8,151394.875
INV002259,18-25,Female,B30,6.7,1392629,11,126602.63636363637
INV002260,26-35,Female,T30,10.1,1524928,11,138629.81818181818
INV002261,18-25,Male,B30,5.0,1086283,8,135785.375
INV002262,26-35,Male,B30,8.2,1704896,8,213112.0
INV002263,26-35,Female,T30,11.3,358807,1,358807.0
INV002264,46-55,Female,B30,21.2,1071522,8,133940.25
INV002265,18-25,Female,T30,3.8,384051,10,38405.1
INV002266,26-35,Male,T30,12.0,568067,4,142016.75
INV002267,18-25,Male,B30,4.7,1319913,10,131991.3
INV002268,36-45,Female,T30,18.7,125909,2,62954.5
INV002269,36-45,Female,B30,49.0,748903,5,149780.6
INV002270,46-55,Female,T30,23.9,1964288,11,178571.63636363635
INV002271,46-55,Female,T30,75.9,544432,6,90738.66666666667
INV002272,18-25,Male,T30,5.3,339407,3,113135.66666666667
INV002273,36-45,Male,T30,25.3,24849,2,12424.5
INV002274,18-25,Female,B30,6.9,1314238,10,131423.8
INV002275,18-25,Male,T30,7.1,1372132,10,137213.2
INV002276,46-55,Male,T30,88.0,2411124,10,241112.4
INV002277,26-35,Female,T30,10.3,1085035,12,90419.58333333333
INV002278,46-55,Female,B30,88.6,368724,3,122908.0
INV002279,36-45,Male,T30,25.1,430648,4,107662.0
INV002280,18-25,Male,B30,3.5,903296,10,90329.6
INV002281,18-25,Female,T30,3.1,375115,6,62519.166666666664
INV002282,36-45,Male,T30,53.7,1912274,12,159356.16666666666
INV002283,26-35,Female,T30,14.5,451792,5,90358.4
INV002284,36-45,Male,T30,55.3,1368949,12,114079.08333333333
INV002285,18-25,Male,T30,6.6,45468,3,15156.0
INV002286,18-25,Male,B30,5.9,992837,8,124104.625
INV002287,46-55,Male,B30,64.1,251986,6,41997.666666666664
INV002288,26-35,Female,T30,17.5,55964,2,27982.0
INV002289,26-35,Female,T30,6.4,496548,2,248274.0
INV002290,36-45,Male,T30,24.7,1235580,10,123558.0
INV002291,26-35,Male,T30,8.2,499228,4,124807.0
INV002292,36-45,Male,B30,54.1,1440103,11,130918.45454545454
INV002293,26-35,Female,B30,24.3,569350,2,284675.0
INV002294,26-35,Male,T30,22.3,625545,10,62554.5
INV002295,26-35,Female,T30,17.9,1398141,12,116511.75
INV002296,56+,Male,T30,14.8,246142,2,123071.0
INV002297,36-45,Male,T30,22.9,532126,3,177375.33333333334
INV002298,56+,Male,B30,45.3,684868,9,76096.44444444444
INV002299,36-45,Female,B30,26.8,1121304,7,160186.2857142857
INV002300,36-45,Female,B30,21.1,167138,5,33427.6
INV002301,18-25,Male,T30,6.9,169930,2,84965.0
INV002302,26-35,Male,T30,10.1,1412010,9,156890.0
INV002303,26-35,Male,B30,12.5,137559,1,137559.0
INV002304,46-55,Male,B30,57.7,754607,12,62883.916666666664
INV002305,36-45,Male,T30,19.4,265148,2,132574.0
INV002306,18-25,Male,T30,3.4,894884,8,111860.5
INV002307,26-35,Male,T30,24.2,223399,6,37233.166666666664
INV002308,26-35,Male,T30,19.0,1773329,11,161211.72727272726
INV002309,26-35,Female,T30,16.6,52802,2,26401.0
INV002310,26-35,Female,B30,15.6,769265,6,128210.83333333333
INV002311,36-45,Male,B30,31.5,2378382,11,216216.54545454544
INV002312,18-25,Female,T30,5.5,493510,5,98702.0
INV002313,26-35,Female,T30,8.4,50620,1,50620.0
INV002314,18-25,Male,T30,3.9,89326,4,22331.5
INV002315,18-25,Male,B30,6.4,1326374,12,110531.16666666667
INV002316,26-35,Male,B30,16.7,613515,5,122703.0
INV002317,26-35,Male,T30,18.1,454318,3,151439.33333333334
INV002318,36-45,Male,T30,21.1,753688,5,150737.6
INV002319,26-35,Male,B30,8.7,855380,11,77761.81818181818
INV002320,26-35,Male,B30,23.7,663504,3,221168.0
INV002321,26-35,Male,T30,22.5,25499,1,25499.0
INV002322,18-25,Male,T30,3.3,788119,9,87568.77777777778
INV002323,36-45,Female,T30,33.7,84826,7,12118.0
INV002324,26-35,Male,T30,16.2,1134532,8,141816.5
INV002325,36-45,Male,B30,48.8,587201,5,117440.2
INV002326,36-45,Female,T30,33.2,1427839,10,142783.9
INV002327,26-35,Male,B30,7.0,462608,11,42055.27272727273
INV002328,26-35,Male,T30,11.6,935779,7,133682.7142857143
INV002329,56+,Male,T30,51.2,1111142,12,92595.16666666667
INV002330,26-35,Female,T30,17.5,189122,5,37824.4
INV002331,26-35,Female,T30,22.6,877330,4,219332.5
INV002332,26-35,Female,T30,13.4,553885,8,69235.625
INV002333,26-35,Male,B30,23.7,857688,6,142948.0
INV002334,56+,Male,T30,40.4,680633,4,170158.25
INV002335,26-35,Male,B30,19.3,876063,4,219015.75
INV002336,36-45,Male,T30,35.8,26986,1,26986.0
INV002337,26-35,Female,T30,17.5,475504,2,237752.0
INV002338,26-35,Male,T30,23.6,478221,7,68317.28571428571
INV002339,36-45,Male,T30,46.4,764790,6,127465.0
INV002340,26-35,Female,B30,7.3,1135725,3,378575.0
INV002341,36-45,Female,T30,50.8,601521,6,100253.5
INV002342,26-35,Male,T30,15.8,754082,9,83786.88888888889
INV002343,26-35,Male,B30,22.1,1162620,12,96885.0
INV002344,46-55,Female,T30,92.9,1249953,8,156244.125
INV002345,36-45,Male,B30,38.3,761278,8,95159.75
INV002346,36-45,Male,T30,54.5,346485,6,57747.5
INV002347,26-35,Female,T30,6.5,30517,9,3390.777777777778
INV002348,26-35,Male,B30,13.4,1500909,12,125075.75
INV002349,26-35,Female,B30,9.6,420835,10,42083.5
INV002350,26-35,Male,T30,23.0,1945935,10,194593.5
INV002351,36-45,Male,T30,18.9,1174003,12,97833.58333333333
INV002352,56+,Male,T30,28.1,665521,5,133104.2
INV002353,46-55,Male,T30,40.5,1366211,9,151801.22222222222
INV002354,46-55,Male,B30,86.9,74849,1,74849.0
INV002355,26-35,Female,T30,23.7,412342,2,206171.0
INV002356,26-35,Female,T30,21.3,24801,2,12400.5
INV002357,26-35,Male,T30,7.8,1367648,12,113970.66666666667
INV002358,36-45,Female,T30,55.6,107468,5,21493.6
INV002359,36-45,Male,T30,30.5,136118,1,136118.0
INV002360,26-35,Male,T30,11.6,853269,12,71105.75
INV002361,36-45,Male,T30,59.3,958843,10,95884.3
INV002362,26-35,Male,T30,22.3,391995,1,391995.0
INV002363,26-35,Male,T30,12.7,920959,9,102328.77777777778
INV002364,46-55,Male,T30,51.3,900794,8,112599.25
INV002365,46-55,Male,T30,76.9,1718580,10,171858.0
INV002366,26-35,Female,T30,20.4,753367,4,188341.75
INV002367,26-35,Male,T30,13.9,367239,8,45904.875
INV002368,26-35,Male,T30,13.7,776842,12,64736.833333333336
INV002369,36-45,Male,B30,33.6,604364,10,60436.4
INV002370,26-35,Male,T30,16.6,95686,8,11960.75
INV002371,26-35,Female,B30,20.9,517810,2,258905.0
INV002372,36-45,Female,T30,28.6,778488,9,86498.66666666667
INV002373,36-45,Male,T30,56.3,1419347,12,118278.91666666667
INV002374,26-35,Female,B30,8.6,1023844,11,93076.72727272728
INV002375,46-55,Male,T30,64.0,574298,4,143574.5
INV002376,18-25,Male,T30,6.8,244709,2,122354.5
INV002377,18-25,Male,B30,7.1,280854,4,70213.5
INV002378,26-35,Male,T30,12.1,718036,6,119672.66666666667
INV002379,26-35,Male,B30,15.6,937322,5,187464.4
INV002380,26-35,Male,T30,19.4,59019,4,14754.75
INV002381,36-45,Male,B30,23.1,942299,6,157049.83333333334
INV002382,26-35,Male,T30,18.5,906899,8,113362.375
INV002383,18-25,Female,B30,3.2,991385,4,247846.25
INV002384,26-35,Male,B30,24.3,732972,12,61081.0
INV002385,26-35,Male,T30,21.9,55543,3,18514.333333333332
INV002386,26-35,Female,T30,19.8,3282,1,3282.0
INV002387,26-35,Male,T30,13.1,1345043,10,134504.3
INV002388,18-25,Male,B30,4.8,854220,9,94913.33333333333
INV002389,36-45,Male,B30,50.8,525422,12,43785.166666666664
INV002390,56+,Female,B30,24.4,404117,7,57731.0
INV002391,18-25,Female,B30,7.9,889199,10,88919.9
INV002392,56+,Female,T30,68.4,576950,6,96158.33333333333
INV002393,26-35,Female,B30,15.2,1307114,9,145234.88888888888
INV002394,46-55,Male,T30,84.9,711233,7,101604.71428571429
INV002395,26-35,Male,T30,13.0,58610,6,9768.333333333334
INV002396,18-25,Female,B30,3.6,1099257,4,274814.25
INV002397,26-35,Male,B30,20.2,1013153,7,144736.14285714287
INV002398,26-35,Male,B30,10.1,32185,1,32185.0
INV002399,46-55,Female,T30,34.7,1815409,12,151284.08333333334
INV002400,36-45,Male,T30,15.5,834526,12,69543.83333333333
INV002401,26-35,Male,T30,20.9,547739,11,49794.454545454544
INV002402,46-55,Male,T30,55.5,620722,10,62072.2
INV002403,18-25,Male,B30,3.3,414432,5,82886.4
INV002404,18-25,Female,B30,7.5,68711,2,34355.5
INV002405,18-25,Male,B30,7.6,324734,4,81183.5
INV002406,36-45,Male,T30,31.9,301115,2,150557.5
INV002407,36-45,Male,T30,35.9,1190428,10,119042.8
INV002408,56+,Male,T30,56.2,41074,2,20537.0
INV002409,18-25,Female,B30,4.9,1188044,12,99003.66666666667
INV002410,26-35,Male,B30,8.7,2285,1,2285.0
INV002411,46-55,Male,T30,38.4,566545,5,113309.0
INV002412,26-35,Male,T30,11.4,593341,7,84763.0
INV002413,26-35,Male,T30,14.4,676857,11,61532.454545454544
INV002414,26-35,Female,T30,24.1,888685,7,126955.0
INV002415,36-45,Male,T30,13.9,919026,11,83547.81818181818
INV002416,26-35,Female,T30,15.2,2105097,9,233899.66666666666
INV002417,26-35,Male,B30,16.8,572483,10,57248.3
INV002418,36-45,Male,B30,34.0,767617,8,95952.125
INV002419,36-45,Male,B30,58.7,182246,4,45561.5
INV002420,26-35,Female,B30,6.4,1457451,12,121454.25
INV002421,26-35,Male,T30,6.8,271016,2,135508.0
INV002422,36-45,Male,T30,20.5,689464,12,57455.333333333336
INV002423,46-55,Male,T30,38.7,504074,5,100814.8
INV002424,56+,Female,T30,51.2,798824,6,133137.33333333334
INV002425,26-35,Male,B30,18.1,419102,4,104775.5
INV002426,26-35,Male,B30,10.9,370575,6,61762.5
INV002427,18-25,Female,B30,6.5,1604033,9,178225.88888888888
INV002428,56+,Female,T30,38.0,770843,4,192710.75
INV002429,26-35,Male,B30,11.2,790559,8,98819.875
INV002430,26-35,Male,B30,16.2,1496835,11,136075.9090909091
INV002431,26-35,Female,T30,14.8,1874983,8,234372.875
INV002432,46-55,Female,T30,48.1,12141,2,6070.5
INV002433,36-45,Female,B30,46.3,1109,1,1109.0
INV002434,26-35,Male,B30,13.8,380404,7,54343.42857142857
INV002435,56+,Female,B30,58.6,41496,5,8299.2
INV002436,46-55,Male,T30,28.8,16148,4,4037.0
INV002437,26-35,Male,B30,24.8,840758,10,84075.8
INV002438,56+,Male,B30,37.9,817224,3,272408.0
INV002439,18-25,Male,T30,3.8,334717,2,167358.5
INV002440,18-25,Female,T30,3.0,1233314,6,205552.33333333334
INV002441,26-35,Male,T30,19.6,256187,4,64046.75
INV002442,56+,Female,B30,30.7,7979,2,3989.5
INV002443,36-45,Male,T30,57.0,2279,1,2279.0
INV002444,18-25,Female,T30,3.8,1471264,8,183908.0
INV002445,26-35,Male,T30,9.5,688480,11,62589.09090909091
INV002446,26-35,Male,B30,12.9,603436,6,100572.66666666667
INV002447,26-35,Male,T30,21.3,474124,2,237062.0
INV002448,26-35,Male,B30,24.7,202788,3,67596.0
INV002449,46-55,Male,B30,78.3,8972,2,4486.0
INV002450,36-45,Female,T30,14.5,862905,5,172581.0
INV002451,18-25,Male,T30,6.6,90042,2,45021.0
INV002452,18-25,Male,B30,5.1,675952,7,96564.57142857143
INV002453,26-35,Female,T30,16.1,1366605,11,124236.81818181818
INV002454,36-45,Male,B30,37.5,899501,7,128500.14285714286
INV002455,26-35,Male,T30,13.4,5559,1,5559.0
INV002456,26-35,Male,T30,22.5,319032,2,159516.0
INV002457,36-45,Male,T30,39.2,372388,3,124129.33333333333
INV002458,18-25,Male,T30,7.1,1029487,11,93589.72727272728
INV002459,18-25,Female,B30,5.2,853573,12,71131.08333333333
INV002460,36-45,Male,B30,44.8,769935,5,153987.0
INV002461,26-35,Male,T30,19.5,928836,6,154806.0
INV002462,36-45,Male,T30,19.6,7150,1,7150.0
INV002463,18-25,Male,B30,7.0,554869,7,79267.0
INV002464,26-35,Female,T30,22.9,172621,7,24660.14285714286
INV002465,26-35,Female,T30,7.0,808512,5,161702.4
INV002466,36-45,Male,T30,36.9,1437375,12,119781.25
INV002467,36-45,Male,T30,12.3,436732,10,43673.2
INV002468,46-55,Male,T30,48.8,1030573,7,147224.7142857143
INV002469,26-35,Female,T30,12.3,1591641,10,159164.1
INV002470,46-55,Female,T30,26.1,1135,1,1135.0
INV002471,18-25,Male,T30,3.1,898267,11,81660.63636363637
INV002472,26-35,Female,T30,19.1,2225597,10,222559.7
INV002473,36-45,Male,T30,41.8,1209821,8,151227.625
INV002474,36-45,Male,T30,54.3,1870,1,1870.0
INV002475,26-35,Male,T30,14.4,129760,11,11796.363636363636
INV002476,36-45,Female,T30,58.6,1217708,9,135300.88888888888
INV002477,46-55,Female,T30,72.4,53918,3,17972.666666666668
INV002478,18-25,Male,T30,4.4,198698,3,66232.66666666667
INV002479,18-25,Male,T30,3.3,29314,2,14657.0
INV002480,26-35,Male,T30,20.5,114341,1,114341.0
INV002481,46-55,Male,T30,64.1,418433,2,209216.5
INV002482,26-35,Male,T30,12.8,545280,1,545280.0
INV002483,46-55,Female,T30,60.8,834245,8,104280.625
INV002484,26-35,Male,T30,24.1,526210,2,263105.0
INV002485,46-55,Female,B30,70.2,1309919,12,109159.91666666667
INV002486,56+,Male,T30,16.2,512045,9,56893.88888888889
INV002487,26-35,Male,T30,19.5,305091,3,101697.0
INV002488,26-35,Male,T30,12.2,1005263,7,143609.0
INV002489,56+,Female,B30,52.2,3507,2,1753.5
INV002490,36-45,Female,T30,28.1,979295,10,97929.5
INV002491,18-25,Male,B30,4.4,305270,4,76317.5
INV002492,26-35,Female,T30,6.8,360745,1,360745.0
INV002493,56+,Female,T30,27.1,176520,4,44130.0
INV002494,46-55,Male,T30,40.0,350760,3,116920.0
INV002495,26-35,Male,B30,6.6,442282,10,44228.2
INV002496,36-45,Male,B30,40.5,463045,7,66149.28571428571
INV002497,26-35,Female,T30,13.0,814128,12,67844.0
INV002498,36-45,Male,T30,56.2,408636,2,204318.0
INV002499,26-35,Male,T30,23.0,1075222,8,134402.75
INV002500,26-35,Male,T30,14.7,1726649,12,143887.41666666666
INV002501,26-35,Female,T30,24.8,169066,1,169066.0
INV002502,26-35,Male,B30,23.6,426924,7,60989.142857142855
INV002503,26-35,Male,T30,11.5,1242672,9,138074.66666666666
INV002504,26-35,Male,B30,22.4,1290510,10,129051.0
INV002505,36-45,Female,B30,21.1,718010,4,179502.5
INV002506,18-25,Female,T30,3.2,549139,8,68642.375
INV002507,26-35,Female,T30,12.7,593932,6,98988.66666666667
INV002508,46-55,Male,T30,60.8,128547,9,14283.0
INV002509,36-45,Female,T30,19.9,668923,12,55743.583333333336
INV002510,36-45,Male,B30,32.6,1152823,12,96068.58333333333
INV002511,36-45,Male,T30,45.5,420200,2,210100.0
INV002512,46-55,Male,T30,74.6,1018520,5,203704.0
INV002513,26-35,Female,B30,10.6,337981,5,67596.2
INV002514,18-25,Male,B30,7.5,72316,3,24105.333333333332
INV002515,56+,Female,T30,73.9,973591,5,194718.2
INV002516,36-45,Female,B30,39.6,418311,4,104577.75
INV002517,26-35,Male,T30,19.8,4897,1,4897.0
INV002518,36-45,Male,T30,39.4,507808,5,101561.6
INV002519,56+,Male,T30,29.7,48999,1,48999.0
INV002520,36-45,Male,T30,48.9,1967715,12,163976.25
INV002521,26-35,Male,T30,12.3,495324,8,61915.5
INV002522,26-35,Female,T30,6.3,175414,1,175414.0
INV002523,46-55,Female,T30,57.2,1861163,12,155096.91666666666
INV002524,46-55,Male,B30,72.9,822644,3,274214.6666666667
INV002525,18-25,Male,B30,4.5,162873,3,54291.0
INV002526,18-25,Female,B30,3.5,1511279,11,137389.0
INV002527,18-25,Male,T30,6.8,628152,11,57104.72727272727
INV002528,46-55,Male,T30,16.3,240997,6,40166.166666666664
INV002529,18-25,Female,T30,5.3,822048,6,137008.0
INV002530,36-45,Male,T30,53.9,301697,9,33521.88888888889
INV002531,36-45,Female,B30,50.4,723463,10,72346.3
INV002532,56+,Female,T30,11.7,308468,4,77117.0
INV002533,46-55,Male,B30,73.5,253220,7,36174.28571428572
INV002534,46-55,Male,T30,31.0,324264,4,81066.0
INV002535,36-45,Male,B30,22.6,1750901,11,159172.81818181818
INV002536,26-35,Male,T30,11.9,921052,6,153508.66666666666
INV002537,36-45,Female,T30,43.7,104160,1,104160.0
INV002538,18-25,Male,T30,4.7,30934,2,15467.0
INV002539,18-25,Male,T30,6.4,9949,2,4974.5
INV002540,26-35,Male,B30,10.8,702699,6,117116.5
INV002541,46-55,Male,B30,63.8,792757,5,158551.4
INV002542,26-35,Female,T30,15.9,1139898,9,126655.33333333333
INV002543,18-25,Female,T30,7.7,1211489,12,100957.41666666667
INV002544,26-35,Male,B30,7.4,8566,1,8566.0
INV002545,36-45,Male,B30,31.5,1199007,5,239801.4
INV002546,26-35,Male,T30,19.3,1299210,10,129921.0
INV002547,26-35,Male,T30,7.3,1475760,10,147576.0
INV002548,26-35,Male,T30,21.3,1100118,7,157159.7142857143
INV002549,26-35,Male,T30,12.5,1611382,9,179042.44444444444
INV002550,26-35,Female,B30,15.3,68048,3,22682.666666666668
INV002551,18-25,Female,T30,5.9,670617,8,83827.125
INV002552,36-45,Male,T30,24.4,574322,12,47860.166666666664
INV002553,36-45,Female,T30,47.8,2668557,12,222379.75
INV002554,18-25,Male,B30,5.4,380124,8,47515.5
INV002555,36-45,Male,T30,24.5,1025854,10,102585.4
INV002556,26-35,Male,T30,8.1,1384313,6,230718.83333333334
INV002557,26-35,Female,T30,18.2,700569,9,77841.0
INV002558,26-35,Female,B30,9.1,1422537,11,129321.54545454546
INV002559,18-25,Female,B30,3.4,386263,3,128754.33333333333
INV002560,26-35,Male,B30,6.4,348692,7,49813.142857142855
INV002561,18-25,Female,T30,4.6,577759,5,115551.8
INV002562,26-35,Male,T30,8.7,43246,1,43246.0
INV002563,18-25,Female,T30,6.8,1166291,10,116629.1
INV002564,18-25,Male,T30,5.6,737573,3,245857.66666666666
INV002565,26-35,Male,T30,10.0,1311060,10,131106.0
INV002566,26-35,Female,B30,23.0,517343,8,64667.875
INV002567,36-45,Male,T30,20.3,1733981,11,157634.63636363635
INV002568,26-35,Female,T30,7.3,216067,9,24007.444444444445
INV002569,36-45,Female,B30,16.5,318469,2,159234.5
INV002570,36-45,Male,T30,55.3,1229933,12,102494.41666666667
INV002571,36-45,Female,T30,32.1,890369,8,111296.125
INV002572,56+,Male,T30,19.5,1095020,11,99547.27272727272
INV002573,26-35,Male,B30,10.0,8328,1,8328.0
INV002574,26-35,Male,B30,11.1,1051020,12,87585.0
INV002575,18-25,Male,T30,7.9,530975,11,48270.454545454544
INV002576,26-35,Male,T30,20.3,1360157,8,170019.625
INV002577,36-45,Female,B30,60.0,51820,3,17273.333333333332
INV002578,26-35,Male,T30,20.9,744333,5,148866.6
INV002579,36-45,Male,T30,30.1,281290,7,40184.28571428572
INV002580,36-45,Female,T30,46.0,48803,4,12200.75
INV002581,26-35,Male,T30,21.4,336586,1,336586.0
INV002582,26-35,Female,T30,11.1,1082210,10,108221.0
INV002583,46-55,Male,T30,48.5,1657784,7,236826.2857142857
INV002584,36-45,Female,T30,40.0,675479,3,225159.66666666666
INV002585,18-25,Male,T30,3.2,1876600,12,156383.33333333334
INV002586,26-35,Female,T30,9.1,105304,7,15043.42857142857
INV002587,18-25,Male,T30,7.2,1127648,6,187941.33333333334
INV002588,18-25,Male,T30,5.5,1901993,9,211332.55555555556
INV002589,26-35,Male,T30,23.3,8624,1,8624.0
INV002590,36-45,Male,T30,45.1,1061648,12,88470.66666666667
INV002591,18-25,Male,T30,3.7,528508,8,66063.5
INV002592,26-35,Female,B30,15.7,1134073,6,189012.16666666666
INV002593,36-45,Male,T30,36.5,139606,4,34901.5
INV002594,26-35,Male,T30,23.7,1388876,10,138887.6
INV002595,36-45,Male,B30,27.8,471571,5,94314.2
INV002596,26-35,Male,T30,16.2,267155,3,89051.66666666667
INV002597,26-35,Male,T30,12.0,805586,6,134264.33333333334
INV002598,26-35,Male,T30,14.6,994120,11,90374.54545454546
INV002599,26-35,Male,T30,11.4,529509,7,75644.14285714286
INV002600,36-45,Female,B30,54.1,892775,5,178555.0
INV002601,36-45,Female,B30,34.1,434964,3,144988.0
INV002602,56+,Female,T30,45.7,1155403,12,96283.58333333333
INV002603,36-45,Male,T30,28.4,1607484,6,267914.0
INV002604,36-45,Female,T30,25.5,365542,6,60923.666666666664
INV002605,46-55,Male,T30,87.0,1031428,5,206285.6
INV002606,26-35,Female,T30,8.1,428091,9,47565.666666666664
INV002607,36-45,Male,B30,57.5,1526125,6,254354.16666666666
INV002608,36-45,Female,B30,22.2,51776,4,12944.0
INV002609,36-45,Male,B30,27.7,273899,2,136949.5
INV002610,36-45,Female,B30,31.7,736043,5,147208.6
INV002611,26-35,Male,T30,21.5,1678851,6,279808.5
INV002612,26-35,Male,T30,16.2,17198,2,8599.0
INV002613,46-55,Female,T30,44.3,1098323,12,91526.91666666667
INV002614,36-45,Male,T30,13.2,480166,4,120041.5
INV002615,26-35,Female,T30,11.6,4382,1,4382.0
INV002616,26-35,Male,B30,21.9,359877,4,89969.25
INV002617,26-35,Male,B30,13.9,252149,4,63037.25
INV002618,36-45,Male,T30,24.4,486,1,486.0
INV002619,18-25,Male,T30,3.4,1055131,6,175855.16666666666
INV002620,46-55,Female,B30,88.5,10679,2,5339.5
INV002621,26-35,Female,B30,22.6,895547,6,149257.83333333334
INV002622,18-25,Female,B30,4.0,689616,11,62692.36363636364
INV002623,36-45,Male,T30,49.3,2184,1,2184.0
INV002624,26-35,Male,T30,8.7,885681,5,177136.2
INV002625,46-55,Female,T30,99.3,743144,6,123857.33333333333
INV002626,36-45,Male,T30,29.4,412482,6,68747.0
INV002627,26-35,Male,T30,19.0,393005,8,49125.625
INV002628,26-35,Male,B30,16.4,1173839,9,130426.55555555556
INV002629,36-45,Male,B30,32.9,38172,4,9543.0
INV002630,36-45,Male,B30,19.6,604786,8,75598.25
INV002631,46-55,Female,B30,93.8,1312611,8,164076.375
INV002632,26-35,Female,T30,14.1,815495,11,74135.90909090909
INV002633,26-35,Female,T30,8.1,1822320,12,151860.0
INV002634,26-35,Male,B30,10.7,1155097,7,165013.85714285713
INV002635,18-25,Male,T30,3.8,1130827,10,113082.7
INV002636,56+,Female,T30,21.0,1410,2,705.0
INV002637,26-35,Male,T30,14.4,976980,6,162830.0
INV002638,18-25,Male,T30,4.2,787725,4,196931.25
INV002639,36-45,Male,T30,20.7,220235,7,31462.14285714286
INV002640,56+,Female,B30,50.5,407956,12,33996.333333333336
INV002641,56+,Male,B30,27.1,722158,8,90269.75
INV002642,46-55,Female,T30,48.8,1528148,10,152814.8
INV002643,36-45,Male,T30,29.2,604134,9,67126.0
INV002644,56+,Male,B30,15.2,391205,1,391205.0
INV002645,46-55,Female,T30,67.7,718998,11,65363.454545454544
INV002646,36-45,Male,T30,17.4,2310,1,2310.0
INV002647,46-55,Male,T30,87.0,1051925,7,150275.0
INV002648,36-45,Male,T30,57.1,745128,7,106446.85714285714
INV002649,46-55,Male,B30,69.7,454765,4,113691.25
INV002650,26-35,Male,T30,13.7,489864,5,97972.8
INV002651,26-35,Male,B30,12.5,904120,5,180824.0
INV002652,36-45,Male,T30,40.6,1408127,9,156458.55555555556
INV002653,26-35,Male,T30,7.5,513,1,513.0
INV002654,36-45,Female,T30,38.2,634501,11,57681.90909090909
INV002655,56+,Male,B30,44.4,508531,4,127132.75
INV002656,26-35,Male,B30,9.6,1556050,10,155605.0
INV002657,36-45,Male,B30,50.0,167584,5,33516.8
INV002658,26-35,Female,T30,16.8,620774,6,103462.33333333333
INV002659,36-45,Female,B30,56.5,1026277,10,102627.7
INV002660,36-45,Male,T30,28.2,580860,5,116172.0
INV002661,36-45,Male,T30,21.6,908,2,454.0
INV002662,26-35,Male,B30,20.5,152791,3,50930.333333333336
INV002663,36-45,Male,B30,46.0,279886,1,279886.0
INV002664,26-35,Male,T30,17.3,595421,6,99236.83333333333
INV002665,26-35,Male,T30,8.9,139830,1,139830.0
INV002666,46-55,Female,B30,93.7,978886,11,88989.63636363637
INV002667,36-45,Male,B30,50.7,244753,1,244753.0
INV002668,26-35,Male,T30,9.8,1798948,12,149912.33333333334
INV002669,46-55,Male,T30,50.4,485674,3,161891.33333333334
INV002670,36-45,Male,B30,48.7,32088,3,10696.0
INV002671,18-25,Male,T30,6.3,800949,12,66745.75
INV002672,26-35,Male,B30,10.2,441,1,441.0
INV002673,26-35,Male,T30,14.2,921689,10,92168.9
INV002674,26-35,Female,B30,7.4,1451234,12,120936.16666666667
INV002675,36-45,Male,B30,17.9,974634,12,81219.5
INV002676,46-55,Male,T30,81.0,565809,4,141452.25
INV002677,56+,Male,T30,21.7,388167,2,194083.5
INV002678,26-35,Female,T30,22.5,472,1,472.0
INV002679,36-45,Male,B30,33.8,1242019,8,155252.375
INV002680,36-45,Male,T30,17.4,689501,5,137900.2
INV002681,18-25,Female,B30,7.2,77813,7,11116.142857142857
INV002682,26-35,Male,B30,17.9,1690507,10,169050.7
INV002683,26-35,Male,B30,9.7,477982,5,95596.4
INV002684,36-45,Female,T30,56.2,1273552,11,115777.45454545454
INV002685,18-25,Male,B30,3.7,732855,6,122142.5
INV002686,18-25,Male,T30,5.7,1228291,5,245658.2
INV002687,36-45,Male,T30,25.9,1038000,8,129750.0
INV002688,26-35,Male,T30,23.5,360928,10,36092.8
INV002689,26-35,Male,B30,7.4,1462406,11,132946.0
INV002690,36-45,Male,B30,58.0,761823,4,190455.75
INV002691,26-35,Female,B30,20.6,142434,2,71217.0
INV002692,26-35,Male,T30,16.7,1912308,9,212478.66666666666
INV002693,26-35,Male,B30,22.5,1480616,12,123384.66666666667
INV002694,26-35,Male,T30,12.9,336088,4,84022.0
INV002695,26-35,Male,T30,18.8,2490,1,2490.0
INV002696,18-25,Male,B30,7.1,1740739,11,158249.0
INV002697,26-35,Male,T30,14.1,295570,9,32841.11111111111
INV002698,26-35,Male,T30,20.9,2056205,11,186927.72727272726
INV002699,18-25,Female,T30,6.1,52215,4,13053.75
INV002700,26-35,Male,B30,8.1,488317,9,54257.444444444445
INV002701,26-35,Male,T30,11.6,496000,4,124000.0
INV002702,36-45,Male,T30,25.4,687038,10,68703.8
INV002703,18-25,Male,B30,3.1,557730,4,139432.5
INV002704,36-45,Female,T30,47.8,1558276,12,129856.33333333333
INV002705,46-55,Female,T30,90.6,849407,12,70783.91666666667
INV002706,46-55,Female,B30,22.8,1253360,11,113941.81818181818
INV002707,26-35,Male,T30,24.7,2651584,11,241053.0909090909
INV002708,26-35,Male,B30,14.0,1553060,12,129421.66666666667
INV002709,36-45,Male,B30,39.9,38177,2,19088.5
INV002710,26-35,Male,B30,22.6,9983,2,4991.5
INV002711,26-35,Male,T30,12.4,550183,9,61131.444444444445
INV002712,46-55,Male,T30,24.8,388340,12,32361.666666666668
INV002713,26-35,Female,B30,6.7,17714,2,8857.0
INV002714,46-55,Male,T30,65.7,495424,5,99084.8
INV002715,26-35,Male,B30,19.8,527,1,527.0
INV002716,56+,Female,T30,47.4,298557,6,49759.5
INV002717,26-35,Female,B30,24.8,328135,4,82033.75
INV002718,36-45,Male,T30,15.6,579809,7,82829.85714285714
INV002719,18-25,Female,T30,4.8,293243,3,97747.66666666667
INV002720,26-35,Male,T30,19.2,441054,4,110263.5
INV002721,46-55,Female,T30,25.7,818,1,818.0
INV002722,36-45,Female,T30,50.9,1098120,10,109812.0
INV002723,36-45,Female,T30,54.4,44585,9,4953.888888888889
INV002724,36-45,Male,B30,26.3,1640894,12,136741.16666666666
INV002725,46-55,Female,B30,49.2,669734,6,111622.33333333333
INV002726,36-45,Male,T30,16.9,1387173,12,115597.75
INV002727,26-35,Female,B30,6.3,636901,8,79612.625
INV002728,26-35,Male,T30,16.0,11412,1,11412.0
INV002729,26-35,Female,B30,15.4,2065041,8,258130.125
INV002730,26-35,Male,B30,7.5,155942,1,155942.0
INV002731,26-35,Male,B30,6.9,772457,2,386228.5
INV002732,18-25,Male,T30,4.5,1027836,11,93439.63636363637
INV002733,26-35,Male,T30,19.0,851110,10,85111.0
INV002734,26-35,Female,B30,15.8,369356,6,61559.333333333336
INV002735,18-25,Female,B30,7.6,1440895,12,120074.58333333333
INV002736,18-25,Female,B30,6.2,2166018,11,196910.72727272726
INV002737,18-25,Female,T30,5.4,1395803,12,116316.91666666667
INV002738,36-45,Male,B30,38.7,1307764,5,261552.8
INV002739,36-45,Female,T30,20.6,59250,3,19750.0
INV002740,26-35,Female,T30,24.5,1113136,7,159019.42857142858
INV002741,26-35,Male,T30,19.9,56215,4,14053.75
INV002742,46-55,Female,B30,34.5,190794,2,95397.0
INV002743,56+,Male,T30,49.8,830045,8,103755.625
INV002744,36-45,Male,T30,25.9,64967,10,6496.7
INV002745,18-25,Male,B30,7.6,440351,6,73391.83333333333
INV002746,26-35,Male,T30,23.2,832761,11,75705.54545454546
INV002747,46-55,Male,B30,34.0,1381161,7,197308.7142857143
INV002748,26-35,Male,B30,7.8,1058411,7,151201.57142857142
INV002749,46-55,Female,T30,58.7,528623,3,176207.66666666666
INV002750,36-45,Male,B30,41.8,489019,9,54335.444444444445
INV002751,36-45,Male,T30,45.4,771855,10,77185.5
INV002752,26-35,Male,B30,20.1,1187556,9,131950.66666666666
INV002753,26-35,Female,T30,21.2,1438337,11,130757.90909090909
INV002754,46-55,Male,T30,82.6,238195,6,39699.166666666664
INV002755,36-45,Female,T30,32.4,13259,1,13259.0
INV002756,36-45,Male,T30,49.7,424706,3,141568.66666666666
INV002757,18-25,Male,T30,5.0,314992,5,62998.4
INV002758,26-35,Male,T30,7.3,621192,9,69021.33333333333
INV002759,36-45,Male,T30,44.6,1285048,7,183578.2857142857
INV002760,26-35,Female,B30,24.1,1118,1,1118.0
INV002761,26-35,Male,T30,14.9,1304993,12,108749.41666666667
INV002762,26-35,Female,B30,21.9,972214,9,108023.77777777778
INV002763,18-25,Female,T30,3.5,15743,2,7871.5
INV002764,36-45,Male,B30,40.8,1047488,8,130936.0
INV002765,36-45,Male,T30,57.6,1436955,8,179619.375
INV002766,26-35,Female,T30,8.7,1301026,12,108418.83333333333
INV002767,26-35,Male,T30,10.8,722487,9,80276.33333333333
INV002768,26-35,Male,T30,6.9,7182,1,7182.0
INV002769,18-25,Female,T30,4.5,1500175,11,136379.54545454544
INV002770,36-45,Female,T30,21.5,736893,5,147378.6
INV002771,36-45,Female,T30,45.1,699878,5,139975.6
INV002772,26-35,Male,B30,14.7,778911,10,77891.1
INV002773,36-45,Female,B30,28.0,69451,2,34725.5
INV002774,36-45,Male,T30,58.4,639529,7,91361.28571428571
INV002775,18-25,Female,B30,5.9,1917537,9,213059.66666666666
INV002776,18-25,Male,B30,5.8,1116694,6,186115.66666666666
INV002777,26-35,Male,T30,10.6,1077532,4,269383.0
INV002778,26-35,Female,T30,13.5,578026,4,144506.5
INV002779,26-35,Male,T30,10.4,1632115,11,148374.0909090909
INV002780,36-45,Male,B30,21.2,421087,5,84217.4
INV002781,26-35,Female,T30,13.3,431185,5,86237.0
INV002782,18-25,Male,T30,3.7,985007,5,197001.4
INV002783,26-35,Male,T30,7.0,1426460,12,118871.66666666667
INV002784,26-35,Male,B30,17.7,953818,9,105979.77777777778
INV002785,36-45,Male,T30,20.2,501265,6,83544.16666666667
INV002786,26-35,Female,B30,13.3,1486264,11,135114.9090909091
INV002787,18-25,Male,B30,4.8,730015,8,91251.875
INV002788,26-35,Male,B30,23.5,1174818,10,117481.8
INV002789,26-35,Female,B30,7.8,59762,3,19920.666666666668
INV002790,18-25,Male,T30,4.8,167441,3,55813.666666666664
INV002791,36-45,Male,T30,54.9,16153,3,5384.333333333333
INV002792,18-25,Male,T30,3.6,710709,4,177677.25
INV002793,36-45,Male,B30,54.3,255816,8,31977.0
INV002794,56+,Male,B30,39.9,807593,10,80759.3
INV002795,18-25,Female,T30,4.5,3347,1,3347.0
INV002796,36-45,Male,T30,48.8,590852,7,84407.42857142857
INV002797,36-45,Male,T30,54.3,295435,2,147717.5
INV002798,26-35,Female,B30,24.5,1134730,7,162104.2857142857
INV002799,36-45,Male,T30,50.5,507285,9,56365.0
INV002800,36-45,Male,T30,51.9,170858,8,21357.25
INV002801,18-25,Male,T30,6.4,882502,7,126071.71428571429
INV002802,36-45,Female,T30,32.8,1194797,7,170685.2857142857
INV002803,36-45,Male,B30,31.9,1007412,11,91582.90909090909
INV002804,36-45,Male,T30,39.9,586275,10,58627.5
INV002805,26-35,Female,T30,14.5,343064,4,85766.0
INV002806,46-55,Male,T30,24.2,263473,4,65868.25
INV002807,46-55,Male,T30,26.7,334828,4,83707.0
INV002808,26-35,Male,B30,24.1,972792,9,108088.0
INV002809,36-45,Male,B30,48.6,27992,6,4665.333333333333
INV002810,36-45,Male,B30,33.2,998276,10,99827.6
INV002811,36-45,Male,B30,43.7,1212444,8,151555.5
INV002812,26-35,Female,T30,23.2,327561,1,327561.0
INV002813,26-35,Male,T30,13.5,441820,9,49091.11111111111
INV002814,36-45,Male,T30,40.4,13063,2,6531.5
INV002815,26-35,Male,T30,10.5,385303,2,192651.5
INV002816,26-35,Male,B30,22.8,2884,2,1442.0
INV002817,26-35,Male,T30,15.8,250992,4,62748.0
INV002818,46-55,Female,T30,50.2,65179,4,16294.75
INV002819,26-35,Male,T30,24.1,578093,7,82584.71428571429
INV002820,18-25,Male,T30,7.5,726867,3,242289.0
INV002821,36-45,Male,T30,49.9,531776,2,265888.0
INV002822,46-55,Male,T30,79.5,1210350,11,110031.81818181818
INV002823,26-35,Male,T30,21.5,526123,4,131530.75
INV002824,56+,Male,T30,42.5,1295824,12,107985.33333333333
INV002825,36-45,Male,T30,52.4,269809,4,67452.25
INV002826,26-35,Male,T30,20.5,686810,9,76312.22222222222
INV002827,36-45,Female,B30,58.1,590809,9,65645.44444444444
INV002828,26-35,Male,T30,21.8,1202798,12,100233.16666666667
INV002829,26-35,Male,T30,6.1,225959,4,56489.75
INV002830,56+,Male,B30,72.2,99416,6,16569.333333333332
INV002831,56+,Female,T30,78.0,403398,8,50424.75
INV002832,26-35,Male,T30,15.9,2043853,10,204385.3
INV002833,46-55,Female,T30,52.9,939118,4,234779.5
INV002834,18-25,Male,T30,6.9,1972780,10,197278.0
INV002835,26-35,Male,B30,11.2,66597,7,9513.857142857143
INV002836,36-45,Male,T30,25.2,1649,1,1649.0
INV002837,26-35,Female,T30,14.6,163775,2,81887.5
INV002838,56+,Female,T30,71.9,569559,10,56955.9
INV002839,26-35,Male,B30,14.8,977873,4,244468.25
INV002840,26-35,Female,T30,12.0,579250,5,115850.0
INV002841,26-35,Male,B30,13.2,1317835,12,109819.58333333333
INV002842,36-45,Male,B30,37.5,14799,1,14799.0
INV002843,26-35,Male,B30,11.8,1539809,12,128317.41666666667
INV002844,26-35,Male,B30,15.8,146535,1,146535.0
INV002845,26-35,Female,T30,17.5,301765,3,100588.33333333333
INV002846,36-45,Male,B30,57.1,569385,5,113877.0
INV002847,26-35,Male,B30,13.4,310619,11,28238.090909090908
INV002848,46-55,Male,T30,70.2,419435,2,209717.5
INV002849,26-35,Male,T30,21.3,975989,7,139427.0
INV002850,46-55,Male,T30,76.5,1548230,12,129019.16666666667
INV002851,26-35,Male,B30,16.0,276966,5,55393.2
INV002852,46-55,Male,T30,69.5,1041610,10,104161.0
INV002853,26-35,Male,T30,24.9,1066654,5,213330.8
INV002854,26-35,Female,T30,8.9,39871,4,9967.75
INV002855,26-35,Female,B30,9.9,12212,3,4070.6666666666665
INV002856,26-35,Male,T30,13.2,604068,6,100678.0
INV002857,56+,Male,T30,36.7,832,1,832.0
INV002858,26-35,Male,B30,17.4,170407,4,42601.75
INV002859,26-35,Male,T30,20.1,1293237,10,129323.7
INV002860,46-55,Male,T30,18.9,61602,3,20534.0
INV002861,56+,Female,B30,79.7,729936,10,72993.6
INV002862,56+,Male,T30,72.7,632707,8,79088.375
INV002863,36-45,Female,B30,49.8,810786,9,90087.33333333333
INV002864,26-35,Male,B30,6.8,1526776,10,152677.6
INV002865,18-25,Male,T30,3.3,1256336,10,125633.6
INV002866,46-55,Male,T30,95.2,654591,4,163647.75
INV002867,18-25,Male,T30,5.0,666063,6,111010.5
INV002868,26-35,Female,T30,24.7,1397187,9,155243.0
INV002869,26-35,Male,B30,19.9,810765,8,101345.625
INV002870,26-35,Female,B30,23.7,1131331,12,94277.58333333333
INV002871,26-35,Male,T30,15.2,344821,2,172410.5
INV002872,36-45,Male,T30,47.5,46749,6,7791.5
INV002873,18-25,Male,T30,5.9,1114229,9,123803.22222222222
INV002874,56+,Female,T30,15.0,443630,6,73938.33333333333
INV002875,26-35,Male,T30,23.9,40481,3,13493.666666666666
INV002876,36-45,Female,B30,44.6,421646,4,105411.5
INV002877,36-45,Male,T30,56.5,423220,6,70536.66666666667
INV002878,26-35,Female,T30,17.4,166107,2,83053.5
INV002879,46-55,Male,B30,26.0,743472,11,67588.36363636363
INV002880,26-35,Male,T30,19.8,105098,1,105098.0
INV002881,26-35,Female,B30,11.4,866525,9,96280.55555555556
INV002882,36-45,Male,T30,52.7,850270,5,170054.0
INV002883,26-35,Female,T30,12.5,953534,11,86684.90909090909
INV002884,18-25,Male,T30,7.3,96601,2,48300.5
INV002885,26-35,Male,T30,23.4,479830,3,159943.33333333334
INV002886,18-25,Female,T30,7.1,1000941,12,83411.75
INV002887,36-45,Female,T30,59.6,556503,1,556503.0
INV002888,26-35,Male,B30,9.2,734559,7,104937.0
INV002889,26-35,Male,T30,12.6,654142,2,327071.0
INV002890,36-45,Female,T30,49.2,1654267,10,165426.7
INV002891,36-45,Female,B30,56.5,273593,10,27359.3
INV002892,18-25,Male,T30,4.4,356148,4,89037.0
INV002893,56+,Male,T30,69.4,586694,11,53335.818181818184
INV002894,26-35,Male,T30,10.4,1239365,6,206560.83333333334
INV002895,26-35,Male,B30,10.7,62836,5,12567.2
INV002896,26-35,Male,B30,21.5,80044,6,13340.666666666666
INV002897,26-35,Male,T30,23.1,354310,8,44288.75
INV002898,26-35,Female,T30,8.1,7763,3,2587.6666666666665
INV002899,18-25,Male,B30,7.6,776246,6,129374.33333333333
INV002900,26-35,Female,B30,14.2,480127,7,68589.57142857143
INV002901,26-35,Male,T30,17.4,690651,5,138130.2
INV002902,36-45,Male,T30,35.1,769587,4,192396.75
INV002903,36-45,Male,T30,45.0,688078,9,76453.11111111111
INV002904,36-45,Male,T30,52.2,921012,10,92101.2
INV002905,36-45,Female,T30,32.4,1532174,11,139288.54545454544
INV002906,26-35,Male,T30,19.9,784837,8,98104.625
INV002907,56+,Male,T30,33.4,15867,1,15867.0
INV002908,36-45,Female,B30,28.9,4331,3,1443.6666666666667
INV002909,36-45,Male,B30,44.1,512196,8,64024.5
INV002910,26-35,Female,B30,22.0,386296,3,128765.33333333333
INV002911,26-35,Male,T30,24.1,1450589,10,145058.9
INV002912,26-35,Female,T30,23.6,2286138,12,190511.5
INV002913,56+,Male,T30,28.5,1590174,11,144561.27272727274
INV002914,18-25,Male,B30,7.4,1089489,6,181581.5
INV002915,18-25,Male,T30,7.7,167702,9,18633.555555555555
INV002916,18-25,Male,B30,7.9,375584,1,375584.0
INV002917,18-25,Male,T30,6.4,77355,5,15471.0
INV002918,36-45,Female,B30,18.6,58116,1,58116.0
INV002919,18-25,Female,T30,7.7,2727,1,2727.0
INV002920,36-45,Male,T30,19.5,645236,4,161309.0
INV002921,18-25,Female,B30,5.4,586383,9,65153.666666666664
INV002922,18-25,Male,T30,3.0,651962,3,217320.66666666666
INV002923,26-35,Female,B30,23.0,55913,2,27956.5
INV002924,26-35,Female,T30,14.5,539484,7,77069.14285714286
INV002925,36-45,Female,T30,48.6,258207,4,64551.75
INV002926,26-35,Male,T30,16.6,459914,6,76652.33333333333
INV002927,56+,Male,B30,29.1,384758,11,34978.0
INV002928,26-35,Male,B30,9.4,1692346,10,169234.6
INV002929,26-35,Male,T30,13.0,1885229,9,209469.88888888888
INV002930,36-45,Male,T30,54.0,35422,4,8855.5
INV002931,56+,Female,B30,32.4,1476787,9,164087.44444444444
INV002932,36-45,Female,T30,28.4,2165816,9,240646.22222222222
INV002933,36-45,Female,T30,39.4,1962782,12,163565.16666666666
INV002934,36-45,Male,T30,25.8,858890,10,85889.0
INV002935,18-25,Male,T30,5.6,277910,9,30878.88888888889
INV002936,26-35,Male,T30,17.4,10548,1,10548.0
INV002937,56+,Male,T30,64.5,600588,10,60058.8
INV002938,18-25,Male,T30,7.2,313695,2,156847.5
INV002939,18-25,Male,B30,3.1,1410830,12,117569.16666666667
INV002940,26-35,Male,B30,18.3,1140863,7,162980.42857142858
INV002941,36-45,Female,B30,59.2,1084661,8,135582.625
INV002942,36-45,Male,T30,27.8,421849,12,35154.083333333336
INV002943,26-35,Female,T30,7.6,535855,8,66981.875
INV002944,36-45,Female,B30,28.1,804918,6,134153.0
INV002945,26-35,Male,B30,15.6,772349,10,77234.9
INV002946,26-35,Male,T30,22.8,236429,4,59107.25
INV002947,46-55,Male,B30,73.3,869320,10,86932.0
INV002948,46-55,Male,T30,43.6,1892942,7,270420.28571428574
INV002949,26-35,Female,T30,16.8,355014,5,71002.8
INV002950,46-55,Female,T30,37.4,1333819,12,111151.58333333333
INV002951,36-45,Male,T30,58.6,414948,10,41494.8
INV002952,18-25,Male,B30,7.1,1191005,5,238201.0
INV002953,46-55,Male,B30,62.4,292442,5,58488.4
INV002954,26-35,Female,T30,6.0,1112349,10,111234.9
INV002955,36-45,Female,B30,46.9,246202,2,123101.0
INV002956,36-45,Female,T30,53.7,2368091,9,263121.22222222225
INV002957,26-35,Male,T30,15.5,552185,7,78883.57142857143
INV002958,26-35,Male,B30,10.3,184235,3,61411.666666666664
INV002959,18-25,Male,T30,7.3,20966,2,10483.0
INV002960,36-45,Male,T30,57.1,15426,1,15426.0
INV002961,26-35,Male,T30,13.0,365134,9,40570.444444444445
INV002962,46-55,Female,T30,62.7,12683,1,12683.0
INV002963,26-35,Male,B30,24.0,113711,3,37903.666666666664
INV002964,46-55,Male,B30,84.1,609260,7,87037.14285714286
INV002965,46-55,Male,T30,58.5,275352,1,275352.0
INV002966,26-35,Female,T30,18.4,1617000,9,179666.66666666666
INV002967,18-25,Female,B30,4.7,28737,3,9579.0
INV002968,36-45,Female,T30,16.2,79854,5,15970.8
INV002969,26-35,Male,T30,15.4,1076819,10,107681.9
INV002970,26-35,Female,T30,12.4,984974,4,246243.5
INV002971,36-45,Male,B30,48.3,282181,3,94060.33333333333
INV002972,26-35,Male,T30,17.4,3104,1,3104.0
INV002973,26-35,Male,B30,16.7,452828,6,75471.33333333333
INV002974,26-35,Female,T30,21.9,1468022,12,122335.16666666667
INV002975,26-35,Male,B30,15.1,196089,4,49022.25
INV002976,26-35,Male,B30,23.7,450997,3,150332.33333333334
INV002977,36-45,Female,B30,26.6,10928,4,2732.0
INV002978,36-45,Male,T30,43.5,626613,6,104435.5
INV002979,36-45,Female,T30,56.2,988274,7,141182.0
INV002980,26-35,Male,T30,22.4,247711,6,41285.166666666664
INV002981,18-25,Female,T30,7.3,383521,3,127840.33333333333
INV002982,36-45,Male,T30,22.1,498259,6,83043.16666666667
INV002983,18-25,Male,B30,6.2,1750339,7,250048.42857142858
INV002984,26-35,Male,T30,18.1,860063,10,86006.3
INV002985,36-45,Male,T30,26.4,813008,6,135501.33333333334
INV002986,26-35,Male,B30,11.9,737031,5,147406.2
INV002987,18-25,Male,T30,4.4,1224261,4,306065.25
INV002988,36-45,Male,B30,40.1,723257,3,241085.66666666666
INV002989,46-55,Male,B30,16.3,1154027,11,104911.54545454546
INV002990,46-55,Female,B30,79.4,544955,3,181651.66666666666
INV002991,26-35,Female,T30,13.0,409695,3,136565.0
INV002992,26-35,Male,T30,14.6,231033,6,38505.5
INV002993,46-55,Male,T30,36.0,1510622,9,167846.88888888888
INV002994,18-25,Male,B30,8.0,577429,9,64158.77777777778
INV002995,26-35,Male,T30,21.7,17009,1,17009.0
INV002996,26-35,Male,B30,20.7,2445043,12,203753.58333333334
INV002997,26-35,Male,T30,23.7,802626,8,100328.25
INV002998,36-45,Male,T30,38.4,4850,2,2425.0
INV002999,36-45,Male,B30,16.8,1661,1,1661.0
INV003000,36-45,Male,T30,32.3,54577,7,7796.714285714285
INV003001,56+,Female,B30,48.8,99755,2,49877.5
INV003002,26-35,Male,T30,17.0,873009,8,109126.125
INV003003,18-25,Female,T30,3.1,548947,11,49904.27272727273
INV003004,46-55,Female,T30,34.6,966737,8,120842.125
INV003005,26-35,Male,B30,24.5,731891,11,66535.54545454546
INV003006,26-35,Male,T30,9.5,796257,3,265419.0
INV003007,26-35,Male,B30,21.8,377147,12,31428.916666666668
INV003008,36-45,Female,T30,37.4,1817842,8,227230.25
INV003009,26-35,Male,T30,20.1,566820,12,47235.0
INV003010,36-45,Male,T30,13.7,1012557,7,144651.0
INV003011,18-25,Male,T30,4.4,1047733,10,104773.3
INV003012,36-45,Male,T30,41.8,469660,6,78276.66666666667
INV003013,56+,Male,T30,44.8,333662,3,111220.66666666667
INV003014,26-35,Female,T30,12.3,433729,7,61961.28571428572
INV003015,18-25,Male,T30,4.4,643733,11,58521.181818181816
INV003016,26-35,Male,B30,12.7,1160040,6,193340.0
INV003017,56+,Male,T30,75.3,788360,7,112622.85714285714
INV003018,36-45,Male,T30,14.1,332858,7,47551.142857142855
INV003019,26-35,Male,T30,12.5,2828,1,2828.0
INV003020,56+,Male,T30,77.6,26926,2,13463.0
INV003021,56+,Female,T30,65.0,613677,8,76709.625
INV003022,46-55,Male,T30,60.2,1284892,12,107074.33333333333
INV003023,26-35,Female,T30,13.6,95540,5,19108.0
INV003024,36-45,Female,T30,43.1,1924474,11,174952.18181818182
INV003025,26-35,Female,T30,11.9,787052,11,71550.18181818182
INV003026,36-45,Female,B30,25.7,707779,3,235926.33333333334
INV003027,26-35,Male,T30,20.8,955226,8,119403.25
INV003028,26-35,Female,T30,12.8,1256697,10,125669.7
INV003029,56+,Male,T30,59.8,199036,3,66345.33333333333
INV003030,18-25,Male,B30,3.1,618508,2,309254.0
INV003031,18-25,Male,T30,7.7,1313604,8,164200.5
INV003032,36-45,Male,B30,51.8,48955,2,24477.5
INV003033,36-45,Male,T30,17.3,1199886,11,109080.54545454546
INV003034,26-35,Male,T30,7.2,420507,7,60072.42857142857
INV003035,18-25,Male,T30,6.8,93094,2,46547.0
INV003036,26-35,Male,T30,18.2,399163,10,39916.3
INV003037,18-25,Female,T30,7.6,1304237,12,108686.41666666667
INV003038,18-25,Male,T30,6.0,347648,4,86912.0
INV003039,46-55,Female,T30,85.3,26913,1,26913.0
INV003040,26-35,Female,T30,15.3,1362150,10,136215.0
INV003041,36-45,Male,B30,32.0,1248140,11,113467.27272727272
INV003042,46-55,Male,B30,23.5,735043,5,147008.6
INV003043,26-35,Male,T30,21.2,1292740,11,117521.81818181818
INV003044,18-25,Female,T30,3.2,209389,9,23265.444444444445
INV003045,26-35,Male,T30,12.2,1688041,11,153458.27272727274
INV003046,36-45,Male,T30,12.4,606902,4,151725.5
INV003047,46-55,Male,T30,40.0,1136835,12,94736.25
INV003048,26-35,Female,T30,20.6,548609,6,91434.83333333333
INV003049,26-35,Male,T30,15.5,938743,9,104304.77777777778
INV003050,18-25,Male,T30,7.2,1015060,3,338353.3333333333
INV003051,36-45,Male,B30,40.2,618554,5,123710.8
INV003052,18-25,Female,B30,7.0,387072,3,129024.0
INV003053,46-55,Male,T30,57.4,427097,4,106774.25
INV003054,56+,Female,T30,77.1,1418876,11,128988.72727272728
INV003055,26-35,Female,T30,18.0,805454,8,100681.75
INV003056,26-35,Female,T30,20.6,337542,1,337542.0
INV003057,18-25,Male,T30,6.4,1297567,10,129756.7
INV003058,36-45,Male,B30,46.2,1273119,10,127311.9
INV003059,26-35,Male,B30,18.4,7084,3,2361.3333333333335
INV003060,56+,Female,T30,16.6,1034342,12,86195.16666666667
INV003061,26-35,Female,T30,11.9,889298,8,111162.25
INV003062,46-55,Male,B30,96.3,202392,2,101196.0
INV003063,36-45,Female,T30,45.0,658581,9,73175.66666666667
INV003064,26-35,Male,T30,6.5,585172,4,146293.0
INV003065,46-55,Male,B30,27.9,1046147,9,116238.55555555556
INV003066,26-35,Male,T30,20.4,23985,3,7995.0
INV003067,26-35,Male,T30,8.9,28292,2,14146.0
INV003068,26-35,Male,T30,11.6,530123,6,88353.83333333333
INV003069,56+,Female,T30,59.5,794791,8,99348.875
INV003070,26-35,Male,T30,23.7,1090507,12,90875.58333333333
INV003071,56+,Male,B30,33.7,527526,3,175842.0
INV003072,18-25,Male,B30,3.8,499119,2,249559.5
INV003073,26-35,Male,B30,11.9,1259757,9,139973.0
INV003074,26-35,Male,B30,8.3,1634452,11,148586.54545454544
INV003075,46-55,Male,T30,83.5,927992,11,84362.90909090909
INV003076,26-35,Male,T30,20.2,452138,3,150712.66666666666
INV003077,18-25,Female,B30,4.6,1367565,9,151951.66666666666
INV003078,36-45,Male,T30,57.5,669657,9,74406.33333333333
INV003079,26-35,Male,T30,8.5,618776,7,88396.57142857143
INV003080,26-35,Male,T30,20.5,4678,3,1559.3333333333333
INV003081,56+,Female,T30,73.4,783687,5,156737.4
INV003082,26-35,Male,T30,18.7,553753,10,55375.3
INV003083,56+,Female,B30,41.3,1689101,11,153554.63636363635
INV003084,18-25,Female,T30,6.3,67157,3,22385.666666666668
INV003085,36-45,Female,T30,29.2,639991,3,213330.33333333334
INV003086,26-35,Male,T30,20.2,968216,7,138316.57142857142
INV003087,18-25,Female,B30,6.0,41815,2,20907.5
INV003088,26-35,Female,T30,15.4,364193,2,182096.5
INV003089,26-35,Male,B30,14.1,325119,8,40639.875
INV003090,26-35,Male,T30,16.9,171361,5,34272.2
INV003091,36-45,Female,T30,36.4,347054,11,31550.363636363636
INV003092,26-35,Male,B30,20.0,3436,2,1718.0
INV003093,26-35,Male,B30,16.8,453181,2,226590.5
INV003094,46-55,Male,B30,59.7,17401,1,17401.0
INV003095,18-25,Male,B30,5.1,944591,12,78715.91666666667
INV003096,26-35,Male,B30,12.4,444046,2,222023.0
INV003097,26-35,Male,T30,21.5,1795141,12,149595.08333333334
INV003098,26-35,Female,T30,9.5,66309,3,22103.0
INV003099,36-45,Male,T30,14.4,730569,6,121761.5
INV003100,26-35,Male,T30,16.5,546610,8,68326.25
INV003101,26-35,Female,T30,24.8,1479101,7,211300.14285714287
INV003102,18-25,Male,T30,4.3,1750018,10,175001.8
INV003103,36-45,Female,B30,55.8,23176,5,4635.2
INV003104,26-35,Male,T30,7.8,648363,3,216121.0
INV003105,18-25,Female,T30,6.0,491438,12,40953.166666666664
INV003106,36-45,Male,B30,57.7,247118,1,247118.0
INV003107,18-25,Female,T30,6.2,1086,1,1086.0
INV003108,26-35,Female,T30,15.5,413986,4,103496.5
INV003109,26-35,Male,T30,22.8,571876,5,114375.2
INV003110,26-35,Male,T30,9.0,1010412,8,126301.5
INV003111,18-25,Female,T30,5.9,1348632,10,134863.2
INV003112,26-35,Female,T30,8.5,502807,7,71829.57142857143
INV003113,26-35,Male,T30,22.0,859530,11,78139.09090909091
INV003114,26-35,Female,B30,21.7,316091,1,316091.0
INV003115,26-35,Male,T30,23.9,214459,7,30637.0
INV003116,26-35,Female,B30,8.7,842444,6,140407.33333333334
INV003117,18-25,Female,T30,6.7,1313643,12,109470.25
INV003118,26-35,Male,T30,6.8,434610,3,144870.0
INV003119,18-25,Female,T30,4.6,1330714,8,166339.25
INV003120,26-35,Male,B30,19.1,1139092,7,162727.42857142858
INV003121,36-45,Male,T30,13.7,1228093,12,102341.08333333333
INV003122,26-35,Male,T30,8.3,210488,2,105244.0
INV003123,36-45,Male,B30,36.2,1223696,9,135966.22222222222
INV003124,36-45,Male,T30,28.8,2063719,12,171976.58333333334
INV003125,36-45,Female,T30,30.8,672316,7,96045.14285714286
INV003126,26-35,Female,T30,12.8,160523,1,160523.0
INV003127,46-55,Female,B30,37.0,563480,4,140870.0
INV003128,18-25,Female,B30,7.7,885378,7,126482.57142857143
INV003129,36-45,Female,T30,33.4,1105729,6,184288.16666666666
INV003130,18-25,Male,T30,5.6,648630,7,92661.42857142857
INV003131,36-45,Female,T30,14.9,204149,2,102074.5
INV003132,56+,Male,T30,60.7,585449,5,117089.8
INV003133,46-55,Male,T30,72.8,631177,3,210392.33333333334
INV003134,36-45,Female,T30,41.3,1079199,12,89933.25
INV003135,18-25,Female,T30,3.5,311283,1,311283.0
INV003136,56+,Male,T30,34.4,336392,4,84098.0
INV003137,36-45,Male,B30,15.9,25884,2,12942.0
INV003138,18-25,Male,T30,3.3,531917,2,265958.5
INV003139,36-45,Male,B30,39.4,1303353,12,108612.75
INV003140,26-35,Male,T30,16.9,785605,12,65467.083333333336
INV003141,36-45,Female,T30,40.1,991161,11,90105.54545454546
INV003142,26-35,Male,T30,12.5,56725,3,18908.333333333332
INV003143,18-25,Female,B30,5.9,841214,4,210303.5
INV003144,36-45,Female,T30,38.0,1020806,11,92800.54545454546
INV003145,26-35,Male,T30,22.2,458906,3,152968.66666666666
INV003146,26-35,Male,B30,20.2,1081761,12,90146.75
INV003147,26-35,Male,T30,18.9,290895,5,58179.0
INV003148,18-25,Male,T30,4.0,441228,1,441228.0
INV003149,18-25,Male,B30,4.3,10151,2,5075.5
INV003150,26-35,Female,T30,13.6,936606,8,117075.75
INV003151,56+,Female,B30,69.5,454712,9,50523.555555555555
INV003152,26-35,Male,T30,6.2,6347,1,6347.0
INV003153,36-45,Female,T30,20.5,630949,9,70105.44444444444
INV003154,26-35,Female,B30,17.7,693198,4,173299.5
INV003155,36-45,Male,T30,50.9,417208,2,208604.0
INV003156,26-35,Female,T30,12.7,5644,1,5644.0
INV003157,36-45,Male,T30,44.7,524797,4,131199.25
INV003158,26-35,Male,B30,21.1,583192,10,58319.2
INV003159,36-45,Male,B30,25.9,757978,6,126329.66666666667
INV003160,26-35,Male,T30,24.9,1237277,9,137475.22222222222
INV003161,36-45,Female,B30,30.2,1306447,10,130644.7
INV003162,18-25,Male,T30,4.1,614278,4,153569.5
INV003163,36-45,Female,B30,47.5,123505,3,41168.333333333336
INV003164,26-35,Male,T30,23.9,52460,4,13115.0
INV003165,26-35,Male,B30,19.4,500700,7,71528.57142857143
INV003166,26-35,Female,T30,7.1,454721,6,75786.83333333333
INV003167,26-35,Male,T30,19.8,224990,6,37498.333333333336
INV003168,18-25,Male,T30,5.1,336440,9,37382.22222222222
INV003169,26-35,Female,T30,11.2,1197535,9,133059.44444444444
INV003170,26-35,Female,T30,10.6,58028,1,58028.0
INV003171,36-45,Female,T30,16.3,1478098,8,184762.25
INV003172,26-35,Male,T30,21.5,551,1,551.0
INV003173,18-25,Male,T30,7.1,1213959,11,110359.90909090909
INV003174,26-35,Female,T30,10.0,1328105,8,166013.125
INV003175,26-35,Female,B30,24.3,583491,2,291745.5
INV003176,46-55,Male,T30,51.6,289890,6,48315.0
INV003177,18-25,Male,B30,4.2,44496,2,22248.0
INV003178,46-55,Female,T30,60.9,576669,9,64074.333333333336
INV003179,36-45,Male,T30,53.3,368693,11,33517.545454545456
INV003180,26-35,Male,T30,7.0,10765,1,10765.0
INV003181,18-25,Female,T30,3.9,648904,5,129780.8
INV003182,18-25,Female,T30,4.8,62872,3,20957.333333333332
INV003183,36-45,Female,B30,54.2,94654,3,31551.333333333332
INV003184,26-35,Male,T30,8.1,523034,6,87172.33333333333
INV003185,26-35,Female,B30,23.1,727845,8,90980.625
INV003186,26-35,Male,T30,13.6,16176,1,16176.0
INV003187,26-35,Female,B30,21.5,51008,9,5667.555555555556
INV003188,26-35,Male,B30,11.0,1421309,8,177663.625
INV003189,36-45,Female,T30,44.6,722132,12,60177.666666666664
INV003190,26-35,Female,T30,19.6,404988,6,67498.0
INV003191,18-25,Female,B30,6.8,1015766,12,84647.16666666667
INV003192,26-35,Male,T30,22.2,1595941,12,132995.08333333334
INV003193,36-45,Male,T30,40.4,1681104,11,152827.63636363635
INV003194,26-35,Female,B30,19.5,112230,6,18705.0
INV003195,36-45,Female,T30,54.3,3345,2,1672.5
INV003196,26-35,Female,T30,20.1,206512,8,25814.0
INV003197,26-35,Male,T30,24.7,75585,4,18896.25
INV003198,46-55,Female,T30,37.0,306168,5,61233.6
INV003199,46-55,Male,T30,52.5,162809,2,81404.5
INV003200,46-55,Male,T30,61.2,742116,9,82457.33333333333
INV003201,36-45,Female,T30,12.2,781106,8,97638.25
INV003202,46-55,Male,T30,48.9,349643,7,49949.0
INV003203,26-35,Male,T30,22.5,839753,9,93305.88888888889
INV003204,18-25,Male,T30,6.7,329065,3,109688.33333333333
INV003205,26-35,Female,T30,16.1,1727669,12,143972.41666666666
INV003206,26-35,Male,T30,24.1,820902,8,102612.75
INV003207,46-55,Male,T30,48.9,7397,3,2465.6666666666665
INV003208,46-55,Male,B30,80.0,431032,6,71838.66666666667
INV003209,46-55,Male,T30,76.0,678291,8,84786.375
INV003210,36-45,Female,B30,23.1,849305,8,106163.125
INV003211,36-45,Male,T30,55.1,1245706,11,113246.0
INV003212,26-35,Male,T30,17.2,732737,7,104676.71428571429
INV003213,26-35,Male,T30,21.3,420262,5,84052.4
INV003214,36-45,Male,T30,18.2,1168716,9,129857.33333333333
INV003215,26-35,Female,T30,20.9,1102242,11,100203.81818181818
INV003216,36-45,Male,T30,12.6,900316,5,180063.2
INV003217,56+,Male,T30,18.3,189348,2,94674.0
INV003218,18-25,Male,T30,6.0,584036,7,83433.71428571429
INV003219,46-55,Male,T30,57.8,1210375,11,110034.09090909091
INV003220,26-35,Male,B30,7.6,1791045,10,179104.5
INV003221,26-35,Male,B30,15.8,1825785,12,152148.75
INV003222,56+,Female,B30,11.7,474431,10,47443.1
INV003223,26-35,Male,B30,15.4,522417,9,58046.333333333336
INV003224,26-35,Male,B30,16.0,1074066,7,153438.0
INV003225,26-35,Male,T30,9.2,775278,9,86142.0
INV003226,26-35,Male,T30,21.5,776045,7,110863.57142857143
INV003227,36-45,Male,T30,41.8,829863,9,92207.0
INV003228,26-35,Male,B30,20.0,620166,9,68907.33333333333
INV003229,46-55,Female,T30,64.4,266378,3,88792.66666666667
INV003230,18-25,Female,B30,3.2,774809,12,64567.416666666664
INV003231,26-35,Male,T30,9.1,1101024,10,110102.4
INV003232,36-45,Female,T30,30.9,1626190,11,147835.45454545456
INV003233,56+,Male,T30,16.8,406111,3,135370.33333333334
INV003234,26-35,Male,T30,13.5,927734,9,103081.55555555556
INV003235,56+,Male,B30,19.0,1021594,8,127699.25
INV003236,18-25,Male,B30,3.4,671107,11,61009.72727272727
INV003237,46-55,Male,T30,66.7,654245,6,109040.83333333333
INV003238,26-35,Male,T30,24.1,2018415,10,201841.5
INV003239,56+,Female,B30,48.3,52452,5,10490.4
INV003240,26-35,Male,T30,21.7,383396,6,63899.333333333336
INV003241,26-35,Male,B30,8.4,2928,2,1464.0
INV003242,26-35,Female,T30,18.1,718952,11,65359.27272727273
INV003243,18-25,Female,T30,4.0,162655,6,27109.166666666668
INV003244,26-35,Female,T30,21.1,64718,6,10786.333333333334
INV003245,26-35,Male,T30,21.5,38585,4,9646.25
INV003246,26-35,Male,T30,12.7,236247,3,78749.0
INV003247,46-55,Female,T30,93.1,1567144,11,142467.63636363635
INV003248,26-35,Male,B30,6.5,823799,9,91533.22222222222
INV003249,36-45,Male,T30,41.3,212744,4,53186.0
INV003250,26-35,Male,T30,11.3,1287698,11,117063.45454545454
INV003251,36-45,Female,B30,52.4,792854,5,158570.8
INV003252,46-55,Male,T30,95.5,102990,6,17165.0
INV003253,56+,Male,T30,30.2,172843,6,28807.166666666668
INV003254,26-35,Male,T30,9.5,172930,6,28821.666666666668
INV003255,46-55,Female,T30,77.7,22613,1,22613.0
INV003256,46-55,Male,B30,26.0,1133401,10,113340.1
INV003257,56+,Male,T30,34.8,813780,9,90420.0
INV003258,26-35,Male,B30,14.7,1670319,12,139193.25
INV003259,56+,Male,T30,42.1,10253,2,5126.5
INV003260,18-25,Male,T30,7.9,712327,9,79147.44444444444
INV003261,26-35,Male,B30,10.5,450793,5,90158.6
INV003262,46-55,Male,T30,80.2,920513,9,102279.22222222222
INV003263,26-35,Female,T30,12.5,215477,7,30782.428571428572
INV003264,18-25,Male,B30,4.9,452739,8,56592.375
INV003265,36-45,Female,T30,46.8,270969,4,67742.25
INV003266,26-35,Male,B30,6.8,217446,1,217446.0
INV003267,36-45,Male,B30,29.9,886940,9,98548.88888888889
INV003268,26-35,Male,B30,7.1,511091,3,170363.66666666666
INV003269,56+,Male,T30,17.5,532609,6,88768.16666666667
INV003270,56+,Male,T30,43.3,1012044,8,126505.5
INV003271,18-25,Male,T30,4.8,1050994,10,105099.4
INV003272,26-35,Male,B30,21.8,309083,4,77270.75
INV003273,36-45,Male,B30,18.3,445066,10,44506.6
INV003274,46-55,Male,B30,74.6,4507,1,4507.0
INV003275,26-35,Female,B30,8.1,121708,3,40569.333333333336
INV003276,46-55,Male,T30,45.0,1422303,7,203186.14285714287
INV003277,18-25,Male,T30,3.3,1143967,11,103997.0
INV003278,26-35,Male,B30,7.3,786235,5,157247.0
INV003279,46-55,Female,T30,19.4,411020,10,41102.0
INV003280,26-35,Female,B30,9.0,204358,5,40871.6
INV003281,26-35,Male,B30,21.9,341202,2,170601.0
INV003282,18-25,Male,B30,7.6,542943,5,108588.6
INV003283,56+,Female,T30,45.7,6261,2,3130.5
INV003284,36-45,Male,T30,27.9,430116,2,215058.0
INV003285,36-45,Male,T30,24.0,249504,3,83168.0
INV003286,36-45,Female,T30,41.2,303129,2,151564.5
INV003287,36-45,Male,T30,54.9,1622465,12,135205.41666666666
INV003288,56+,Male,T30,57.9,3480685,12,290057.0833333333
INV003289,26-35,Male,T30,11.2,1338847,12,111570.58333333333
INV003290,26-35,Male,T30,6.6,54546,1,54546.0
INV003291,36-45,Male,T30,47.1,1079196,9,119910.66666666667
INV003292,56+,Female,B30,55.0,148700,3,49566.666666666664
INV003293,36-45,Male,B30,30.2,23595,1,23595.0
INV003294,26-35,Female,B30,11.1,1380395,8,172549.375
INV003295,26-35,Male,T30,20.8,860743,8,107592.875
INV003296,26-35,Female,T30,11.3,746901,7,106700.14285714286
INV003297,36-45,Female,B30,16.3,2006241,10,200624.1
INV003298,26-35,Male,T30,12.4,1943319,11,176665.36363636365
INV003299,18-25,Male,T30,5.2,340005,2,170002.5
INV003300,36-45,Male,B30,13.3,536223,7,76603.28571428571
INV003301,26-35,Male,B30,14.2,321913,10,32191.3
INV003302,18-25,Male,T30,3.0,144597,5,28919.4
INV003303,26-35,Male,T30,15.8,62571,2,31285.5
INV003304,18-25,Female,T30,4.8,593307,12,49442.25
INV003305,46-55,Male,T30,41.0,111947,5,22389.4
INV003306,36-45,Male,T30,14.6,1938996,9,215444.0
INV003307,18-25,Male,B30,7.1,1672,2,836.0
INV003308,56+,Male,T30,58.2,423475,11,38497.72727272727
INV003309,26-35,Male,T30,20.0,20513,4,5128.25
INV003310,26-35,Male,T30,8.0,1297932,11,117993.81818181818
INV003311,26-35,Male,B30,9.5,598984,12,49915.333333333336
INV003312,26-35,Male,T30,7.9,259862,3,86620.66666666667
INV003313,26-35,Male,T30,16.1,530564,6,88427.33333333333
INV003314,36-45,Female,T30,25.6,841781,9,93531.22222222222
INV003315,36-45,Female,B30,58.1,636585,6,106097.5
INV003316,36-45,Male,T30,22.9,92917,3,30972.333333333332
INV003317,18-25,Male,T30,6.6,1009717,12,84143.08333333333
INV003318,26-35,Male,T30,9.9,1160,1,1160.0
INV003319,26-35,Male,T30,12.8,58272,3,19424.0
INV003320,56+,Male,B30,73.7,1447303,12,120608.58333333333
INV003321,46-55,Male,T30,22.5,1072303,8,134037.875
INV003322,26-35,Male,T30,22.7,643404,5,128680.8
INV003323,46-55,Male,T30,22.4,423921,1,423921.0
INV003324,26-35,Male,B30,20.7,1622951,8,202868.875
INV003325,26-35,Male,B30,17.3,731588,9,81287.55555555556
INV003326,36-45,Male,T30,40.9,256848,4,64212.0
INV003327,36-45,Female,T30,42.7,618628,2,309314.0
INV003328,26-35,Female,B30,14.2,322687,4,80671.75
INV003329,56+,Male,T30,25.2,934567,11,84960.63636363637
INV003330,46-55,Female,T30,44.1,176479,3,58826.333333333336
INV003331,26-35,Female,T30,7.1,886704,6,147784.0
INV003332,46-55,Male,B30,83.2,236287,6,39381.166666666664
INV003333,56+,Male,B30,49.5,57698,1,57698.0
INV003334,56+,Male,T30,25.2,333754,3,111251.33333333333
INV003335,18-25,Male,T30,4.1,200715,5,40143.0
INV003336,46-55,Female,B30,45.8,412829,8,51603.625
INV003337,26-35,Female,T30,21.7,67969,2,33984.5
INV003338,46-55,Male,B30,69.2,1258898,12,104908.16666666667
INV003339,18-25,Male,T30,5.4,8210,1,8210.0
INV003340,26-35,Male,T30,22.5,1557418,11,141583.45454545456
INV003341,26-35,Male,T30,23.0,1162148,10,116214.8
INV003342,56+,Male,T30,32.8,2014453,12,167871.08333333334
INV003343,36-45,Male,T30,26.0,1527885,11,138898.63636363635
INV003344,36-45,Female,T30,52.5,1639031,12,136585.91666666666
INV003345,26-35,Female,T30,17.7,458046,7,65435.142857142855
INV003346,46-55,Male,T30,16.7,757584,7,108226.28571428571
INV003347,18-25,Male,B30,3.7,341801,6,56966.833333333336
INV003348,46-55,Male,T30,53.4,96128,2,48064.0
INV003349,26-35,Male,B30,10.5,158096,3,52698.666666666664
INV003350,46-55,Female,B30,37.7,96401,7,13771.57142857143
INV003351,26-35,Male,T30,9.5,636915,7,90987.85714285714
INV003352,36-45,Male,T30,59.3,489840,10,48984.0
INV003353,26-35,Female,B30,13.3,911412,5,182282.4
INV003354,46-55,Male,T30,48.5,1277113,12,106426.08333333333
INV003355,26-35,Female,T30,14.6,1102878,8,137859.75
INV003356,26-35,Female,B30,11.0,587127,4,146781.75
INV003357,26-35,Female,B30,15.3,252789,8,31598.625
INV003358,26-35,Male,B30,19.7,77521,2,38760.5
INV003359,26-35,Male,T30,18.4,916534,7,130933.42857142857
INV003360,26-35,Female,T30,19.5,795393,12,66282.75
INV003361,36-45,Male,T30,19.9,221065,4,55266.25
INV003362,36-45,Female,T30,22.6,348361,4,87090.25
INV003363,36-45,Male,T30,46.5,913810,7,130544.28571428571
INV003364,26-35,Male,T30,23.4,42018,1,42018.0
INV003365,26-35,Male,B30,12.7,730787,3,243595.66666666666
INV003366,18-25,Male,B30,3.3,1198177,10,119817.7
INV003367,46-55,Male,T30,42.0,282663,1,282663.0
INV003368,26-35,Male,B30,18.1,1131,1,1131.0
INV003369,26-35,Male,T30,21.4,1358301,6,226383.5
INV003370,56+,Female,B30,54.8,388278,8,48534.75
INV003371,26-35,Female,T30,14.8,993864,4,248466.0
INV003372,36-45,Female,B30,38.1,1094502,10,109450.2
INV003373,56+,Male,T30,62.9,1979792,12,164982.66666666666
INV003374,26-35,Male,B30,15.8,444792,9,49421.333333333336
INV003375,56+,Female,T30,62.2,597592,10,59759.2
INV003376,36-45,Male,T30,44.4,1606102,11,146009.27272727274
INV003377,36-45,Male,B30,53.9,913312,7,130473.14285714286
INV003378,26-35,Male,T30,12.5,432065,2,216032.5
INV003379,36-45,Male,T30,43.2,1682465,12,140205.41666666666
INV003380,36-45,Male,T30,21.0,1164855,11,105895.90909090909
INV003381,36-45,Female,T30,12.1,2064765,12,172063.75
INV003382,26-35,Male,T30,19.8,1854213,11,168564.81818181818
INV003383,18-25,Male,B30,4.6,264037,4,66009.25
INV003384,36-45,Male,B30,51.8,569828,2,284914.0
INV003385,56+,Female,B30,65.9,605605,4,151401.25
INV003386,26-35,Male,B30,16.8,292052,2,146026.0
INV003387,36-45,Male,T30,15.4,1631208,9,181245.33333333334
INV003388,56+,Female,B30,39.3,1072196,12,89349.66666666667
INV003389,26-35,Male,T30,22.3,1787703,8,223462.875
INV003390,26-35,Male,B30,9.6,334515,3,111505.0
INV003391,26-35,Male,T30,20.2,1596211,10,159621.1
INV003392,56+,Male,T30,16.5,560151,4,140037.75
INV003393,26-35,Male,T30,17.1,704047,10,70404.7
INV003394,26-35,Male,T30,14.6,1047628,6,174604.66666666666
INV003395,36-45,Male,T30,39.2,1102153,10,110215.3
INV003396,26-35,Male,B30,23.4,813782,7,116254.57142857143
INV003397,26-35,Male,B30,11.7,385229,4,96307.25
INV003398,36-45,Male,T30,42.0,1156071,12,96339.25
INV003399,26-35,Female,T30,16.0,1038730,7,148390.0
INV003400,36-45,Female,B30,15.0,263857,5,52771.4
INV003401,26-35,Female,T30,18.1,615919,9,68435.44444444444
INV003402,26-35,Male,T30,20.5,590068,6,98344.66666666667
INV003403,18-25,Male,B30,6.3,521091,8,65136.375
INV003404,36-45,Male,T30,26.8,844511,12,70375.91666666667
INV003405,26-35,Male,T30,11.5,882362,10,88236.2
INV003406,26-35,Male,B30,21.2,758314,12,63192.833333333336
INV003407,26-35,Male,T30,6.7,843097,10,84309.7
INV003408,18-25,Male,T30,6.1,1509084,9,167676.0
INV003409,46-55,Male,B30,44.2,1151620,10,115162.0
INV003410,26-35,Male,T30,7.7,700434,8,87554.25
INV003411,26-35,Male,T30,14.2,1454081,12,121173.41666666667
INV003412,18-25,Male,T30,7.8,1570534,9,174503.77777777778
INV003413,46-55,Female,T30,59.4,23522,1,23522.0
INV003414,36-45,Female,T30,20.3,499486,4,124871.5
INV003415,46-55,Male,T30,96.6,397483,7,56783.28571428572
INV003416,26-35,Male,T30,22.3,130126,3,43375.333333333336
INV003417,26-35,Male,B30,17.6,5860,2,2930.0
INV003418,36-45,Male,T30,22.3,398668,4,99667.0
INV003419,18-25,Male,T30,5.3,1854352,12,154529.33333333334
INV003420,36-45,Male,B30,47.2,322268,7,46038.28571428572
INV003421,26-35,Male,T30,12.4,1018748,6,169791.33333333334
INV003422,26-35,Male,T30,9.0,199867,8,24983.375
INV003423,18-25,Female,T30,3.2,284289,6,47381.5
INV003424,26-35,Female,T30,19.7,1520209,12,126684.08333333333
INV003425,26-35,Female,T30,14.5,71002,4,17750.5
INV003426,46-55,Male,T30,27.8,663203,7,94743.28571428571
INV003427,18-25,Male,T30,4.4,741216,9,82357.33333333333
INV003428,26-35,Female,B30,22.8,942027,9,104669.66666666667
INV003429,26-35,Male,T30,16.0,860608,9,95623.11111111111
INV003430,26-35,Female,T30,14.8,349730,7,49961.42857142857
INV003431,18-25,Male,B30,6.3,578714,8,72339.25
INV003432,56+,Female,B30,11.2,400000,8,50000.0
INV003433,26-35,Female,T30,9.1,409387,3,136462.33333333334
INV003434,18-25,Male,T30,5.9,490,1,490.0
INV003435,26-35,Female,B30,17.8,381342,10,38134.2
INV003436,36-45,Female,T30,54.4,905870,10,90587.0
INV003437,46-55,Female,B30,51.0,1431479,11,130134.45454545454
INV003438,26-35,Female,T30,19.6,1214724,9,134969.33333333334
INV003439,18-25,Female,T30,3.9,295739,4,73934.75
INV003440,36-45,Male,B30,24.1,1860,1,1860.0
INV003441,26-35,Male,T30,13.5,352796,4,88199.0
INV003442,56+,Male,T30,51.6,9062,2,4531.0
INV003443,26-35,Male,B30,16.6,205620,5,41124.0
INV003444,36-45,Female,T30,41.4,282580,5,56516.0
INV003445,36-45,Male,B30,40.9,422900,3,140966.66666666666
INV003446,36-45,Male,T30,14.5,17137,2,8568.5
INV003447,26-35,Male,T30,7.0,8756,1,8756.0
INV003448,26-35,Male,B30,16.4,1187731,12,98977.58333333333
INV003449,56+,Male,T30,10.0,1449922,8,181240.25
INV003450,18-25,Female,B30,4.2,666982,12,55581.833333333336
INV003451,18-25,Female,B30,5.2,62732,5,12546.4
INV003452,18-25,Male,B30,4.5,159053,6,26508.833333333332
INV003453,36-45,Male,T30,56.3,573502,4,143375.5
INV003454,26-35,Male,T30,18.3,682174,5,136434.8
INV003455,46-55,Male,B30,40.2,997397,11,90672.45454545454
INV003456,26-35,Male,T30,7.5,18801,2,9400.5
INV003457,36-45,Male,T30,48.6,680172,9,75574.66666666667
INV003458,36-45,Male,T30,21.3,611548,10,61154.8
INV003459,26-35,Female,B30,23.5,1406366,12,117197.16666666667
INV003460,26-35,Male,T30,14.6,889457,8,111182.125
INV003461,18-25,Male,T30,7.7,330748,3,110249.33333333333
INV003462,26-35,Female,T30,24.3,1225548,8,153193.5
INV003463,26-35,Male,B30,14.1,414999,6,69166.5
INV003464,18-25,Male,B30,3.0,60020,3,20006.666666666668
INV003465,36-45,Female,T30,51.8,281266,1,281266.0
INV003466,36-45,Male,T30,17.2,480319,1,480319.0
INV003467,46-55,Female,T30,89.7,853464,5,170692.8
INV003468,36-45,Female,T30,43.1,21471,3,7157.0
INV003469,26-35,Male,B30,9.9,1338294,8,167286.75
INV003470,18-25,Male,B30,3.8,12971,3,4323.666666666667
INV003471,36-45,Male,B30,15.0,545753,5,109150.6
INV003472,36-45,Male,B30,12.3,13816,1,13816.0
INV003473,26-35,Male,T30,16.5,397275,7,56753.57142857143
INV003474,56+,Female,T30,22.1,2983,1,2983.0
INV003475,26-35,Male,T30,20.7,75542,9,8393.555555555555
INV003476,18-25,Male,T30,5.1,331968,3,110656.0
INV003477,36-45,Female,T30,23.1,1064130,7,152018.57142857142
INV003478,26-35,Male,T30,21.2,386790,10,38679.0
INV003479,36-45,Female,T30,44.7,586132,11,53284.72727272727
INV003480,26-35,Male,B30,24.4,1547288,12,128940.66666666667
INV003481,46-55,Male,T30,90.9,47070,1,47070.0
INV003482,18-25,Female,T30,6.3,903,1,903.0
INV003483,46-55,Male,B30,81.5,279091,3,93030.33333333333
INV003484,26-35,Female,B30,7.1,130493,7,18641.85714285714
INV003485,36-45,Male,T30,39.1,372386,5,74477.2
INV003486,36-45,Female,T30,13.3,86546,1,86546.0
INV003487,26-35,Female,T30,12.0,1571663,11,142878.45454545456
INV003488,46-55,Male,T30,37.3,217333,3,72444.33333333333
INV003489,26-35,Male,B30,11.4,11426,1,11426.0
INV003490,26-35,Male,T30,11.6,169916,3,56638.666666666664
INV003491,46-55,Male,T30,92.5,739529,12,61627.416666666664
INV003492,36-45,Male,T30,35.2,481549,8,60193.625
INV003493,18-25,Male,T30,4.2,421711,3,140570.33333333334
INV003494,26-35,Female,T30,18.6,1655743,9,183971.44444444444
INV003495,26-35,Female,T30,22.9,428104,12,35675.333333333336
INV003496,26-35,Male,T30,14.9,1617916,10,161791.6
INV003497,26-35,Female,T30,6.3,152727,1,152727.0
INV003498,26-35,Male,T30,19.0,27642,1,27642.0
INV003499,18-25,Male,B30,4.7,209864,3,69954.66666666667
INV003500,26-35,Male,T30,15.5,538927,5,107785.4
INV003501,26-35,Female,B30,24.7,14321,3,4773.666666666667
INV003502,56+,Female,B30,20.5,246437,2,123218.5
INV003503,36-45,Male,B30,26.3,1678826,8,209853.25
INV003504,26-35,Female,T30,13.0,5664,1,5664.0
INV003505,56+,Female,T30,53.5,1668682,9,185409.11111111112
INV003506,56+,Female,T30,55.5,485194,10,48519.4
INV003507,26-35,Female,T30,22.5,261878,5,52375.6
INV003508,26-35,Female,B30,19.5,1929,1,1929.0
INV003509,36-45,Male,T30,14.5,673641,12,56136.75
INV003510,46-55,Male,B30,72.7,22593,3,7531.0
INV003511,46-55,Male,T30,36.8,1091721,12,90976.75
INV003512,56+,Female,T30,31.5,570201,3,190067.0
INV003513,36-45,Male,T30,57.3,900311,7,128615.85714285714
INV003514,36-45,Female,T30,40.2,768537,10,76853.7
INV003515,26-35,Male,T30,16.3,114483,5,22896.6
INV003516,36-45,Female,T30,14.0,373390,3,124463.33333333333
INV003517,26-35,Male,T30,16.6,859320,4,214830.0
INV003518,26-35,Male,B30,6.7,1376894,11,125172.18181818182
INV003519,26-35,Male,T30,9.8,163239,4,40809.75
INV003520,18-25,Male,T30,4.5,31089,4,7772.25
INV003521,46-55,Male,T30,95.4,617144,9,68571.55555555556
INV003522,26-35,Female,B30,6.3,3041,1,3041.0
INV003523,56+,Male,B30,70.4,3511,2,1755.5
INV003524,36-45,Male,T30,12.5,2100998,12,175083.16666666666
INV003525,36-45,Male,B30,36.1,862327,10,86232.7
INV003526,36-45,Male,B30,24.2,960380,11,87307.27272727272
INV003527,36-45,Female,T30,26.2,531554,6,88592.33333333333
INV003528,18-25,Female,B30,3.6,661673,11,60152.09090909091
INV003529,36-45,Female,T30,36.6,169524,5,33904.8
INV003530,26-35,Male,T30,9.4,131856,7,18836.571428571428
INV003531,36-45,Male,T30,41.9,1640073,12,136672.75
INV003532,36-45,Female,B30,18.8,300140,7,42877.142857142855
INV003533,56+,Female,T30,11.4,1819135,11,165375.9090909091
INV003534,46-55,Male,T30,75.7,961572,11,87415.63636363637
INV003535,26-35,Male,B30,12.5,431629,6,71938.16666666667
INV003536,36-45,Male,B30,36.9,1898255,10,189825.5
INV003537,18-25,Male,B30,3.7,633094,9,70343.77777777778
INV003538,26-35,Male,T30,14.4,270185,3,90061.66666666667
INV003539,56+,Female,B30,54.9,1623069,8,202883.625
INV003540,26-35,Male,T30,23.6,911550,6,151925.0
INV003541,26-35,Female,T30,10.5,1508006,8,188500.75
INV003542,26-35,Male,T30,10.0,586833,3,195611.0
INV003543,26-35,Male,B30,8.3,2135794,12,177982.83333333334
INV003544,26-35,Male,T30,11.7,367936,3,122645.33333333333
INV003545,26-35,Female,T30,15.7,887166,9,98574.0
INV003546,36-45,Male,T30,16.2,886738,8,110842.25
INV003547,26-35,Male,T30,17.1,2221,1,2221.0
INV003548,26-35,Male,T30,23.3,12026,3,4008.6666666666665
INV003549,56+,Male,T30,76.9,340705,4,85176.25
INV003550,26-35,Male,B30,22.6,115997,2,57998.5
INV003551,18-25,Female,T30,6.3,435568,1,435568.0
INV003552,26-35,Male,T30,17.0,1017103,6,169517.16666666666
INV003553,36-45,Male,B30,33.0,2186024,12,182168.66666666666
INV003554,26-35,Female,T30,15.6,1994653,11,181332.0909090909
INV003555,26-35,Male,B30,18.6,533768,5,106753.6
INV003556,18-25,Male,B30,3.7,281832,8,35229.0
INV003557,46-55,Female,T30,81.8,1017671,9,113074.55555555556
INV003558,18-25,Male,T30,6.1,841156,9,93461.77777777778
INV003559,26-35,Female,B30,9.4,131836,10,13183.6
INV003560,26-35,Male,B30,22.5,720894,5,144178.8
INV003561,26-35,Male,T30,22.0,2086494,10,208649.4
INV003562,26-35,Female,T30,11.8,889262,9,98806.88888888889
INV003563,46-55,Male,T30,41.8,1514943,10,151494.3
INV003564,18-25,Male,T30,6.8,812213,11,73837.54545454546
INV003565,26-35,Male,T30,12.0,958160,8,119770.0
INV003566,26-35,Male,B30,8.7,908313,7,129759.0
INV003567,46-55,Male,T30,76.1,935778,8,116972.25
INV003568,18-25,Female,T30,5.3,1588037,12,132336.41666666666
INV003569,46-55,Male,T30,65.1,664301,7,94900.14285714286
INV003570,26-35,Male,T30,12.3,975725,5,195145.0
INV003571,36-45,Male,B30,53.1,867283,6,144547.16666666666
INV003572,46-55,Male,B30,65.9,551153,6,91858.83333333333
INV003573,36-45,Male,T30,51.8,1019088,8,127386.0
INV003574,46-55,Male,B30,48.4,1152917,6,192152.83333333334
INV003575,18-25,Male,T30,4.7,442391,5,88478.2
INV003576,26-35,Female,B30,19.6,2621,2,1310.5
INV003577,26-35,Female,B30,22.7,58871,5,11774.2
INV003578,36-45,Female,T30,36.5,423344,4,105836.0
INV003579,18-25,Male,T30,4.6,1205851,8,150731.375
INV003580,26-35,Male,T30,22.5,1092262,11,99296.54545454546
INV003581,56+,Male,B30,15.3,711578,12,59298.166666666664
INV003582,36-45,Male,B30,43.1,1085746,12,90478.83333333333
INV003583,18-25,Male,B30,4.9,40391,5,8078.2
INV003584,26-35,Male,B30,12.6,362516,3,120838.66666666667
INV003585,18-25,Male,T30,7.0,7817,1,7817.0
INV003586,46-55,Male,B30,68.9,1149668,12,95805.66666666667
INV003587,26-35,Female,T30,16.4,853328,8,106666.0
INV003588,36-45,Female,T30,29.3,572819,5,114563.8
INV003589,26-35,Female,B30,11.4,494235,5,98847.0
INV003590,46-55,Female,T30,23.1,632826,6,105471.0
INV003591,26-35,Female,B30,8.8,945203,5,189040.6
INV003592,56+,Female,T30,27.6,1362099,10,136209.9
INV003593,26-35,Female,T30,21.6,990436,9,110048.44444444444
INV003594,18-25,Male,T30,5.8,516325,6,86054.16666666667
INV003595,56+,Female,B30,74.5,642449,5,128489.8
INV003596,18-25,Male,T30,3.8,471986,2,235993.0
INV003597,18-25,Male,T30,5.6,1644684,10,164468.4
INV003598,26-35,Female,T30,12.7,894928,11,81357.09090909091
INV003599,46-55,Male,T30,43.2,836086,11,76007.81818181818
INV003600,56+,Female,T30,19.3,228750,7,32678.571428571428
INV003601,26-35,Female,B30,17.0,463686,10,46368.6
INV003602,46-55,Male,B30,75.4,1212812,8,151601.5
INV003603,36-45,Male,T30,52.4,416256,5,83251.2
INV003604,18-25,Female,T30,7.4,392926,9,43658.444444444445
INV003605,36-45,Male,T30,15.5,547468,5,109493.6
INV003606,36-45,Male,T30,23.6,1545665,4,386416.25
INV003607,18-25,Male,T30,4.7,89165,8,11145.625
INV003608,46-55,Male,T30,59.6,595715,7,85102.14285714286
INV003609,26-35,Male,B30,9.2,888044,7,126863.42857142857
INV003610,26-35,Male,T30,16.9,270213,3,90071.0
INV003611,18-25,Male,B30,4.8,921942,11,83812.90909090909
INV003612,56+,Male,T30,71.8,793977,6,132329.5
INV003613,26-35,Male,B30,13.5,655019,10,65501.9
INV003614,26-35,Male,T30,13.3,1480765,9,164529.44444444444
INV003615,36-45,Male,T30,32.6,365049,5,73009.8
INV003616,36-45,Female,T30,14.0,564317,7,80616.71428571429
INV003617,36-45,Male,T30,39.0,30324,5,6064.8
INV003618,46-55,Female,T30,72.4,450557,3,150185.66666666666
INV003619,18-25,Female,T30,3.3,1131359,9,125706.55555555556
INV003620,36-45,Female,B30,15.7,247252,6,41208.666666666664
INV003621,26-35,Male,T30,18.2,784186,3,261395.33333333334
INV003622,26-35,Female,T30,11.3,180360,2,90180.0
INV003623,36-45,Male,T30,43.0,26173,1,26173.0
INV003624,46-55,Female,T30,87.5,1359910,5,271982.0
INV003625,26-35,Female,T30,22.0,1387135,11,126103.18181818182
INV003626,26-35,Male,T30,23.5,1788429,11,162584.45454545456
INV003627,36-45,Male,T30,39.9,593349,10,59334.9
INV003628,18-25,Male,B30,5.4,4945,2,2472.5
INV003629,36-45,Male,B30,39.8,4678,1,4678.0
INV003630,18-25,Female,T30,4.9,251572,9,27952.444444444445
INV003631,36-45,Male,T30,26.3,138170,2,69085.0
INV003632,36-45,Female,T30,43.2,393066,3,131022.0
INV003633,26-35,Male,B30,11.8,1142895,10,114289.5
INV003634,46-55,Female,T30,87.5,1152042,10,115204.2
INV003635,56+,Female,T30,55.1,111446,10,11144.6
INV003636,46-55,Female,T30,94.0,231079,6,38513.166666666664
INV003637,36-45,Male,T30,18.6,1821428,10,182142.8
INV003638,56+,Male,T30,27.1,653004,10,65300.4
INV003639,36-45,Female,T30,22.9,307986,6,51331.0
INV003640,26-35,Male,T30,14.0,891005,5,178201.0
INV003641,26-35,Female,T30,13.1,468048,10,46804.8
INV003642,18-25,Male,B30,3.1,754330,10,75433.0
INV003643,36-45,Male,T30,48.4,628793,9,69865.88888888889
INV003644,26-35,Female,T30,8.2,1001540,6,166923.33333333334
INV003645,26-35,Male,B30,13.4,1133982,10,113398.2
INV003646,36-45,Male,T30,55.2,473368,2,236684.0
INV003647,56+,Male,B30,57.2,1904326,9,211591.77777777778
INV003648,46-55,Male,B30,74.1,931094,6,155182.33333333334
INV003649,46-55,Female,T30,79.9,1244453,11,113132.09090909091
INV003650,46-55,Male,T30,87.3,503063,12,41921.916666666664
INV003651,26-35,Male,T30,14.6,1002093,7,143156.14285714287
INV003652,26-35,Female,T30,16.9,19539,3,6513.0
INV003653,18-25,Female,B30,3.8,763038,5,152607.6
INV003654,18-25,Male,T30,6.6,439589,8,54948.625
INV003655,36-45,Female,B30,24.9,852476,12,71039.66666666667
INV003656,36-45,Female,B30,58.5,1028617,7,146945.2857142857
INV003657,36-45,Female,T30,55.4,312083,2,156041.5
INV003658,26-35,Male,T30,6.3,225357,10,22535.7
INV003659,56+,Male,B30,27.4,947646,5,189529.2
INV003660,26-35,Male,T30,6.8,960977,10,96097.7
INV003661,18-25,Female,T30,6.4,1192186,9,132465.11111111112
INV003662,18-25,Male,T30,5.7,1119923,5,223984.6
INV003663,26-35,Female,T30,19.0,2132763,7,304680.4285714286
INV003664,46-55,Male,B30,29.4,173041,5,34608.2
INV003665,26-35,Female,B30,11.8,30616,4,7654.0
INV003666,18-25,Male,T30,4.3,1245216,10,124521.6
INV003667,36-45,Female,T30,42.0,14994,1,14994.0
INV003668,36-45,Female,T30,44.1,14924,2,7462.0
INV003669,18-25,Female,T30,7.8,843628,10,84362.8
INV003670,36-45,Male,T30,38.4,780146,11,70922.36363636363
INV003671,36-45,Female,T30,22.9,1995114,10,199511.4
INV003672,36-45,Male,B30,32.5,930419,11,84583.54545454546
INV003673,26-35,Male,T30,23.5,278223,11,25293.0
INV003674,36-45,Male,B30,32.8,1763937,9,195993.0
INV003675,56+,Male,T30,63.9,1397291,9,155254.55555555556
INV003676,26-35,Male,T30,11.8,9274,3,3091.3333333333335
INV003677,36-45,Female,T30,23.8,864795,7,123542.14285714286
INV003678,26-35,Male,T30,6.6,1010240,10,101024.0
INV003679,56+,Male,T30,49.2,205869,1,205869.0
INV003680,26-35,Male,B30,21.3,771997,7,110285.28571428571
INV003681,26-35,Female,T30,17.4,805058,11,73187.09090909091
INV003682,36-45,Male,T30,45.6,353201,4,88300.25
INV003683,26-35,Female,T30,21.0,348454,8,43556.75
INV003684,36-45,Male,T30,42.9,1184805,9,131645.0
INV003685,26-35,Male,T30,10.4,1225770,9,136196.66666666666
INV003686,18-25,Male,T30,3.8,983051,12,81920.91666666667
INV003687,36-45,Male,T30,21.8,580143,3,193381.0
INV003688,56+,Male,T30,12.1,20627,2,10313.5
INV003689,46-55,Male,T30,79.9,1067758,5,213551.6
INV003690,36-45,Female,T30,53.2,30529,2,15264.5
INV003691,18-25,Male,B30,3.1,1808377,8,226047.125
INV003692,26-35,Male,T30,23.1,7154,3,2384.6666666666665
INV003693,36-45,Male,B30,25.2,733472,10,73347.2
INV003694,26-35,Female,B30,24.1,272583,5,54516.6
INV003695,36-45,Male,T30,31.0,1575077,11,143188.81818181818
INV003696,18-25,Female,B30,4.0,775681,8,96960.125
INV003697,18-25,Male,T30,6.3,1129176,12,94098.0
INV003698,36-45,Female,B30,41.5,1699660,11,154514.54545454544
INV003699,26-35,Male,B30,19.7,383675,4,95918.75
INV003700,46-55,Male,B30,42.6,377219,5,75443.8
INV003701,18-25,Male,B30,6.7,2851,1,2851.0
INV003702,36-45,Male,B30,53.2,99074,7,14153.42857142857
INV003703,36-45,Female,T30,20.8,282308,5,56461.6
INV003704,18-25,Male,T30,4.6,2788,1,2788.0
INV003705,26-35,Male,T30,8.0,1080393,11,98217.54545454546
INV003706,36-45,Female,B30,27.2,9617,1,9617.0
INV003707,36-45,Female,T30,55.5,906929,8,113366.125
INV003708,46-55,Male,B30,38.6,1560590,12,130049.16666666667
INV003709,46-55,Female,B30,21.0,384060,8,48007.5
INV003710,26-35,Male,B30,19.6,154052,7,22007.428571428572
INV003711,36-45,Female,T30,13.1,798384,8,99798.0
INV003712,46-55,Male,T30,82.6,1657251,11,150659.18181818182
INV003713,36-45,Female,T30,29.9,411811,11,37437.36363636364
INV003714,46-55,Female,T30,52.9,1028282,5,205656.4
INV003715,18-25,Male,B30,5.8,290537,2,145268.5
INV003716,36-45,Male,B30,37.7,459026,6,76504.33333333333
INV003717,26-35,Female,B30,20.8,1589116,10,158911.6
INV003718,46-55,Male,T30,65.3,424288,8,53036.0
INV003719,26-35,Female,B30,8.3,169109,5,33821.8
INV003720,36-45,Female,B30,49.4,1632951,11,148450.0909090909
INV003721,26-35,Male,B30,19.5,5075,2,2537.5
INV003722,36-45,Female,B30,50.8,1850371,11,168215.54545454544
INV003723,26-35,Female,T30,10.9,531706,9,59078.444444444445
INV003724,56+,Male,B30,52.5,1140916,11,103719.63636363637
INV003725,26-35,Female,T30,8.4,337590,4,84397.5
INV003726,26-35,Male,B30,24.1,393716,5,78743.2
INV003727,18-25,Female,T30,7.2,158971,3,52990.333333333336
INV003728,26-35,Male,T30,16.2,741980,5,148396.0
INV003729,26-35,Male,T30,21.3,40906,1,40906.0
INV003730,26-35,Male,B30,23.1,592695,3,197565.0
INV003731,26-35,Female,B30,9.9,2277196,12,189766.33333333334
INV003732,36-45,Male,T30,56.1,2556852,12,213071.0
INV003733,26-35,Male,T30,12.6,1201810,10,120181.0
INV003734,56+,Male,B30,70.3,550720,10,55072.0
INV003735,36-45,Female,T30,13.9,607402,11,55218.36363636364
INV003736,18-25,Male,B30,4.9,1581620,12,131801.66666666666
INV003737,18-25,Male,T30,4.4,1394497,10,139449.7
INV003738,26-35,Male,T30,19.0,889513,9,98834.77777777778
INV003739,46-55,Female,T30,81.0,941571,7,134510.14285714287
INV003740,56+,Female,T30,16.2,1236535,11,112412.27272727272
INV003741,36-45,Male,B30,30.3,563608,9,62623.11111111111
INV003742,56+,Female,T30,53.9,808139,5,161627.8
INV003743,46-55,Male,T30,79.9,827366,6,137894.33333333334
INV003744,18-25,Female,B30,4.1,1604217,12,133684.75
INV003745,36-45,Male,T30,17.8,1958360,12,163196.66666666666
INV003746,56+,Female,B30,57.0,356141,1,356141.0
INV003747,26-35,Female,T30,21.7,821969,7,117424.14285714286
INV003748,46-55,Male,T30,66.4,1212942,12,101078.5
INV003749,36-45,Female,T30,25.6,364046,5,72809.2
INV003750,26-35,Female,B30,23.6,251486,6,41914.333333333336
INV003751,26-35,Male,T30,14.1,321289,6,53548.166666666664
INV003752,46-55,Male,T30,24.4,477604,3,159201.33333333334
INV003753,36-45,Male,T30,57.4,17810,2,8905.0
INV003754,36-45,Female,T30,23.2,549608,1,549608.0
INV003755,46-55,Male,T30,42.7,605209,5,121041.8
INV003756,26-35,Male,T30,6.9,773167,9,85907.44444444444
INV003757,18-25,Male,B30,3.7,487952,9,54216.88888888889
INV003758,26-35,Female,T30,11.2,282540,5,56508.0
INV003759,26-35,Male,T30,6.1,919479,5,183895.8
INV003760,26-35,Male,T30,15.4,458495,3,152831.66666666666
INV003761,46-55,Male,B30,61.2,417186,10,41718.6
INV003762,36-45,Male,T30,39.4,996800,8,124600.0
INV003763,26-35,Female,B30,19.1,50583,3,16861.0
INV003764,46-55,Female,B30,16.0,166105,2,83052.5
INV003765,26-35,Male,B30,11.1,838965,7,119852.14285714286
INV003766,36-45,Male,T30,52.3,1032643,12,86053.58333333333
INV003767,36-45,Female,B30,13.6,769844,12,64153.666666666664
INV003768,18-25,Male,T30,4.9,11363,2,5681.5
INV003769,46-55,Female,T30,74.8,1329674,8,166209.25
INV003770,46-55,Male,T30,77.8,313359,2,156679.5
INV003771,46-55,Male,T30,47.6,711262,12,59271.833333333336
INV003772,18-25,Female,B30,6.8,697876,11,63443.27272727273
INV003773,46-55,Female,T30,53.9,1125157,6,187526.16666666666
INV003774,26-35,Male,T30,17.5,8153,1,8153.0
INV003775,56+,Male,T30,12.8,517027,9,57447.444444444445
INV003776,26-35,Male,B30,22.7,361932,2,180966.0
INV003777,46-55,Male,T30,94.5,12031,1,12031.0
INV003778,36-45,Male,T30,59.4,1216994,10,121699.4
INV003779,26-35,Male,T30,21.9,647438,8,80929.75
INV003780,26-35,Male,B30,10.1,722906,10,72290.6
INV003781,26-35,Male,B30,15.8,1339079,11,121734.45454545454
INV003782,36-45,Male,T30,44.5,1445434,11,131403.0909090909
INV003783,18-25,Male,T30,3.5,1328296,11,120754.18181818182
INV003784,56+,Female,T30,8.2,243086,2,121543.0
INV003785,36-45,Male,T30,28.2,386433,7,55204.71428571428
INV003786,36-45,Male,T30,55.0,195047,3,65015.666666666664
INV003787,46-55,Male,B30,29.3,660714,12,55059.5
INV003788,18-25,Male,T30,3.1,720969,6,120161.5
INV003789,36-45,Male,B30,29.9,1242976,7,177568.0
INV003790,26-35,Male,T30,10.5,459153,1,459153.0
INV003791,46-55,Male,B30,77.4,1196173,11,108743.0
INV003792,46-55,Male,T30,17.9,602168,7,86024.0
INV003793,46-55,Male,T30,94.3,907332,9,100814.66666666667
INV003794,26-35,Male,T30,22.1,1872555,11,170232.27272727274
INV003795,18-25,Male,T30,7.6,1099859,12,91654.91666666667
INV003796,26-35,Male,T30,19.1,444876,2,222438.0
INV003797,26-35,Male,T30,6.6,1771215,8,221401.875
INV003798,36-45,Male,T30,53.9,1054083,9,117120.33333333333
INV003799,18-25,Male,B30,5.6,416766,8,52095.75
INV003800,26-35,Male,B30,18.8,586331,4,146582.75
INV003801,26-35,Male,T30,17.8,360674,6,60112.333333333336
INV003802,18-25,Female,B30,5.5,13397,1,13397.0
INV003803,26-35,Male,T30,10.8,1337295,7,191042.14285714287
INV003804,46-55,Male,T30,81.9,774062,4,193515.5
INV003805,26-35,Female,T30,17.0,749216,5,149843.2
INV003806,26-35,Male,T30,14.7,787429,7,112489.85714285714
INV003807,46-55,Male,B30,76.4,149626,2,74813.0
INV003808,46-55,Female,B30,62.5,1718145,10,171814.5
INV003809,36-45,Male,B30,45.3,1239105,6,206517.5
INV003810,26-35,Male,B30,24.7,2350686,8,293835.75
INV003811,46-55,Female,T30,83.6,1643813,11,149437.54545454544
INV003812,18-25,Female,B30,3.6,1334596,11,121326.90909090909
INV003813,36-45,Male,B30,23.6,700454,8,87556.75
INV003814,36-45,Female,B30,12.5,471143,3,157047.66666666666
INV003815,36-45,Male,T30,38.7,1561443,12,130120.25
INV003816,26-35,Female,T30,17.0,937996,4,234499.0
INV003817,26-35,Male,T30,9.0,1218270,6,203045.0
INV003818,36-45,Male,T30,25.3,402107,3,134035.66666666666
INV003819,26-35,Male,T30,19.0,288285,5,57657.0
INV003820,56+,Male,T30,61.2,483253,5,96650.6
INV003821,18-25,Female,T30,6.4,804198,7,114885.42857142857
INV003822,26-35,Male,T30,12.9,1612279,9,179142.11111111112
INV003823,26-35,Male,T30,10.5,492715,7,70387.85714285714
INV003824,26-35,Male,T30,9.4,1841368,12,153447.33333333334
INV003825,56+,Male,T30,69.6,530735,8,66341.875
INV003826,18-25,Male,T30,7.7,482358,3,160786.0
INV003827,26-35,Male,T30,12.1,10093,1,10093.0
INV003828,18-25,Male,T30,7.6,1006033,10,100603.3
INV003829,36-45,Male,B30,55.6,456361,12,38030.083333333336
INV003830,26-35,Male,B30,17.6,986735,10,98673.5
INV003831,56+,Male,T30,21.2,3340,1,3340.0
INV003832,46-55,Male,B30,34.4,420804,8,52600.5
INV003833,26-35,Male,T30,11.7,456418,6,76069.66666666667
INV003834,36-45,Male,B30,25.1,244277,6,40712.833333333336
INV003835,36-45,Female,T30,58.3,511145,7,73020.71428571429
INV003836,36-45,Male,T30,12.4,636966,7,90995.14285714286
INV003837,26-35,Female,B30,15.2,334381,2,167190.5
INV003838,18-25,Female,T30,5.1,974791,3,324930.3333333333
INV003839,26-35,Female,T30,11.5,9224,2,4612.0
INV003840,36-45,Male,T30,54.6,60360,3,20120.0
INV003841,26-35,Male,B30,15.7,503535,2,251767.5
INV003842,36-45,Male,T30,34.3,720456,3,240152.0
INV003843,56+,Male,B30,31.8,25121,1,25121.0
INV003844,26-35,Female,B30,15.9,1195166,11,108651.45454545454
INV003845,26-35,Female,T30,10.1,267787,4,66946.75
INV003846,46-55,Female,B30,44.2,737601,8,92200.125
INV003847,26-35,Male,T30,19.7,728655,12,60721.25
INV003848,26-35,Male,T30,24.0,1278238,9,142026.44444444444
INV003849,26-35,Male,B30,7.6,857519,8,107189.875
INV003850,56+,Female,T30,73.1,43811,1,43811.0
INV003851,46-55,Male,T30,60.6,1061210,11,96473.63636363637
INV003852,56+,Male,T30,12.2,91972,3,30657.333333333332
INV003853,26-35,Male,B30,16.1,1125858,9,125095.33333333333
INV003854,26-35,Male,T30,16.5,187297,5,37459.4
INV003855,56+,Male,B30,58.1,439652,6,73275.33333333333
INV003856,36-45,Male,T30,46.7,200046,5,40009.2
INV003857,18-25,Male,T30,3.8,2161038,7,308719.71428571426
INV003858,36-45,Male,T30,21.6,407811,5,81562.2
INV003859,36-45,Male,T30,28.5,526947,5,105389.4
INV003860,26-35,Male,T30,20.4,1430848,11,130077.09090909091
INV003861,26-35,Female,T30,13.8,128960,1,128960.0
INV003862,26-35,Male,T30,17.0,412044,9,45782.666666666664
INV003863,36-45,Male,T30,13.9,6928,2,3464.0
INV003864,36-45,Female,T30,49.8,527430,4,131857.5
INV003865,18-25,Female,T30,3.3,633518,10,63351.8
INV003866,46-55,Female,B30,92.0,203152,2,101576.0
INV003867,18-25,Male,B30,4.4,504587,4,126146.75
INV003868,36-45,Male,T30,25.8,341572,9,37952.444444444445
INV003869,18-25,Male,T30,5.0,278638,5,55727.6
INV003870,26-35,Male,T30,15.0,917476,5,183495.2
INV003871,18-25,Male,B30,7.6,687469,4,171867.25
INV003872,26-35,Male,B30,20.1,1036120,11,94192.72727272728
INV003873,36-45,Female,T30,37.2,354071,4,88517.75
INV003874,26-35,Female,B30,16.5,1321969,9,146885.44444444444
INV003875,26-35,Male,B30,10.1,1064,1,1064.0
INV003876,18-25,Male,B30,5.6,1175061,10,117506.1
INV003877,36-45,Female,B30,25.4,663193,6,110532.16666666667
INV003878,56+,Male,T30,27.9,50637,5,10127.4
INV003879,26-35,Male,T30,13.6,61493,2,30746.5
INV003880,26-35,Male,T30,9.6,52016,8,6502.0
INV003881,36-45,Female,T30,23.0,2997,1,2997.0
INV003882,36-45,Male,B30,51.6,737000,7,105285.71428571429
INV003883,26-35,Male,T30,6.7,1010259,8,126282.375
INV003884,18-25,Male,B30,6.6,145853,5,29170.6
INV003885,36-45,Male,T30,52.3,211884,7,30269.14285714286
INV003886,26-35,Male,T30,19.7,1915,1,1915.0
INV003887,56+,Female,B30,54.1,1306852,8,163356.5
INV003888,56+,Female,T30,8.6,1404708,10,140470.8
INV003889,46-55,Male,B30,42.6,1138734,4,284683.5
INV003890,26-35,Male,B30,18.8,810017,2,405008.5
INV003891,26-35,Male,T30,21.8,572170,5,114434.0
INV003892,46-55,Male,B30,24.4,566340,12,47195.0
INV003893,46-55,Male,T30,78.5,353775,3,117925.0
INV003894,26-35,Male,B30,14.9,1431061,9,159006.77777777778
INV003895,26-35,Male,B30,14.2,210801,2,105400.5
INV003896,56+,Female,B30,14.3,630552,8,78819.0
INV003897,26-35,Male,B30,24.0,83553,6,13925.5
INV003898,26-35,Male,T30,6.2,790554,4,197638.5
INV003899,36-45,Female,T30,21.3,1218551,9,135394.55555555556
INV003900,36-45,Male,T30,27.7,84971,3,28323.666666666668
INV003901,46-55,Male,T30,45.4,1575680,10,157568.0
INV003902,26-35,Male,B30,23.1,1375351,10,137535.1
INV003903,18-25,Female,B30,6.6,1379099,11,125372.63636363637
INV003904,46-55,Male,T30,67.6,385839,5,77167.8
INV003905,26-35,Male,T30,24.3,70428,7,10061.142857142857
INV003906,36-45,Male,B30,39.7,352933,11,32084.81818181818
INV003907,46-55,Male,T30,62.6,680403,8,85050.375
INV003908,26-35,Female,B30,13.8,1867760,9,207528.88888888888
INV003909,46-55,Male,T30,29.1,1562872,8,195359.0
INV003910,26-35,Male,T30,8.8,846416,8,105802.0
INV003911,36-45,Male,T30,21.5,640165,8,80020.625
INV003912,26-35,Male,T30,8.5,819109,9,91012.11111111111
INV003913,36-45,Male,T30,51.7,52158,8,6519.75
INV003914,26-35,Male,T30,8.9,103679,2,51839.5
INV003915,26-35,Female,T30,19.7,472905,2,236452.5
INV003916,26-35,Male,B30,23.6,1360318,10,136031.8
INV003917,26-35,Male,B30,16.0,5765,2,2882.5
INV003918,56+,Male,T30,51.2,2255681,12,187973.41666666666
INV003919,18-25,Male,T30,3.4,310861,4,77715.25
INV003920,26-35,Male,T30,20.3,1319862,12,109988.5
INV003921,46-55,Male,B30,87.4,3225,2,1612.5
INV003922,56+,Male,T30,59.9,1016464,3,338821.3333333333
INV003923,26-35,Female,T30,6.7,405790,2,202895.0
INV003924,26-35,Male,T30,20.1,53873,2,26936.5
INV003925,26-35,Female,B30,14.2,440551,7,62935.857142857145
INV003926,46-55,Male,T30,92.8,1252558,8,156569.75
INV003927,36-45,Female,T30,15.3,189761,2,94880.5
INV003928,36-45,Male,T30,22.8,425522,5,85104.4
INV003929,56+,Male,B30,28.0,546945,3,182315.0
INV003930,36-45,Male,T30,16.2,406317,1,406317.0
INV003931,26-35,Male,T30,17.7,743504,5,148700.8
INV003932,26-35,Male,B30,15.7,40445,4,10111.25
INV003933,18-25,Female,B30,3.0,8972,1,8972.0
INV003934,26-35,Male,T30,24.1,664589,4,166147.25
INV003935,26-35,Male,B30,7.6,401779,2,200889.5
INV003936,36-45,Male,T30,19.8,1946104,12,162175.33333333334
INV003937,56+,Male,B30,31.8,931665,5,186333.0
INV003938,36-45,Female,T30,15.3,1006945,11,91540.45454545454
INV003939,36-45,Female,B30,58.1,17178,2,8589.0
INV003940,36-45,Male,T30,21.6,1321595,12,110132.91666666667
INV003941,26-35,Male,B30,8.0,371895,4,92973.75
INV003942,26-35,Female,B30,23.3,732422,8,91552.75
INV003943,46-55,Male,T30,46.2,394148,11,35831.63636363636
INV003944,26-35,Male,T30,17.5,97814,2,48907.0
INV003945,46-55,Female,T30,48.3,1094470,11,99497.27272727272
INV003946,26-35,Female,B30,9.2,814585,9,90509.44444444444
INV003947,26-35,Male,T30,12.9,781074,7,111582.0
INV003948,18-25,Female,T30,7.5,637358,9,70817.55555555556
INV003949,56+,Male,B30,54.8,477806,5,95561.2
INV003950,26-35,Male,B30,11.1,379239,5,75847.8
INV003951,18-25,Male,T30,7.8,1176864,9,130762.66666666667
INV003952,36-45,Male,T30,48.8,449116,9,49901.77777777778
INV003953,36-45,Male,T30,17.4,142737,3,47579.0
INV003954,26-35,Male,B30,7.1,167457,5,33491.4
INV003955,26-35,Female,T30,8.9,13434,5,2686.8
INV003956,36-45,Male,B30,32.3,714188,5,142837.6
INV003957,36-45,Male,T30,30.9,1721306,11,156482.36363636365
INV003958,18-25,Male,B30,6.6,1271693,12,105974.41666666667
INV003959,46-55,Male,T30,81.1,326111,2,163055.5
INV003960,26-35,Female,T30,18.6,527797,6,87966.16666666667
INV003961,46-55,Male,B30,39.6,1355938,11,123267.09090909091
INV003962,26-35,Male,T30,20.4,819322,11,74483.81818181818
INV003963,26-35,Male,T30,18.1,17696,4,4424.0
INV003964,26-35,Male,T30,16.7,880434,12,73369.5
INV003965,56+,Male,T30,28.3,7547,1,7547.0
INV003966,46-55,Male,B30,79.6,558692,4,139673.0
INV003967,46-55,Male,B30,79.9,812947,7,116135.28571428571
INV003968,46-55,Female,T30,58.7,1192347,10,119234.7
INV003969,46-55,Male,T30,76.3,9624,2,4812.0
INV003970,18-25,Male,T30,4.1,1408523,10,140852.3
INV003971,26-35,Male,T30,14.1,31623,4,7905.75
INV003972,26-35,Male,B30,10.2,1000401,9,111155.66666666667
INV003973,26-35,Male,T30,11.4,1124006,9,124889.55555555556
INV003974,46-55,Male,B30,73.6,1118434,12,93202.83333333333
INV003975,36-45,Male,T30,26.2,1048728,11,95338.90909090909
INV003976,46-55,Male,T30,18.9,116716,5,23343.2
INV003977,46-55,Male,B30,77.8,952898,8,119112.25
INV003978,26-35,Female,T30,6.2,787646,10,78764.6
INV003979,36-45,Male,T30,44.4,881940,12,73495.0
INV003980,26-35,Male,T30,7.1,156943,4,39235.75
INV003981,46-55,Male,B30,46.7,690352,10,69035.2
INV003982,36-45,Female,B30,34.4,1191664,7,170237.7142857143
INV003983,26-35,Female,B30,22.3,974186,4,243546.5
INV003984,56+,Female,B30,30.1,70321,3,23440.333333333332
INV003985,18-25,Male,B30,4.3,153206,7,21886.571428571428
INV003986,36-45,Male,T30,44.2,896839,7,128119.85714285714
INV003987,26-35,Female,B30,24.1,558937,9,62104.11111111111
INV003988,26-35,Male,B30,19.1,244804,2,122402.0
INV003989,26-35,Male,B30,24.6,1482555,9,164728.33333333334
INV003990,18-25,Male,T30,5.3,252542,3,84180.66666666667
INV003991,26-35,Female,T30,20.9,9861,2,4930.5
INV003992,46-55,Female,B30,86.8,205921,6,34320.166666666664
INV003993,46-55,Male,T30,32.2,190848,5,38169.6
INV003994,18-25,Male,B30,4.5,40466,1,40466.0
INV003995,36-45,Female,B30,33.8,1088542,6,181423.66666666666
INV003996,36-45,Female,T30,39.8,724424,9,80491.55555555556
INV003997,36-45,Male,T30,48.3,883260,8,110407.5
INV003998,26-35,Male,T30,12.5,350514,4,87628.5
INV003999,26-35,Female,B30,21.2,231704,2,115852.0
INV004000,26-35,Male,T30,12.3,25217,1,25217.0
INV004001,56+,Female,T30,52.7,658564,10,65856.4
INV004002,56+,Male,B30,33.1,781596,4,195399.0
INV004003,26-35,Male,T30,9.5,1253306,9,139256.22222222222
INV004004,18-25,Male,T30,3.1,752428,12,62702.333333333336
INV004005,26-35,Male,T30,11.0,1371191,11,124653.72727272728
INV004006,56+,Male,B30,59.1,947553,10,94755.3
INV004007,18-25,Female,T30,4.5,504038,9,56004.22222222222
INV004008,46-55,Male,B30,17.2,437026,4,109256.5
INV004009,18-25,Male,T30,5.6,814468,10,81446.8
INV004010,36-45,Male,T30,37.1,279418,1,279418.0
INV004011,18-25,Female,B30,5.0,1150886,7,164412.2857142857
INV004012,46-55,Male,T30,82.3,10321,5,2064.2
INV004013,18-25,Male,T30,7.6,289965,1,289965.0
INV004014,56+,Female,T30,27.2,610127,11,55466.09090909091
INV004015,18-25,Female,T30,7.6,1681983,11,152907.54545454544
INV004016,36-45,Male,T30,21.0,483221,5,96644.2
INV004017,36-45,Male,T30,36.7,1125221,11,102292.81818181818
INV004018,56+,Male,T30,47.9,1142387,7,163198.14285714287
INV004019,26-35,Male,T30,20.9,783745,8,97968.125
INV004020,18-25,Male,T30,7.6,417,1,417.0
INV004021,36-45,Male,B30,33.8,27282,1,27282.0
INV004022,36-45,Male,B30,21.9,495790,3,165263.33333333334
INV004023,46-55,Male,T30,69.6,135403,10,13540.3
INV004024,36-45,Male,T30,23.1,1619728,12,134977.33333333334
INV004025,56+,Male,T30,18.7,657220,6,109536.66666666667
INV004026,26-35,Female,B30,8.3,91979,7,13139.857142857143
INV004027,26-35,Male,B30,8.7,880836,4,220209.0
INV004028,18-25,Male,T30,3.3,1419221,10,141922.1
INV004029,36-45,Male,B30,31.9,10542,1,10542.0
INV004030,18-25,Female,T30,4.4,978260,8,122282.5
INV004031,36-45,Male,T30,27.5,13703,2,6851.5
INV004032,46-55,Male,T30,55.5,790132,8,98766.5
INV004033,36-45,Male,T30,56.1,1814603,9,201622.55555555556
INV004034,46-55,Male,B30,71.0,341077,2,170538.5
INV004035,26-35,Male,T30,12.2,373062,4,93265.5
INV004036,56+,Female,B30,51.7,965414,6,160902.33333333334
INV004037,26-35,Male,T30,20.8,896166,8,112020.75
INV004038,26-35,Female,T30,24.6,1221885,12,101823.75
INV004039,46-55,Female,T30,89.7,32828,2,16414.0
INV004040,36-45,Male,T30,54.3,505628,7,72232.57142857143
INV004041,36-45,Male,T30,51.1,545038,4,136259.5
INV004042,36-45,Male,B30,36.0,864780,4,216195.0
INV004043,36-45,Female,B30,39.5,587188,5,117437.6
INV004044,46-55,Male,T30,82.3,763173,6,127195.5
INV004045,18-25,Male,T30,4.2,273575,7,39082.142857142855
INV004046,36-45,Male,T30,53.6,36574,3,12191.333333333334
INV004047,26-35,Male,T30,15.0,250537,2,125268.5
INV004048,26-35,Male,T30,13.0,339114,2,169557.0
INV004049,36-45,Male,T30,31.1,1019101,11,92645.54545454546
INV004050,26-35,Male,T30,15.5,732902,8,91612.75
INV004051,36-45,Female,B30,28.8,1488118,10,148811.8
INV004052,26-35,Female,B30,15.5,979750,7,139964.2857142857
INV004053,26-35,Male,T30,20.8,289741,2,144870.5
INV004054,26-35,Female,T30,6.4,910752,4,227688.0
INV004055,26-35,Male,T30,8.8,544,1,544.0
INV004056,26-35,Male,T30,8.3,254924,4,63731.0
INV004057,26-35,Male,T30,9.9,158466,3,52822.0
INV004058,26-35,Male,T30,22.5,342628,6,57104.666666666664
INV004059,26-35,Female,T30,17.0,222209,3,74069.66666666667
INV004060,46-55,Male,T30,19.2,200561,2,100280.5
INV004061,26-35,Male,T30,22.2,496037,4,124009.25
INV004062,36-45,Female,T30,39.9,592764,4,148191.0
INV004063,36-45,Male,T30,19.3,1059126,12,88260.5
INV004064,26-35,Male,T30,16.1,2485177,12,207098.08333333334
INV004065,26-35,Male,T30,6.1,1093927,4,273481.75
INV004066,46-55,Male,T30,30.8,1438671,10,143867.1
INV004067,26-35,Male,T30,8.5,583733,8,72966.625
INV004068,46-55,Male,T30,63.0,76846,3,25615.333333333332
INV004069,26-35,Male,T30,21.8,778768,9,86529.77777777778
INV004070,26-35,Male,T30,13.8,1046583,12,87215.25
INV004071,36-45,Female,T30,22.2,726271,6,121045.16666666667
INV004072,36-45,Male,T30,50.6,522978,2,261489.0
INV004073,46-55,Female,T30,32.6,432216,7,61745.142857142855
INV004074,46-55,Female,T30,85.0,46757,3,15585.666666666666
INV004075,36-45,Male,T30,56.5,520435,7,74347.85714285714
INV004076,26-35,Male,T30,15.7,398551,6,66425.16666666667
INV004077,18-25,Female,T30,3.5,255753,4,63938.25
INV004078,18-25,Male,T30,3.8,1469459,9,163273.22222222222
INV004079,36-45,Female,T30,57.2,1030788,10,103078.8
INV004080,26-35,Female,B30,18.7,1143023,8,142877.875
INV004081,46-55,Female,T30,43.8,549055,4,137263.75
INV004082,56+,Male,B30,26.0,423498,4,105874.5
INV004083,18-25,Male,T30,7.8,150949,2,75474.5
INV004084,26-35,Male,T30,9.9,643554,7,91936.28571428571
INV004085,36-45,Female,T30,34.5,641929,10,64192.9
INV004086,46-55,Male,B30,54.9,296646,2,148323.0
INV004087,18-25,Male,T30,5.5,352213,4,88053.25
INV004088,36-45,Male,T30,26.8,509501,3,169833.66666666666
INV004089,36-45,Female,T30,15.2,1214466,9,134940.66666666666
INV004090,36-45,Female,B30,28.6,382465,5,76493.0
INV004091,26-35,Male,T30,7.2,988186,11,89835.09090909091
INV004092,18-25,Female,B30,4.4,276524,2,138262.0
INV004093,36-45,Male,B30,23.6,21073,1,21073.0
INV004094,26-35,Female,B30,10.0,498658,8,62332.25
INV004095,26-35,Female,B30,14.6,236334,4,59083.5
INV004096,36-45,Male,B30,57.1,1935335,11,175939.54545454544
INV004097,56+,Male,T30,52.9,240082,4,60020.5
INV004098,26-35,Male,T30,11.3,660586,8,82573.25
INV004099,26-35,Male,T30,22.6,1065272,10,106527.2
INV004100,26-35,Male,T30,20.7,2016151,11,183286.45454545456
INV004101,46-55,Male,T30,44.6,791523,3,263841.0
INV004102,26-35,Female,B30,6.6,779125,7,111303.57142857143
INV004103,46-55,Male,T30,45.0,524457,3,174819.0
INV004104,26-35,Male,B30,10.5,1592553,9,176950.33333333334
INV004105,26-35,Female,B30,22.1,247802,4,61950.5
INV004106,26-35,Male,T30,16.3,127689,6,21281.5
INV004107,26-35,Male,T30,12.6,460083,3,153361.0
INV004108,36-45,Female,T30,22.5,819559,7,117079.85714285714
INV004109,56+,Female,T30,59.8,529643,7,75663.28571428571
INV004110,18-25,Male,T30,5.5,661802,7,94543.14285714286
INV004111,36-45,Male,T30,27.4,591688,3,197229.33333333334
INV004112,46-55,Male,B30,30.0,678707,9,75411.88888888889
INV004113,36-45,Male,T30,51.8,15112,2,7556.0
INV004114,26-35,Male,B30,9.4,681896,7,97413.71428571429
INV004115,56+,Male,T30,69.9,343028,4,85757.0
INV004116,36-45,Male,T30,59.4,373951,11,33995.545454545456
INV004117,18-25,Male,B30,6.2,793668,6,132278.0
INV004118,36-45,Male,T30,26.2,1193263,9,132584.77777777778
INV004119,26-35,Female,B30,13.0,642060,8,80257.5
INV004120,18-25,Male,T30,7.2,217571,5,43514.2
INV004121,26-35,Female,T30,22.3,470488,4,117622.0
INV004122,26-35,Male,T30,20.5,12345,2,6172.5
INV004123,36-45,Male,T30,53.8,74440,6,12406.666666666666
INV004124,56+,Male,B30,76.4,1353537,10,135353.7
INV004125,26-35,Male,T30,9.4,583352,12,48612.666666666664
INV004126,26-35,Female,T30,14.7,337993,2,168996.5
INV004127,36-45,Female,T30,27.3,726625,9,80736.11111111111
INV004128,18-25,Male,B30,3.3,1439772,12,119981.0
INV004129,46-55,Male,B30,70.2,8115,2,4057.5
INV004130,36-45,Male,B30,57.9,1210143,7,172877.57142857142
INV004131,26-35,Male,B30,10.3,459832,7,65690.28571428571
INV004132,18-25,Male,T30,6.3,974203,6,162367.16666666666
INV004133,36-45,Male,B30,41.6,400780,5,80156.0
INV004134,36-45,Male,T30,24.4,284585,8,35573.125
INV004135,26-35,Female,B30,18.7,639424,12,53285.333333333336
INV004136,18-25,Male,T30,3.2,315913,1,315913.0
INV004137,18-25,Female,T30,6.2,1784820,10,178482.0
INV004138,36-45,Male,T30,18.2,1411109,10,141110.9
INV004139,56+,Female,T30,61.1,387683,4,96920.75
INV004140,46-55,Female,B30,41.6,1273282,8,159160.25
INV004141,36-45,Female,T30,45.8,138770,1,138770.0
INV004142,26-35,Male,T30,12.0,986206,9,109578.44444444444
INV004143,18-25,Male,T30,7.4,880081,10,88008.1
INV004144,26-35,Female,T30,18.9,11072,2,5536.0
INV004145,18-25,Male,T30,4.9,1737515,11,157955.9090909091
INV004146,56+,Male,B30,40.7,1183004,10,118300.4
INV004147,26-35,Female,B30,10.1,625065,7,89295.0
INV004148,18-25,Male,B30,5.1,1205487,9,133943.0
INV004149,56+,Female,B30,78.2,358700,7,51242.857142857145
INV004150,18-25,Male,T30,6.2,726273,3,242091.0
INV004151,26-35,Male,B30,21.6,1296768,12,108064.0
INV004152,56+,Male,B30,44.0,382666,7,54666.57142857143
INV004153,46-55,Male,B30,96.3,720824,11,65529.454545454544
INV004154,18-25,Male,B30,4.7,173527,12,14460.583333333334
INV004155,36-45,Male,T30,43.3,8375,1,8375.0
INV004156,46-55,Female,T30,91.4,2543,1,2543.0
INV004157,36-45,Male,T30,39.1,980800,5,196160.0
INV004158,18-25,Female,T30,6.7,2876,1,2876.0
INV004159,18-25,Male,T30,6.3,213286,5,42657.2
INV004160,18-25,Male,B30,3.9,318663,5,63732.6
INV004161,46-55,Male,T30,94.7,796526,6,132754.33333333334
INV004162,18-25,Male,B30,5.1,307639,5,61527.8
INV004163,46-55,Male,B30,96.4,673778,7,96254.0
INV004164,18-25,Female,B30,4.7,457903,3,152634.33333333334
INV004165,26-35,Male,T30,9.3,875015,7,125002.14285714286
INV004166,26-35,Male,T30,6.1,456225,4,114056.25
INV004167,36-45,Male,T30,59.7,746356,3,248785.33333333334
INV004168,36-45,Female,B30,20.9,164753,3,54917.666666666664
INV004169,26-35,Female,B30,20.4,486532,5,97306.4
INV004170,36-45,Female,B30,34.5,6786,1,6786.0
INV004171,26-35,Female,B30,19.1,465203,4,116300.75
INV004172,26-35,Male,T30,18.5,381069,10,38106.9
INV004173,26-35,Male,T30,16.9,1603605,8,200450.625
INV004174,18-25,Male,B30,4.7,1136510,9,126278.88888888889
INV004175,36-45,Female,B30,51.8,89272,8,11159.0
INV004176,36-45,Female,B30,37.4,480154,2,240077.0
INV004177,26-35,Male,B30,14.7,341131,10,34113.1
INV004178,26-35,Male,T30,24.4,18052,5,3610.4
INV004179,26-35,Female,T30,19.3,1130578,10,113057.8
INV004180,26-35,Male,B30,17.2,14248,2,7124.0
INV004181,26-35,Female,T30,17.8,773918,8,96739.75
INV004182,26-35,Male,T30,10.8,224353,3,74784.33333333333
INV004183,26-35,Male,T30,13.2,8752,4,2188.0
INV004184,26-35,Male,T30,9.9,1394816,10,139481.6
INV004185,46-55,Male,B30,38.5,203460,6,33910.0
INV004186,36-45,Female,B30,41.9,302014,3,100671.33333333333
INV004187,18-25,Male,T30,5.6,14014,3,4671.333333333333
INV004188,26-35,Male,T30,7.4,1092671,4,273167.75
INV004189,26-35,Male,B30,23.1,328335,3,109445.0
INV004190,46-55,Male,T30,38.9,709950,6,118325.0
INV004191,26-35,Female,B30,19.5,686853,11,62441.181818181816
INV004192,26-35,Male,T30,17.1,9078,3,3026.0
INV004193,26-35,Male,T30,17.1,980800,5,196160.0
INV004194,36-45,Female,T30,25.3,37391,3,12463.666666666666
INV004195,26-35,Male,B30,9.1,539230,4,134807.5
INV004196,46-55,Male,T30,44.4,851053,10,85105.3
INV004197,46-55,Male,T30,62.9,395023,4,98755.75
INV004198,26-35,Male,T30,6.1,1758,2,879.0
INV004199,56+,Male,T30,76.5,139933,7,19990.428571428572
INV004200,36-45,Male,B30,35.9,444471,3,148157.0
INV004201,36-45,Male,T30,20.2,1436307,7,205186.7142857143
INV004202,36-45,Female,T30,56.9,91560,9,10173.333333333334
INV004203,18-25,Male,T30,7.9,200636,10,20063.6
INV004204,36-45,Male,T30,51.7,977889,7,139698.42857142858
INV004205,56+,Female,T30,56.9,704400,9,78266.66666666667
INV004206,26-35,Female,T30,20.9,251407,2,125703.5
INV004207,56+,Female,T30,53.3,565336,5,113067.2
INV004208,36-45,Male,T30,53.3,1079665,9,119962.77777777778
INV004209,56+,Male,T30,9.9,37818,2,18909.0
INV004210,56+,Male,B30,23.9,973856,6,162309.33333333334
INV004211,56+,Male,T30,40.3,138472,3,46157.333333333336
INV004212,36-45,Male,B30,41.5,615013,9,68334.77777777778
INV004213,18-25,Male,T30,4.5,399522,2,199761.0
INV004214,26-35,Female,B30,19.8,62195,3,20731.666666666668
INV004215,18-25,Male,T30,7.5,13763,2,6881.5
INV004216,26-35,Male,T30,8.3,200762,8,25095.25
INV004217,46-55,Female,B30,30.7,227144,3,75714.66666666667
INV004218,26-35,Male,T30,14.9,320141,1,320141.0
INV004219,26-35,Male,T30,7.6,518031,1,518031.0
INV004220,26-35,Female,B30,15.1,162867,4,40716.75
INV004221,36-45,Female,B30,59.4,237566,2,118783.0
INV004222,26-35,Male,B30,10.9,355194,6,59199.0
INV004223,36-45,Female,B30,49.3,1976215,12,164684.58333333334
INV004224,56+,Male,B30,34.4,595386,7,85055.14285714286
INV004225,26-35,Male,T30,24.8,928665,8,116083.125
INV004226,18-25,Male,T30,3.9,1981597,10,198159.7
INV004227,18-25,Female,T30,4.5,18772,2,9386.0
INV004228,26-35,Female,B30,18.0,700679,10,70067.9
INV004229,36-45,Female,T30,59.1,14260,3,4753.333333333333
INV004230,18-25,Female,T30,7.4,2356940,10,235694.0
INV004231,56+,Male,T30,17.5,1705357,12,142113.08333333334
INV004232,26-35,Male,T30,19.0,1531317,12,127609.75
INV004233,26-35,Female,B30,8.7,1329687,7,189955.2857142857
INV004234,26-35,Male,T30,22.8,32313,2,16156.5
INV004235,26-35,Male,T30,7.7,176366,2,88183.0
INV004236,26-35,Female,B30,19.0,535623,3,178541.0
INV004237,36-45,Male,B30,14.1,1205006,8,150625.75
INV004238,36-45,Male,B30,40.2,663491,5,132698.2
INV004239,18-25,Female,T30,6.3,409573,9,45508.11111111111
INV004240,18-25,Male,T30,7.1,41358,5,8271.6
INV004241,36-45,Male,T30,18.9,479295,12,39941.25
INV004242,26-35,Male,B30,14.9,23053,2,11526.5
INV004243,36-45,Female,B30,38.7,1200623,12,100051.91666666667
INV004244,26-35,Male,T30,16.8,1014040,5,202808.0
INV004245,26-35,Male,T30,21.6,199637,1,199637.0
INV004246,36-45,Female,T30,12.2,1068696,11,97154.18181818182
INV004247,18-25,Male,T30,4.9,889560,9,98840.0
INV004248,46-55,Male,T30,89.3,620425,8,77553.125
INV004249,26-35,Male,B30,23.2,749322,3,249774.0
INV004250,26-35,Female,T30,6.4,1476055,6,246009.16666666666
INV004251,36-45,Male,T30,37.9,21376,1,21376.0
INV004252,36-45,Male,B30,58.7,823829,8,102978.625
INV004253,36-45,Male,B30,42.3,352037,6,58672.833333333336
INV004254,36-45,Male,B30,58.3,1594751,9,177194.55555555556
INV004255,26-35,Female,B30,17.1,78364,2,39182.0
INV004256,26-35,Male,B30,22.3,216214,4,54053.5
INV004257,36-45,Male,T30,22.0,569390,6,94898.33333333333
INV004258,36-45,Male,T30,56.6,464963,11,42269.36363636364
INV004259,26-35,Female,T30,24.3,482060,4,120515.0
INV004260,26-35,Male,B30,18.8,76688,2,38344.0
INV004261,56+,Male,T30,49.8,347634,5,69526.8
INV004262,26-35,Male,B30,6.2,726533,6,121088.83333333333
INV004263,26-35,Female,T30,9.6,419816,6,69969.33333333333
INV004264,36-45,Female,T30,45.2,1433652,8,179206.5
INV004265,18-25,Male,B30,7.6,709214,7,101316.28571428571
INV004266,36-45,Male,T30,35.9,1528393,11,138944.81818181818
INV004267,46-55,Male,T30,99.7,1718006,12,143167.16666666666
INV004268,26-35,Female,T30,10.1,1200383,7,171483.2857142857
INV004269,26-35,Male,T30,21.0,312905,2,156452.5
INV004270,18-25,Male,B30,5.7,1203341,11,109394.63636363637
INV004271,18-25,Male,T30,3.2,1732184,12,144348.66666666666
INV004272,46-55,Female,B30,25.5,1158614,8,144826.75
INV004273,26-35,Male,B30,17.5,474637,6,79106.16666666667
INV004274,26-35,Male,B30,20.4,2186587,11,198780.63636363635
INV004275,36-45,Male,T30,21.6,73996,2,36998.0
INV004276,26-35,Male,B30,13.4,2182732,9,242525.77777777778
INV004277,26-35,Male,T30,19.6,117954,5,23590.8
INV004278,26-35,Male,T30,21.8,1610675,12,134222.91666666666
INV004279,36-45,Male,T30,35.7,1009498,11,91772.54545454546
INV004280,26-35,Female,T30,8.5,841755,7,120250.71428571429
INV004281,26-35,Female,T30,15.9,1275263,11,115933.0
INV004282,26-35,Male,B30,20.8,289518,10,28951.8
INV004283,26-35,Male,T30,9.6,1354376,11,123125.09090909091
INV004284,36-45,Male,B30,40.7,39896,3,13298.666666666666
INV004285,26-35,Male,T30,8.0,381655,11,34695.90909090909
INV004286,36-45,Female,B30,56.0,710514,3,236838.0
INV004287,26-35,Female,T30,18.1,290533,8,36316.625
INV004288,18-25,Female,B30,6.1,935752,12,77979.33333333333
INV004289,26-35,Male,T30,14.8,183947,12,15328.916666666666
INV004290,46-55,Male,T30,41.9,1730184,12,144182.0
INV004291,56+,Female,T30,30.4,891066,4,222766.5
INV004292,26-35,Male,B30,13.0,152985,1,152985.0
INV004293,36-45,Male,T30,54.9,315894,10,31589.4
INV004294,56+,Female,T30,76.0,1482584,8,185323.0
INV004295,36-45,Male,T30,50.6,975463,12,81288.58333333333
INV004296,26-35,Male,T30,18.2,1099344,11,99940.36363636363
INV004297,36-45,Female,T30,19.5,1139601,12,94966.75
INV004298,36-45,Female,T30,55.5,668324,8,83540.5
INV004299,26-35,Female,T30,23.1,820216,11,74565.09090909091
INV004300,26-35,Male,T30,12.4,611591,6,101931.83333333333
INV004301,18-25,Male,B30,6.2,428754,4,107188.5
INV004302,46-55,Male,B30,63.4,1188234,7,169747.7142857143
INV004303,26-35,Male,T30,24.4,757357,7,108193.85714285714
INV004304,18-25,Male,T30,5.5,528082,5,105616.4
INV004305,36-45,Female,T30,30.1,675557,5,135111.4
INV004306,26-35,Female,T30,20.4,1205767,10,120576.7
INV004307,26-35,Male,B30,19.3,729313,7,104187.57142857143
INV004308,26-35,Female,T30,11.1,518885,10,51888.5
INV004309,26-35,Female,T30,15.8,17381,1,17381.0
INV004310,36-45,Male,T30,18.3,657822,6,109637.0
INV004311,26-35,Female,B30,17.0,961944,5,192388.8
INV004312,18-25,Female,T30,4.3,449812,2,224906.0
INV004313,36-45,Male,B30,44.3,422095,4,105523.75
INV004314,26-35,Male,T30,19.2,984584,9,109398.22222222222
INV004315,46-55,Female,B30,64.3,233438,2,116719.0
INV004316,46-55,Male,T30,79.5,965077,8,120634.625
INV004317,36-45,Male,T30,32.6,241685,2,120842.5
INV004318,56+,Female,B30,54.7,193975,9,21552.777777777777
INV004319,18-25,Male,T30,3.9,482270,12,40189.166666666664
INV004320,26-35,Female,T30,8.1,390607,6,65101.166666666664
INV004321,26-35,Male,T30,16.0,791546,11,71958.72727272728
INV004322,26-35,Female,T30,19.8,611483,6,101913.83333333333
INV004323,26-35,Male,T30,10.5,965,1,965.0
INV004324,36-45,Male,T30,42.4,1023185,12,85265.41666666667
INV004325,36-45,Male,T30,26.3,644892,2,322446.0
INV004326,26-35,Male,T30,7.5,421977,12,35164.75
INV004327,26-35,Male,B30,10.8,337442,1,337442.0
INV004328,26-35,Female,T30,12.8,196420,4,49105.0
INV004329,18-25,Female,T30,7.5,661546,6,110257.66666666667
INV004330,46-55,Female,B30,92.7,314594,4,78648.5
INV004331,26-35,Male,B30,12.4,134869,2,67434.5
INV004332,36-45,Female,B30,52.1,803284,11,73025.81818181818
INV004333,36-45,Female,T30,14.8,892917,7,127559.57142857143
INV004334,26-35,Female,B30,6.6,705738,6,117623.0
INV004335,26-35,Female,T30,6.6,413665,9,45962.77777777778
INV004336,46-55,Female,T30,35.0,674265,7,96323.57142857143
INV004337,18-25,Male,T30,4.0,1668017,6,278002.8333333333
INV004338,46-55,Female,T30,82.5,519771,12,43314.25
INV004339,26-35,Female,T30,7.3,1256799,9,139644.33333333334
INV004340,26-35,Male,B30,17.9,964485,9,107165.0
INV004341,18-25,Male,B30,7.5,624464,8,78058.0
INV004342,46-55,Female,B30,22.1,431099,6,71849.83333333333
INV004343,18-25,Male,B30,7.9,1681957,12,140163.08333333334
INV004344,26-35,Male,B30,13.5,1593588,4,398397.0
INV004345,36-45,Female,T30,33.3,1593534,12,132794.5
INV004346,26-35,Male,B30,19.4,833777,6,138962.83333333334
INV004347,36-45,Male,T30,20.5,1034095,8,129261.875
INV004348,26-35,Female,T30,13.4,983251,11,89386.45454545454
INV004349,26-35,Female,T30,9.3,1242203,11,112927.54545454546
INV004350,36-45,Male,T30,13.0,280018,5,56003.6
INV004351,18-25,Male,T30,6.3,87073,3,29024.333333333332
INV004352,18-25,Female,T30,5.8,289406,6,48234.333333333336
INV004353,56+,Male,B30,31.2,467624,9,51958.22222222222
INV004354,26-35,Female,B30,17.8,454252,6,75708.66666666667
INV004355,18-25,Male,T30,5.6,378928,2,189464.0
INV004356,36-45,Male,T30,37.3,1186724,10,118672.4
INV004357,46-55,Female,T30,55.6,523950,10,52395.0
INV004358,26-35,Male,B30,6.5,974853,12,81237.75
INV004359,26-35,Male,T30,9.4,1211659,5,242331.8
INV004360,26-35,Female,B30,15.9,1177476,9,130830.66666666667
INV004361,26-35,Female,B30,18.4,899317,10,89931.7
INV004362,26-35,Female,T30,12.1,1324874,11,120443.09090909091
INV004363,26-35,Male,T30,20.5,1515632,10,151563.2
INV004364,36-45,Male,T30,30.6,1273821,10,127382.1
INV004365,26-35,Male,T30,19.4,1569977,12,130831.41666666667
INV004366,46-55,Female,T30,81.1,839938,8,104992.25
INV004367,26-35,Female,B30,8.3,219613,7,31373.285714285714
INV004368,36-45,Male,T30,33.7,155074,6,25845.666666666668
INV004369,26-35,Male,T30,16.8,1254711,9,139412.33333333334
INV004370,18-25,Male,T30,5.7,794015,3,264671.6666666667
INV004371,26-35,Female,B30,19.7,590062,4,147515.5
INV004372,26-35,Female,B30,22.9,914553,12,76212.75
INV004373,56+,Male,B30,11.6,53163,1,53163.0
INV004374,36-45,Female,B30,16.5,1650253,10,165025.3
INV004375,26-35,Male,B30,17.7,652518,6,108753.0
INV004376,46-55,Female,T30,92.6,2187828,12,182319.0
INV004377,18-25,Male,B30,6.1,319309,5,63861.8
INV004378,26-35,Female,T30,23.2,1262031,7,180290.14285714287
INV004379,18-25,Male,T30,6.0,1116637,8,139579.625
INV004380,36-45,Male,T30,16.6,548632,6,91438.66666666667
INV004381,46-55,Female,T30,27.2,511801,7,73114.42857142857
INV004382,56+,Male,T30,31.3,7866,2,3933.0
INV004383,36-45,Female,B30,23.8,8302,1,8302.0
INV004384,26-35,Male,T30,12.1,1498088,9,166454.22222222222
INV004385,26-35,Male,T30,8.2,53072,1,53072.0
INV004386,18-25,Male,B30,5.5,354897,3,118299.0
INV004387,18-25,Male,B30,4.1,660532,4,165133.0
INV004388,26-35,Female,T30,10.3,2104186,12,175348.83333333334
INV004389,36-45,Male,B30,53.3,636616,3,212205.33333333334
INV004390,18-25,Female,T30,6.0,942735,4,235683.75
INV004391,26-35,Female,T30,23.3,511822,7,73117.42857142857
INV004392,18-25,Male,T30,6.7,701199,10,70119.9
INV004393,26-35,Female,T30,21.5,1253163,7,179023.2857142857
INV004394,26-35,Female,B30,21.9,133413,4,33353.25
INV004395,36-45,Female,T30,58.3,151502,2,75751.0
INV004396,26-35,Female,B30,15.0,242810,1,242810.0
INV004397,18-25,Male,B30,7.5,210482,1,210482.0
INV004398,46-55,Male,T30,95.2,923978,6,153996.33333333334
INV004399,56+,Female,T30,52.3,757420,3,252473.33333333334
INV004400,26-35,Male,B30,19.5,1421229,11,129202.63636363637
INV004401,26-35,Male,B30,22.6,408970,9,45441.11111111111
INV004402,18-25,Female,T30,6.4,259333,3,86444.33333333333
INV004403,26-35,Male,T30,17.6,1357980,10,135798.0
INV004404,26-35,Male,T30,22.1,700162,4,175040.5
INV004405,36-45,Female,T30,35.9,496031,1,496031.0
INV004406,36-45,Male,T30,12.2,121967,3,40655.666666666664
INV004407,18-25,Male,T30,7.7,702691,7,100384.42857142857
INV004408,26-35,Male,B30,23.5,1171482,7,167354.57142857142
INV004409,26-35,Female,T30,7.2,80706,1,80706.0
INV004410,36-45,Male,T30,45.5,484344,12,40362.0
INV004411,26-35,Female,T30,13.8,1077719,9,119746.55555555556
INV004412,26-35,Female,B30,21.6,143230,8,17903.75
INV004413,26-35,Male,T30,14.7,847375,11,77034.09090909091
INV004414,26-35,Male,T30,6.6,524610,10,52461.0
INV004415,26-35,Male,T30,6.3,250610,3,83536.66666666667
INV004416,18-25,Male,T30,7.3,4257,1,4257.0
INV004417,26-35,Male,T30,7.2,753491,4,188372.75
INV004418,26-35,Female,B30,23.2,485635,7,69376.42857142857
INV004419,18-25,Female,B30,3.1,929353,3,309784.3333333333
INV004420,36-45,Male,T30,14.6,68654,5,13730.8
INV004421,26-35,Male,B30,20.5,438018,9,48668.666666666664
INV004422,36-45,Female,T30,18.1,408380,2,204190.0
INV004423,18-25,Female,B30,7.0,392760,2,196380.0
INV004424,46-55,Female,T30,90.1,7861,2,3930.5
INV004425,26-35,Female,B30,18.6,259754,4,64938.5
INV004426,26-35,Male,T30,10.4,110356,4,27589.0
INV004427,36-45,Female,B30,54.2,342958,12,28579.833333333332
INV004428,26-35,Female,B30,6.7,1181844,11,107440.36363636363
INV004429,36-45,Male,T30,21.7,247304,2,123652.0
INV004430,56+,Male,T30,26.4,63225,2,31612.5
INV004431,26-35,Male,B30,19.8,35842,1,35842.0
INV004432,26-35,Male,T30,14.2,678369,3,226123.0
INV004433,26-35,Female,T30,19.8,245358,2,122679.0
INV004434,46-55,Male,T30,17.7,1582842,12,131903.5
INV004435,26-35,Female,T30,15.9,614221,4,153555.25
INV004436,56+,Male,T30,30.3,1055410,8,131926.25
INV004437,26-35,Male,T30,13.7,2093417,8,261677.125
INV004438,26-35,Female,T30,23.2,24578,2,12289.0
INV004439,26-35,Male,B30,8.6,662448,6,110408.0
INV004440,36-45,Male,T30,33.5,358808,6,59801.333333333336
INV004441,26-35,Male,T30,24.0,62582,5,12516.4
INV004442,18-25,Male,B30,5.8,2000820,11,181892.72727272726
INV004443,26-35,Female,B30,13.0,1919828,11,174529.81818181818
INV004444,56+,Female,T30,19.8,558647,3,186215.66666666666
INV004445,36-45,Male,T30,25.7,1017751,6,169625.16666666666
INV004446,26-35,Male,T30,14.8,812785,11,73889.54545454546
INV004447,36-45,Female,T30,53.4,1029931,10,102993.1
INV004448,26-35,Male,B30,20.3,922285,8,115285.625
INV004449,36-45,Male,T30,16.6,14561,4,3640.25
INV004450,36-45,Male,B30,16.7,1699827,12,141652.25
INV004451,56+,Male,B30,78.6,243754,8,30469.25
INV004452,26-35,Male,B30,17.6,1374073,11,124915.72727272728
INV004453,36-45,Male,T30,14.3,718456,5,143691.2
INV004454,36-45,Male,T30,37.4,1808336,11,164394.18181818182
INV004455,18-25,Female,T30,3.5,1998798,12,166566.5
INV004456,26-35,Female,T30,7.0,49102,2,24551.0
INV004457,18-25,Male,T30,6.7,1630499,11,148227.18181818182
INV004458,26-35,Female,T30,12.3,1393899,6,232316.5
INV004459,26-35,Female,T30,9.2,841499,11,76499.90909090909
INV004460,26-35,Male,T30,24.7,422217,11,38383.36363636364
INV004461,46-55,Male,T30,80.3,1445017,9,160557.44444444444
INV004462,26-35,Female,T30,14.9,57249,3,19083.0
INV004463,26-35,Female,T30,16.1,1115800,10,111580.0
INV004464,26-35,Female,B30,11.9,623631,8,77953.875
INV004465,26-35,Male,T30,14.2,816324,11,74211.27272727272
INV004466,18-25,Female,T30,3.7,1733174,10,173317.4
INV004467,46-55,Male,T30,52.4,834394,8,104299.25
INV004468,46-55,Female,T30,20.8,552875,9,61430.555555555555
INV004469,26-35,Female,T30,24.1,206958,3,68986.0
INV004470,26-35,Male,T30,24.6,108088,1,108088.0
INV004471,26-35,Female,T30,20.2,20376,4,5094.0
INV004472,26-35,Female,T30,19.1,883740,11,80340.0
INV004473,18-25,Male,B30,5.6,553762,10,55376.2
INV004474,46-55,Male,T30,16.5,374111,7,53444.42857142857
INV004475,26-35,Male,B30,18.2,954423,11,86765.72727272728
INV004476,26-35,Male,T30,9.3,714123,9,79347.0
INV004477,46-55,Female,T30,88.3,628769,10,62876.9
INV004478,26-35,Male,T30,13.8,937295,3,312431.6666666667
INV004479,36-45,Male,T30,43.7,126983,5,25396.6
INV004480,26-35,Male,T30,21.7,2048,1,2048.0
INV004481,46-55,Male,T30,60.1,1069905,9,118878.33333333333
INV004482,18-25,Female,B30,6.8,1080314,8,135039.25
INV004483,46-55,Female,T30,72.3,997574,6,166262.33333333334
INV004484,46-55,Male,B30,61.9,1187083,10,118708.3
INV004485,18-25,Male,B30,6.6,449117,5,89823.4
INV004486,26-35,Male,B30,14.4,1010601,6,168433.5
INV004487,26-35,Female,B30,24.4,1599960,7,228565.7142857143
INV004488,56+,Male,B30,69.8,47070,5,9414.0
INV004489,26-35,Male,B30,15.2,585919,5,117183.8
INV004490,18-25,Female,T30,3.9,327362,5,65472.4
INV004491,46-55,Male,T30,83.6,908386,5,181677.2
INV004492,26-35,Male,B30,18.6,555512,7,79358.85714285714
INV004493,36-45,Male,T30,19.3,1847054,11,167914.0
INV004494,26-35,Female,T30,22.0,270632,4,67658.0
INV004495,36-45,Female,B30,24.4,915072,8,114384.0
INV004496,18-25,Female,T30,6.3,1753950,11,159450.0
INV004497,26-35,Female,T30,13.3,1695293,12,141274.41666666666
INV004498,26-35,Male,T30,6.7,482390,7,68912.85714285714
INV004499,18-25,Female,B30,6.6,451088,1,451088.0
INV004500,46-55,Male,B30,45.2,1253486,5,250697.2
INV004501,26-35,Male,T30,11.3,63824,2,31912.0
INV004502,36-45,Male,B30,59.0,1153295,11,104845.0
INV004503,36-45,Male,T30,14.9,39450,2,19725.0
INV004504,46-55,Male,T30,46.3,916987,10,91698.7
INV004505,26-35,Male,B30,7.8,1213997,11,110363.36363636363
INV004506,46-55,Male,B30,76.9,611072,5,122214.4
INV004507,18-25,Female,T30,6.4,2116,1,2116.0
INV004508,36-45,Female,B30,36.5,1661712,11,151064.72727272726
INV004509,26-35,Female,T30,20.3,525655,6,87609.16666666667
INV004510,56+,Male,T30,71.8,1478126,7,211160.85714285713
INV004511,46-55,Female,T30,43.6,191143,7,27306.14285714286
INV004512,26-35,Male,T30,16.9,4709,1,4709.0
INV004513,36-45,Female,B30,16.9,1529551,10,152955.1
INV004514,46-55,Male,B30,40.1,408857,6,68142.83333333333
INV004515,18-25,Female,B30,5.2,1254594,8,156824.25
INV004516,36-45,Male,T30,14.4,419462,5,83892.4
INV004517,46-55,Female,T30,68.5,819629,8,102453.625
INV004518,26-35,Female,T30,24.4,378413,7,54059.0
INV004519,18-25,Female,B30,6.2,1319572,7,188510.2857142857
INV004520,26-35,Female,T30,15.7,825770,7,117967.14285714286
INV004521,18-25,Male,T30,7.9,1496071,12,124672.58333333333
INV004522,46-55,Female,T30,69.1,1418283,6,236380.5
INV004523,26-35,Female,T30,13.5,1131920,10,113192.0
INV004524,18-25,Male,T30,4.3,753265,4,188316.25
INV004525,26-35,Male,T30,11.4,749764,4,187441.0
INV004526,36-45,Male,T30,19.9,1197242,10,119724.2
INV004527,36-45,Male,T30,39.6,1079597,9,119955.22222222222
INV004528,46-55,Male,T30,82.5,138706,7,19815.14285714286
INV004529,18-25,Male,B30,6.3,965533,8,120691.625
INV004530,36-45,Male,B30,36.2,562405,4,140601.25
INV004531,26-35,Male,T30,8.4,548416,10,54841.6
INV004532,36-45,Male,T30,23.1,277701,2,138850.5
INV004533,36-45,Male,T30,51.5,431626,8,53953.25
INV004534,26-35,Male,B30,8.8,601022,9,66780.22222222222
INV004535,26-35,Female,T30,19.2,43363,2,21681.5
INV004536,26-35,Female,T30,6.3,77635,2,38817.5
INV004537,18-25,Female,T30,5.9,533928,4,133482.0
INV004538,26-35,Male,T30,23.3,3436,1,3436.0
INV004539,26-35,Male,B30,18.0,780682,4,195170.5
INV004540,36-45,Male,T30,48.9,1559804,12,129983.66666666667
INV004541,26-35,Female,T30,9.6,2645,1,2645.0
INV004542,36-45,Male,T30,53.7,1432222,11,130202.0
INV004543,36-45,Female,B30,50.1,95022,3,31674.0
INV004544,36-45,Male,T30,52.1,1706696,9,189632.88888888888
INV004545,26-35,Male,T30,12.8,1006077,7,143725.2857142857
INV004546,36-45,Male,B30,28.4,96956,5,19391.2
INV004547,36-45,Female,B30,42.8,1820145,11,165467.72727272726
INV004548,36-45,Female,T30,58.1,1061900,6,176983.33333333334
INV004549,36-45,Male,T30,40.7,86528,6,14421.333333333334
INV004550,18-25,Female,B30,5.4,284417,1,284417.0
INV004551,18-25,Male,B30,6.0,1216353,9,135150.33333333334
INV004552,36-45,Female,T30,42.8,214341,2,107170.5
INV004553,26-35,Male,B30,13.7,1250883,9,138987.0
INV004554,26-35,Female,T30,10.7,943211,4,235802.75
INV004555,36-45,Female,T30,24.4,392122,10,39212.2
INV004556,26-35,Male,B30,18.6,295967,2,147983.5
INV004557,26-35,Male,B30,8.0,203164,5,40632.8
INV004558,36-45,Male,T30,56.3,639125,4,159781.25
INV004559,26-35,Male,T30,15.9,795341,3,265113.6666666667
INV004560,36-45,Male,B30,42.7,213520,10,21352.0
INV004561,26-35,Male,B30,18.8,11520,3,3840.0
INV004562,26-35,Female,T30,19.0,1174298,9,130477.55555555556
INV004563,46-55,Female,T30,32.2,1009125,10,100912.5
INV004564,26-35,Male,B30,7.6,107377,2,53688.5
INV004565,26-35,Male,T30,9.2,1815703,7,259386.14285714287
INV004566,26-35,Male,T30,20.1,446712,5,89342.4
INV004567,56+,Male,T30,75.0,716596,7,102370.85714285714
INV004568,18-25,Male,B30,7.3,662519,5,132503.8
INV004569,36-45,Male,B30,47.3,848167,3,282722.3333333333
INV004570,56+,Male,B30,20.7,49396,3,16465.333333333332
INV004571,18-25,Female,T30,4.6,330657,1,330657.0
INV004572,46-55,Female,B30,79.2,16694,1,16694.0
INV004573,36-45,Female,T30,36.8,28264,5,5652.8
INV004574,36-45,Male,T30,54.3,921702,12,76808.5
INV004575,26-35,Male,T30,9.0,472040,3,157346.66666666666
INV004576,46-55,Male,T30,54.5,609972,8,76246.5
INV004577,56+,Male,T30,56.9,58369,1,58369.0
INV004578,26-35,Male,T30,21.0,661761,6,110293.5
INV004579,26-35,Male,T30,18.7,530141,11,48194.63636363636
INV004580,18-25,Male,T30,6.2,5856,1,5856.0
INV004581,26-35,Male,T30,14.7,272081,9,30231.222222222223
INV004582,56+,Male,T30,67.1,2000509,11,181864.45454545456
INV004583,26-35,Male,B30,13.9,1161551,7,165935.85714285713
INV004584,56+,Male,B30,47.5,1609588,9,178843.11111111112
INV004585,18-25,Female,B30,4.5,211447,5,42289.4
INV004586,18-25,Male,T30,4.4,233100,2,116550.0
INV004587,18-25,Male,B30,4.0,2059023,7,294146.14285714284
INV004588,46-55,Female,T30,16.2,600160,3,200053.33333333334
INV004589,36-45,Male,T30,14.4,1207302,10,120730.2
INV004590,36-45,Male,T30,22.7,421829,2,210914.5
INV004591,26-35,Male,T30,7.8,1951005,9,216778.33333333334
INV004592,36-45,Male,T30,56.6,606640,9,67404.44444444444
INV004593,26-35,Male,B30,13.7,1494323,11,135847.54545454544
INV004594,26-35,Female,T30,9.8,1392851,12,116070.91666666667
INV004595,36-45,Male,B30,24.0,878756,9,97639.55555555556
INV004596,26-35,Male,B30,22.8,214856,5,42971.2
INV004597,26-35,Female,T30,18.3,11959,1,11959.0
INV004598,46-55,Male,T30,60.5,1679058,12,139921.5
INV004599,36-45,Male,T30,22.8,593442,3,197814.0
INV004600,46-55,Female,T30,35.5,1378135,11,125285.0
INV004601,46-55,Male,T30,54.6,1022856,4,255714.0
INV004602,26-35,Female,T30,9.4,326765,12,27230.416666666668
INV004603,36-45,Male,T30,35.4,12698,1,12698.0
INV004604,46-55,Male,T30,74.6,36401,5,7280.2
INV004605,36-45,Male,B30,17.8,2882975,11,262088.63636363635
INV004606,36-45,Male,T30,57.2,834714,8,104339.25
INV004607,26-35,Female,T30,7.0,354226,9,39358.444444444445
INV004608,26-35,Female,T30,23.3,693042,10,69304.2
INV004609,26-35,Female,T30,10.3,160014,6,26669.0
INV004610,26-35,Female,T30,19.9,867914,3,289304.6666666667
INV004611,18-25,Female,B30,6.1,979348,11,89031.63636363637
INV004612,26-35,Female,B30,8.6,330658,2,165329.0
INV004613,36-45,Male,T30,27.2,224955,1,224955.0
INV004614,18-25,Male,T30,7.7,731020,9,81224.44444444444
INV004615,26-35,Male,T30,7.4,1579,2,789.5
INV004616,26-35,Female,T30,18.1,732519,8,91564.875
INV004617,26-35,Male,T30,22.1,793775,12,66147.91666666667
INV004618,18-25,Male,T30,6.7,152275,2,76137.5
INV004619,46-55,Male,T30,47.9,1420122,10,142012.2
INV004620,36-45,Male,T30,58.6,3860,2,1930.0
INV004621,36-45,Female,B30,16.9,888515,12,74042.91666666667
INV004622,36-45,Male,T30,48.8,318000,5,63600.0
INV004623,46-55,Female,T30,44.9,706095,6,117682.5
INV004624,26-35,Male,T30,17.2,2564,1,2564.0
INV004625,18-25,Male,B30,6.6,973283,11,88480.27272727272
INV004626,18-25,Female,T30,5.5,1080856,6,180142.66666666666
INV004627,36-45,Male,T30,47.7,902577,9,100286.33333333333
INV004628,36-45,Male,B30,27.2,3259,1,3259.0
INV004629,18-25,Female,T30,4.9,1382676,12,115223.0
INV004630,26-35,Female,B30,6.3,360089,12,30007.416666666668
INV004631,36-45,Female,T30,20.2,533673,11,48515.72727272727
INV004632,26-35,Male,T30,18.0,261324,5,52264.8
INV004633,18-25,Female,T30,4.9,1255819,12,104651.58333333333
INV004634,26-35,Male,T30,15.1,515733,6,85955.5
INV004635,18-25,Male,T30,4.4,418031,9,46447.88888888889
INV004636,18-25,Female,B30,5.0,1149651,11,104513.72727272728
INV004637,18-25,Male,T30,6.8,469385,4,117346.25
INV004638,26-35,Male,T30,6.3,950906,11,86446.0
INV004639,18-25,Female,T30,6.0,1856350,8,232043.75
INV004640,36-45,Male,T30,46.5,1331991,11,121090.09090909091
INV004641,56+,Male,B30,42.4,799766,10,79976.6
INV004642,46-55,Male,B30,31.9,361161,7,51594.42857142857
INV004643,26-35,Female,T30,12.4,1363962,9,151551.33333333334
INV004644,36-45,Male,B30,21.7,915403,5,183080.6
INV004645,26-35,Female,T30,10.9,418325,3,139441.66666666666
INV004646,18-25,Female,T30,5.5,491186,9,54576.22222222222
INV004647,36-45,Female,T30,25.3,485138,9,53904.22222222222
INV004648,36-45,Male,T30,54.3,833601,7,119085.85714285714
INV004649,36-45,Male,T30,48.4,549973,4,137493.25
INV004650,56+,Male,T30,28.2,958629,10,95862.9
INV004651,46-55,Male,B30,39.1,1587879,10,158787.9
INV004652,56+,Male,T30,42.9,312077,3,104025.66666666667
INV004653,46-55,Female,T30,32.2,2005609,8,250701.125
INV004654,46-55,Female,T30,95.0,917603,8,114700.375
INV004655,36-45,Male,T30,19.7,768613,8,96076.625
INV004656,18-25,Male,T30,4.7,1150039,7,164291.2857142857
INV004657,26-35,Female,T30,23.0,925278,3,308426.0
INV004658,56+,Male,T30,48.7,17258,1,17258.0
INV004659,18-25,Female,T30,3.3,1327466,9,147496.22222222222
INV004660,18-25,Male,B30,4.9,1041395,7,148770.7142857143
INV004661,26-35,Male,B30,9.8,1082477,11,98407.0
INV004662,56+,Male,T30,78.9,112221,2,56110.5
INV004663,26-35,Male,B30,24.8,428171,2,214085.5
INV004664,26-35,Male,T30,18.6,934669,7,133524.14285714287
INV004665,36-45,Male,B30,17.1,1363906,10,136390.6
INV004666,26-35,Male,T30,24.1,1812092,6,302015.3333333333
INV004667,26-35,Male,T30,16.9,145138,4,36284.5
INV004668,26-35,Male,T30,6.4,566705,4,141676.25
INV004669,26-35,Male,T30,8.6,695444,6,115907.33333333333
INV004670,46-55,Male,B30,74.7,27277,1,27277.0
INV004671,36-45,Male,B30,57.0,81282,1,81282.0
INV004672,26-35,Male,T30,23.9,1153769,11,104888.09090909091
INV004673,36-45,Female,T30,39.7,1089042,8,136130.25
INV004674,56+,Male,B30,76.8,324077,3,108025.66666666667
INV004675,18-25,Male,T30,5.1,515,1,515.0
INV004676,56+,Male,T30,23.9,233068,3,77689.33333333333
INV004677,26-35,Male,B30,6.2,468918,5,93783.6
INV004678,36-45,Female,T30,15.3,670944,7,95849.14285714286
INV004679,18-25,Female,T30,4.0,129804,5,25960.8
INV004680,36-45,Male,T30,26.8,299927,8,37490.875
INV004681,26-35,Female,B30,19.0,380966,4,95241.5
INV004682,26-35,Female,T30,8.7,814169,11,74015.36363636363
INV004683,26-35,Male,T30,14.4,33711,2,16855.5
INV004684,26-35,Male,T30,22.0,47338,3,15779.333333333334
INV004685,56+,Female,B30,24.5,544,1,544.0
INV004686,36-45,Female,B30,37.2,848421,4,212105.25
INV004687,36-45,Female,B30,15.1,643945,6,107324.16666666667
INV004688,26-35,Male,T30,20.7,1520900,10,152090.0
INV004689,26-35,Male,T30,25.0,1055229,7,150747.0
INV004690,26-35,Female,T30,16.2,2666,1,2666.0
INV004691,26-35,Male,T30,14.5,1846520,9,205168.88888888888
INV004692,26-35,Male,B30,11.6,2189557,12,182463.08333333334
INV004693,36-45,Male,B30,44.9,739176,8,92397.0
INV004694,26-35,Male,T30,9.9,210503,7,30071.85714285714
INV004695,26-35,Female,T30,14.3,1447070,10,144707.0
INV004696,46-55,Female,B30,70.2,466350,5,93270.0
INV004697,18-25,Female,T30,5.7,149303,3,49767.666666666664
INV004698,36-45,Female,T30,39.2,473353,5,94670.6
INV004699,46-55,Female,T30,69.7,548946,5,109789.2
INV004700,26-35,Male,T30,15.9,442344,5,88468.8
INV004701,26-35,Male,T30,7.3,899838,11,81803.45454545454
INV004702,26-35,Male,B30,23.3,424030,4,106007.5
INV004703,56+,Female,T30,45.6,572584,5,114516.8
INV004704,26-35,Male,T30,23.1,1205549,12,100462.41666666667
INV004705,26-35,Male,T30,21.5,289261,3,96420.33333333333
INV004706,56+,Male,T30,11.1,386414,1,386414.0
INV004707,36-45,Female,B30,55.6,2783,1,2783.0
INV004708,36-45,Male,B30,44.7,36865,1,36865.0
INV004709,36-45,Male,T30,59.1,715565,6,119260.83333333333
INV004710,36-45,Male,T30,41.1,24587,1,24587.0
INV004711,56+,Male,B30,70.9,935437,9,103937.44444444444
INV004712,36-45,Male,B30,55.7,1381171,11,125561.0
INV004713,36-45,Female,T30,50.6,357605,2,178802.5
INV004714,36-45,Male,B30,31.3,784505,2,392252.5
INV004715,46-55,Male,T30,56.9,251625,8,31453.125
INV004716,18-25,Male,T30,5.4,642691,9,71410.11111111111
INV004717,36-45,Female,B30,12.6,525422,5,105084.4
INV004718,56+,Male,T30,52.4,585216,4,146304.0
INV004719,46-55,Male,T30,86.8,503820,6,83970.0
INV004720,46-55,Female,T30,95.7,1450434,8,181304.25
INV004721,26-35,Female,T30,18.9,89677,3,29892.333333333332
INV004722,36-45,Female,B30,29.7,996507,9,110723.0
INV004723,26-35,Male,T30,23.0,296745,3,98915.0
INV004724,26-35,Male,T30,24.1,867391,6,144565.16666666666
INV004725,18-25,Male,T30,4.7,18338,3,6112.666666666667
INV004726,26-35,Male,T30,16.6,1330380,3,443460.0
INV004727,36-45,Male,T30,58.8,11936,2,5968.0
INV004728,46-55,Female,T30,22.0,584295,3,194765.0
INV004729,26-35,Male,B30,19.4,1423827,5,284765.4
INV004730,36-45,Male,T30,32.6,370031,3,123343.66666666667
INV004731,26-35,Male,B30,17.6,1719737,7,245676.7142857143
INV004732,26-35,Male,T30,12.2,69352,1,69352.0
INV004733,18-25,Male,T30,5.4,2290878,12,190906.5
INV004734,36-45,Male,B30,32.4,929324,7,132760.57142857142
INV004735,36-45,Male,B30,19.2,1139035,6,189839.16666666666
INV004736,36-45,Male,T30,19.7,454516,4,113629.0
INV004737,46-55,Male,T30,98.4,612964,12,51080.333333333336
INV004738,56+,Female,B30,52.6,1398864,11,127169.45454545454
INV004739,18-25,Male,T30,3.2,1385265,9,153918.33333333334
INV004740,56+,Male,T30,43.4,468976,5,93795.2
INV004741,26-35,Female,T30,24.9,1212496,10,121249.6
INV004742,26-35,Male,T30,16.2,624693,7,89241.85714285714
INV004743,36-45,Male,B30,18.7,358421,3,119473.66666666667
INV004744,26-35,Female,T30,16.0,1570939,9,174548.77777777778
INV004745,18-25,Male,T30,5.2,1414275,8,176784.375
INV004746,18-25,Male,T30,6.0,355459,2,177729.5
INV004747,36-45,Male,B30,23.4,297345,6,49557.5
INV004748,26-35,Male,T30,12.6,768889,8,96111.125
INV004749,56+,Male,T30,45.5,729027,4,182256.75
INV004750,26-35,Female,B30,13.9,314858,5,62971.6
INV004751,36-45,Female,T30,15.6,357773,4,89443.25
INV004752,36-45,Female,T30,14.9,444922,7,63560.28571428572
INV004753,36-45,Female,B30,18.4,1022728,11,92975.27272727272
INV004754,36-45,Female,T30,51.5,975325,8,121915.625
INV004755,18-25,Female,B30,6.5,1100548,10,110054.8
INV004756,46-55,Male,T30,41.1,1852576,11,168416.0
INV004757,26-35,Female,T30,18.5,1189,1,1189.0
INV004758,18-25,Female,B30,4.4,92798,4,23199.5
INV004759,36-45,Female,T30,13.8,9642,3,3214.0
INV004760,18-25,Male,T30,4.8,126328,4,31582.0
INV004761,26-35,Male,T30,21.4,933937,10,93393.7
INV004762,46-55,Male,T30,37.2,1177,1,1177.0
INV004763,46-55,Female,T30,19.6,1189654,12,99137.83333333333
INV004764,46-55,Female,B30,79.4,1056022,11,96002.0
INV004765,26-35,Male,T30,10.4,574684,5,114936.8
INV004766,56+,Male,T30,29.3,801,1,801.0
INV004767,26-35,Female,B30,12.7,621077,5,124215.4
INV004768,46-55,Female,T30,98.4,716396,4,179099.0
INV004769,46-55,Female,B30,25.3,647453,8,80931.625
INV004770,18-25,Female,T30,5.2,452701,12,37725.083333333336
INV004771,18-25,Male,B30,6.6,661523,7,94503.28571428571
INV004772,46-55,Male,T30,26.1,469992,5,93998.4
INV004773,36-45,Male,T30,46.0,476,1,476.0
INV004774,36-45,Male,B30,21.8,2171643,9,241293.66666666666
INV004775,18-25,Male,T30,4.3,59264,4,14816.0
INV004776,36-45,Male,T30,22.9,589121,10,58912.1
INV004777,18-25,Male,T30,7.7,433269,3,144423.0
INV004778,26-35,Female,T30,14.4,1166722,5,233344.4
INV004779,36-45,Female,T30,41.0,392890,3,130963.33333333333
INV004780,36-45,Male,T30,42.4,982879,12,81906.58333333333
INV004781,18-25,Female,B30,5.7,155915,5,31183.0
INV004782,26-35,Male,T30,12.1,6625,1,6625.0
INV004783,36-45,Male,B30,39.0,990298,4,247574.5
INV004784,26-35,Female,T30,15.8,445566,6,74261.0
INV004785,26-35,Female,B30,14.5,561689,8,70211.125
INV004786,26-35,Male,B30,10.3,20561,5,4112.2
INV004787,26-35,Male,B30,8.2,771152,10,77115.2
INV004788,18-25,Male,B30,5.0,455747,3,151915.66666666666
INV004789,56+,Male,T30,78.2,321192,1,321192.0
INV004790,18-25,Male,B30,3.4,1823529,9,202614.33333333334
INV004791,18-25,Female,T30,4.6,216425,5,43285.0
INV004792,26-35,Male,T30,20.5,430905,3,143635.0
INV004793,36-45,Female,T30,26.3,395878,2,197939.0
INV004794,36-45,Female,B30,46.0,2553955,10,255395.5
INV004795,36-45,Female,B30,21.9,339658,3,113219.33333333333
INV004796,18-25,Male,T30,4.6,489499,7,69928.42857142857
INV004797,56+,Male,T30,18.9,1940212,11,176382.9090909091
INV004798,26-35,Male,B30,8.4,184708,9,20523.11111111111
INV004799,26-35,Male,T30,9.5,44606,3,14868.666666666666
INV004800,36-45,Female,T30,22.6,416479,2,208239.5
INV004801,26-35,Male,T30,13.2,902592,6,150432.0
INV004802,26-35,Male,B30,20.9,1485920,11,135083.63636363635
INV004803,18-25,Female,T30,7.7,693592,6,115598.66666666667
INV004804,36-45,Male,T30,44.1,1676567,12,139713.91666666666
INV004805,26-35,Female,T30,7.6,727334,9,80814.88888888889
INV004806,18-25,Male,T30,7.4,18923,2,9461.5
INV004807,36-45,Male,T30,31.4,269058,10,26905.8
INV004808,36-45,Male,B30,47.0,155794,4,38948.5
INV004809,26-35,Female,T30,15.0,276824,2,138412.0
INV004810,26-35,Female,T30,14.5,877492,3,292497.3333333333
INV004811,26-35,Female,B30,9.4,1245509,12,103792.41666666667
INV004812,18-25,Male,B30,4.4,808877,6,134812.83333333334
INV004813,26-35,Male,T30,13.9,1375820,11,125074.54545454546
INV004814,18-25,Female,T30,7.8,22756,4,5689.0
INV004815,36-45,Male,B30,44.4,52927,3,17642.333333333332
INV004816,18-25,Male,T30,4.1,612809,4,153202.25
INV004817,26-35,Male,B30,20.4,283201,6,47200.166666666664
INV004818,26-35,Male,T30,23.5,925238,10,92523.8
INV004819,26-35,Female,T30,14.8,612413,11,55673.90909090909
INV004820,26-35,Male,T30,10.4,908758,5,181751.6
INV004821,26-35,Female,B30,21.6,1527658,10,152765.8
INV004822,26-35,Male,B30,14.8,943934,10,94393.4
INV004823,36-45,Female,T30,52.6,1331488,9,147943.11111111112
INV004824,26-35,Male,B30,15.3,517684,2,258842.0
INV004825,56+,Male,T30,15.3,846331,10,84633.1
INV004826,26-35,Male,B30,14.7,1724954,11,156814.0
INV004827,56+,Female,B30,43.7,547028,7,78146.85714285714
INV004828,56+,Female,T30,58.3,635713,7,90816.14285714286
INV004829,26-35,Male,T30,21.8,504522,6,84087.0
INV004830,26-35,Male,T30,15.1,832216,6,138702.66666666666
INV004831,18-25,Female,T30,5.9,1260158,7,180022.57142857142
INV004832,18-25,Male,B30,3.8,929368,4,232342.0
INV004833,26-35,Female,B30,16.5,1816275,12,151356.25
INV004834,26-35,Male,T30,20.0,224990,10,22499.0
INV004835,56+,Male,B30,12.9,1474494,9,163832.66666666666
INV004836,26-35,Male,T30,8.3,1749197,10,174919.7
INV004837,18-25,Male,B30,5.7,370860,7,52980.0
INV004838,56+,Male,T30,25.6,199724,1,199724.0
INV004839,26-35,Male,B30,19.1,318164,3,106054.66666666667
INV004840,18-25,Male,T30,6.5,1209054,12,100754.5
INV004841,26-35,Male,T30,21.4,1599842,10,159984.2
INV004842,46-55,Male,B30,32.8,404792,4,101198.0
INV004843,56+,Male,B30,49.8,74856,8,9357.0
INV004844,26-35,Male,T30,15.7,659091,10,65909.1
INV004845,18-25,Male,T30,7.5,1606009,11,146000.81818181818
INV004846,26-35,Male,B30,9.2,420817,7,60116.71428571428
INV004847,26-35,Female,T30,7.0,804325,9,89369.44444444444
INV004848,26-35,Male,T30,15.6,710604,11,64600.36363636364
INV004849,46-55,Female,T30,21.9,1478614,10,147861.4
INV004850,56+,Male,B30,34.8,1658005,12,138167.08333333334
INV004851,26-35,Male,T30,9.3,1271183,7,181597.57142857142
INV004852,36-45,Male,T30,35.1,504397,5,100879.4
INV004853,26-35,Female,T30,15.6,592218,7,84602.57142857143
INV004854,18-25,Female,B30,3.5,341069,6,56844.833333333336
INV004855,36-45,Female,B30,49.4,1349510,11,122682.72727272728
INV004856,36-45,Male,T30,54.3,347639,5,69527.8
INV004857,26-35,Male,T30,15.3,1354411,7,193487.2857142857
INV004858,36-45,Male,B30,56.4,836713,7,119530.42857142857
INV004859,18-25,Male,B30,3.3,85938,1,85938.0
INV004860,46-55,Male,B30,47.7,642763,9,71418.11111111111
INV004861,18-25,Male,T30,3.6,282094,3,94031.33333333333
INV004862,26-35,Female,T30,18.6,13573,2,6786.5
INV004863,26-35,Male,T30,21.1,659321,10,65932.1
INV004864,26-35,Female,B30,10.5,1369653,12,114137.75
INV004865,56+,Male,B30,77.2,772530,11,70230.0
INV004866,36-45,Male,B30,14.6,1557603,10,155760.3
INV004867,18-25,Male,T30,7.3,349113,5,69822.6
INV004868,36-45,Male,T30,49.4,1268135,12,105677.91666666667
INV004869,26-35,Male,T30,9.7,677195,4,169298.75
INV004870,46-55,Male,B30,65.9,761615,4,190403.75
INV004871,26-35,Male,T30,9.2,1371152,12,114262.66666666667
INV004872,26-35,Male,T30,13.8,586686,3,195562.0
INV004873,26-35,Male,T30,6.1,92137,1,92137.0
INV004874,46-55,Male,B30,35.2,2316233,10,231623.3
INV004875,26-35,Male,T30,25.0,800814,9,88979.33333333333
INV004876,18-25,Male,T30,7.1,112730,6,18788.333333333332
INV004877,26-35,Male,B30,18.0,74162,7,10594.57142857143
INV004878,18-25,Male,T30,5.8,2870,1,2870.0
INV004879,46-55,Female,B30,23.2,17890,1,17890.0
INV004880,26-35,Male,T30,6.3,87589,6,14598.166666666666
INV004881,18-25,Male,T30,3.8,498410,5,99682.0
INV004882,26-35,Male,B30,15.2,432459,3,144153.0
INV004883,26-35,Male,T30,9.7,21233,3,7077.666666666667
INV004884,18-25,Male,T30,4.7,8024,3,2674.6666666666665
INV004885,26-35,Male,B30,11.7,2290943,12,190911.91666666666
INV004886,26-35,Male,T30,18.1,889382,6,148230.33333333334
INV004887,56+,Female,T30,79.4,963334,8,120416.75
INV004888,26-35,Female,T30,6.7,818116,7,116873.71428571429
INV004889,46-55,Male,T30,34.5,1177321,11,107029.18181818182
INV004890,18-25,Female,T30,5.8,64547,4,16136.75
INV004891,46-55,Female,T30,83.5,1077080,12,89756.66666666667
INV004892,26-35,Female,T30,22.7,485589,8,60698.625
INV004893,36-45,Male,T30,32.6,528994,5,105798.8
INV004894,26-35,Female,T30,21.0,96661,5,19332.2
INV004895,36-45,Male,T30,43.2,329377,4,82344.25
INV004896,18-25,Female,B30,3.5,1363020,12,113585.0
INV004897,36-45,Male,T30,38.1,25684,1,25684.0
INV004898,56+,Female,B30,48.9,357562,2,178781.0
INV004899,36-45,Male,T30,39.4,409623,8,51202.875
INV004900,36-45,Male,T30,32.1,809440,8,101180.0
INV004901,26-35,Female,T30,10.8,582402,9,64711.333333333336
INV004902,18-25,Female,T30,6.1,440704,3,146901.33333333334
INV004903,26-35,Male,T30,11.4,410645,6,68440.83333333333
INV004904,26-35,Female,T30,8.6,534481,4,133620.25
INV004905,56+,Male,B30,40.4,325283,2,162641.5
INV004906,26-35,Male,T30,9.9,1157361,5,231472.2
INV004907,26-35,Male,T30,20.7,343737,5,68747.4
INV004908,18-25,Male,T30,6.1,195099,6,32516.5
INV004909,36-45,Male,T30,20.3,541,1,541.0
INV004910,26-35,Female,B30,22.7,1591241,10,159124.1
INV004911,26-35,Female,T30,9.4,1222820,12,101901.66666666667
INV004912,18-25,Male,T30,6.4,258425,5,51685.0
INV004913,26-35,Male,B30,8.6,1271523,10,127152.3
INV004914,26-35,Female,B30,13.4,1607563,9,178618.11111111112
INV004915,26-35,Male,B30,9.6,1457657,10,145765.7
INV004916,26-35,Male,B30,12.5,782928,10,78292.8
INV004917,26-35,Male,B30,18.3,152977,8,19122.125
INV004918,56+,Female,B30,46.9,1104101,10,110410.1
INV004919,26-35,Male,T30,6.6,2063519,11,187592.63636363635
INV004920,56+,Male,T30,16.3,17285,5,3457.0
INV004921,18-25,Male,T30,3.9,489,1,489.0
INV004922,56+,Male,T30,28.2,2293919,12,191159.91666666666
INV004923,26-35,Male,B30,19.3,356082,5,71216.4
INV004924,36-45,Male,T30,16.1,575000,10,57500.0
INV004925,18-25,Female,T30,5.4,754424,10,75442.4
INV004926,36-45,Male,B30,45.3,1042484,12,86873.66666666667
INV004927,26-35,Male,B30,19.5,1889536,12,157461.33333333334
INV004928,36-45,Male,T30,17.1,367398,2,183699.0
INV004929,36-45,Female,T30,56.8,556761,5,111352.2
INV004930,26-35,Male,T30,15.5,850158,6,141693.0
INV004931,26-35,Male,T30,21.7,2155,2,1077.5
INV004932,26-35,Female,T30,21.1,1342824,9,149202.66666666666
INV004933,46-55,Female,T30,65.3,673279,7,96182.71428571429
INV004934,26-35,Female,T30,22.0,746264,8,93283.0
INV004935,56+,Female,T30,44.7,626836,4,156709.0
INV004936,18-25,Female,T30,3.5,106664,1,106664.0
INV004937,46-55,Male,T30,96.7,239501,2,119750.5
INV004938,18-25,Male,T30,6.3,180517,6,30086.166666666668
INV004939,18-25,Male,B30,4.7,1759694,12,146641.16666666666
INV004940,36-45,Male,T30,16.1,432107,2,216053.5
INV004941,26-35,Male,B30,11.0,310085,1,310085.0
INV004942,26-35,Female,T30,6.3,352117,6,58686.166666666664
INV004943,26-35,Male,T30,8.8,533361,5,106672.2
INV004944,18-25,Male,T30,4.5,195593,4,48898.25
INV004945,36-45,Female,T30,56.8,1383928,9,153769.77777777778
INV004946,26-35,Female,T30,19.5,190062,2,95031.0
INV004947,26-35,Female,T30,19.7,804691,10,80469.1
INV004948,56+,Male,T30,54.1,882052,8,110256.5
INV004949,26-35,Male,T30,11.3,278742,4,69685.5
INV004950,26-35,Male,T30,9.8,948403,7,135486.14285714287
INV004951,26-35,Female,B30,7.5,229584,6,38264.0
INV004952,26-35,Male,B30,15.9,902829,5,180565.8
INV004953,36-45,Male,B30,36.3,615692,10,61569.2
INV004954,26-35,Female,B30,6.6,330523,5,66104.6
INV004955,46-55,Male,B30,63.3,286343,4,71585.75
INV004956,46-55,Male,T30,62.4,511011,11,46455.545454545456
INV004957,36-45,Male,T30,51.2,1258198,8,157274.75
INV004958,36-45,Male,T30,20.9,378491,8,47311.375
INV004959,18-25,Female,T30,5.8,1102137,9,122459.66666666667
INV004960,26-35,Male,B30,20.1,465048,5,93009.6
INV004961,36-45,Male,T30,15.0,1111627,9,123514.11111111111
INV004962,18-25,Male,B30,6.7,1629784,10,162978.4
INV004963,36-45,Female,T30,59.6,518246,7,74035.14285714286
INV004964,56+,Male,T30,20.5,499279,4,124819.75
INV004965,46-55,Female,T30,30.3,247730,2,123865.0
INV004966,26-35,Male,T30,13.8,365330,2,182665.0
INV004967,26-35,Male,T30,14.3,483890,8,60486.25
INV004968,26-35,Male,T30,22.2,191640,7,27377.14285714286
INV004969,36-45,Male,T30,40.2,1387819,9,154202.11111111112
INV004970,36-45,Female,B30,27.6,480804,7,68686.28571428571
INV004971,26-35,Male,T30,21.3,486587,4,121646.75
INV004972,18-25,Male,T30,4.0,568571,6,94761.83333333333
INV004973,26-35,Male,B30,11.3,697635,11,63421.36363636364
INV004974,56+,Female,T30,62.6,726262,11,66023.81818181818
INV004975,56+,Female,B30,11.5,283588,1,283588.0
INV004976,26-35,Female,T30,16.8,66601,1,66601.0
INV004977,18-25,Male,T30,5.4,548359,4,137089.75
INV004978,46-55,Male,T30,34.3,224893,9,24988.11111111111
INV004979,26-35,Male,T30,21.5,512712,5,102542.4
INV004980,36-45,Female,B30,36.6,1351994,8,168999.25
INV004981,18-25,Male,B30,3.5,749899,12,62491.583333333336
INV004982,18-25,Female,B30,7.9,1029712,9,114412.44444444444
INV004983,26-35,Male,B30,20.6,705407,10,70540.7
INV004984,46-55,Female,B30,78.8,1669076,12,139089.66666666666
INV004985,56+,Female,T30,79.4,164391,5,32878.2
INV004986,26-35,Male,B30,12.3,236227,8,29528.375
INV004987,46-55,Male,T30,37.1,463869,5,92773.8
INV004988,56+,Male,T30,69.6,348662,3,116220.66666666667
INV004989,26-35,Male,T30,6.4,722756,8,90344.5
INV004990,26-35,Female,B30,9.5,946073,7,135153.2857142857
INV004991,26-35,Female,T30,17.3,214836,2,107418.0
INV004992,26-35,Male,B30,11.1,1419325,12,118277.08333333333
INV004993,36-45,Female,T30,55.6,1502497,7,214642.42857142858
INV004994,36-45,Male,T30,31.9,420560,5,84112.0
INV004995,36-45,Male,T30,53.0,227785,5,45557.0
INV004996,46-55,Male,T30,87.8,447229,11,40657.181818181816
INV004997,36-45,Female,B30,54.3,1088570,11,98960.90909090909
INV004998,36-45,Male,T30,24.2,1172829,6,195471.5
INV004999,26-35,Male,T30,24.8,919561,9,102173.44444444444
INV005000,18-25,Male,B30,3.4,376134,1,376134.0
