index_name,date,index_value
Nifty 50 TRI,2022-01-03,25000
Nifty Next 50 TRI,2022-01-03,50000
Nifty Midcap 150 TRI,2022-01-03,15000
Nifty Smallcap 250 TRI,2022-01-03,8000
Nifty 500 TRI,2022-01-03,20000
Nifty G-Sec Index,2022-01-03,2500
Nifty 50 TRI,2022-01-04,24982.91
Nifty Next 50 TRI,2022-01-04,49009.46
Nifty Midcap 150 TRI,2022-01-04,15197.35
Nifty Smallcap 250 TRI,2022-01-04,8019.9
Nifty 500 TRI,2022-01-04,19848.54
Nifty G-Sec Index,2022-01-04,2501.84
Nifty 50 TRI,2022-01-05,25014.78
Nifty Next 50 TRI,2022-01-05,49048.32
Nifty Midcap 150 TRI,2022-01-05,15068.63
Nifty Smallcap 250 TRI,2022-01-05,8111.48
Nifty 500 TRI,2022-01-05,19874.41
Nifty G-Sec Index,2022-01-05,2505.97
Nifty 50 TRI,2022-01-06,24826.39
Nifty Next 50 TRI,2022-01-06,48632.42
Nifty Midcap 150 TRI,2022-01-06,15131.18
Nifty Smallcap 250 TRI,2022-01-06,8332.54
Nifty 500 TRI,2022-01-06,19970.93
Nifty G-Sec Index,2022-01-06,2504.23
Nifty 50 TRI,2022-01-07,24979.89
Nifty Next 50 TRI,2022-01-07,48961.26
Nifty Midcap 150 TRI,2022-01-07,15262.64
Nifty Smallcap 250 TRI,2022-01-07,8483.27
Nifty 500 TRI,2022-01-07,19897.9
Nifty G-Sec Index,2022-01-07,2501.92
Nifty 50 TRI,2022-01-10,25172.81
Nifty Next 50 TRI,2022-01-10,48956.74
Nifty Midcap 150 TRI,2022-01-10,15391.98
Nifty Smallcap 250 TRI,2022-01-10,8489.52
Nifty 500 TRI,2022-01-10,19726.24
Nifty G-Sec Index,2022-01-10,2499.28
Nifty 50 TRI,2022-01-11,25099.31
Nifty Next 50 TRI,2022-01-11,48471.97
Nifty Midcap 150 TRI,2022-01-11,15415.51
Nifty Smallcap 250 TRI,2022-01-11,8444.31
Nifty 500 TRI,2022-01-11,19685.08
Nifty G-Sec Index,2022-01-11,2500.44
Nifty 50 TRI,2022-01-12,25117.49
Nifty Next 50 TRI,2022-01-12,49243.96
Nifty Midcap 150 TRI,2022-01-12,15503.78
Nifty Smallcap 250 TRI,2022-01-12,8493.46
Nifty 500 TRI,2022-01-12,19624.07
Nifty G-Sec Index,2022-01-12,2509.1
Nifty 50 TRI,2022-01-13,24855.91
Nifty Next 50 TRI,2022-01-13,49878.24
Nifty Midcap 150 TRI,2022-01-13,15454.26
Nifty Smallcap 250 TRI,2022-01-13,8591.17
Nifty 500 TRI,2022-01-13,19440.93
Nifty G-Sec Index,2022-01-13,2498.42
Nifty 50 TRI,2022-01-14,25223.37
Nifty Next 50 TRI,2022-01-14,49772.09
Nifty Midcap 150 TRI,2022-01-14,14968.44
Nifty Smallcap 250 TRI,2022-01-14,8541.28
Nifty 500 TRI,2022-01-14,19434.65
Nifty G-Sec Index,2022-01-14,2496.95
Nifty 50 TRI,2022-01-17,25346.04
Nifty Next 50 TRI,2022-01-17,49470.22
Nifty Midcap 150 TRI,2022-01-17,14865.01
Nifty Smallcap 250 TRI,2022-01-17,8373.8
Nifty 500 TRI,2022-01-17,19662.89
Nifty G-Sec Index,2022-01-17,2477.76
Nifty 50 TRI,2022-01-18,25720.37
Nifty Next 50 TRI,2022-01-18,47659.06
Nifty Midcap 150 TRI,2022-01-18,14648.65
Nifty Smallcap 250 TRI,2022-01-18,8307.6
Nifty 500 TRI,2022-01-18,19838.73
Nifty G-Sec Index,2022-01-18,2468.96
Nifty 50 TRI,2022-01-19,25382.49
Nifty Next 50 TRI,2022-01-19,48423.55
Nifty Midcap 150 TRI,2022-01-19,14490.28
Nifty Smallcap 250 TRI,2022-01-19,8193.91
Nifty 500 TRI,2022-01-19,19958.28
Nifty G-Sec Index,2022-01-19,2478.15
Nifty 50 TRI,2022-01-20,25906.06
Nifty Next 50 TRI,2022-01-20,48641.97
Nifty Midcap 150 TRI,2022-01-20,14571.21
Nifty Smallcap 250 TRI,2022-01-20,8294.61
Nifty 500 TRI,2022-01-20,20346.58
Nifty G-Sec Index,2022-01-20,2472.46
Nifty 50 TRI,2022-01-21,25856.46
Nifty Next 50 TRI,2022-01-21,49421.35
Nifty Midcap 150 TRI,2022-01-21,14461.34
Nifty Smallcap 250 TRI,2022-01-21,8402.09
Nifty 500 TRI,2022-01-21,20896.34
Nifty G-Sec Index,2022-01-21,2481.32
Nifty 50 TRI,2022-01-24,25822.52
Nifty Next 50 TRI,2022-01-24,47976.24
Nifty Midcap 150 TRI,2022-01-24,14285.77
Nifty Smallcap 250 TRI,2022-01-24,8230.31
Nifty 500 TRI,2022-01-24,21264.11
Nifty G-Sec Index,2022-01-24,2496.11
Nifty 50 TRI,2022-01-25,25702.14
Nifty Next 50 TRI,2022-01-25,48489.18
Nifty Midcap 150 TRI,2022-01-25,14108.43
Nifty Smallcap 250 TRI,2022-01-25,7945.44
Nifty 500 TRI,2022-01-25,21106.64
Nifty G-Sec Index,2022-01-25,2499.95
Nifty 50 TRI,2022-01-26,25676.32
Nifty Next 50 TRI,2022-01-26,48142.15
Nifty Midcap 150 TRI,2022-01-26,14125.7
Nifty Smallcap 250 TRI,2022-01-26,8076.97
Nifty 500 TRI,2022-01-26,21239.68
Nifty G-Sec Index,2022-01-26,2498.21
Nifty 50 TRI,2022-01-27,25526.03
Nifty Next 50 TRI,2022-01-27,47187.79
Nifty Midcap 150 TRI,2022-01-27,14308.14
Nifty Smallcap 250 TRI,2022-01-27,8460.83
Nifty 500 TRI,2022-01-27,21272.96
Nifty G-Sec Index,2022-01-27,2508.84
Nifty 50 TRI,2022-01-28,25303.38
Nifty Next 50 TRI,2022-01-28,46796.58
Nifty Midcap 150 TRI,2022-01-28,14562.45
Nifty Smallcap 250 TRI,2022-01-28,8470.54
Nifty 500 TRI,2022-01-28,21170.15
Nifty G-Sec Index,2022-01-28,2510.72
Nifty 50 TRI,2022-01-31,25248.52
Nifty Next 50 TRI,2022-01-31,46746.58
Nifty Midcap 150 TRI,2022-01-31,14482.55
Nifty Smallcap 250 TRI,2022-01-31,8758.12
Nifty 500 TRI,2022-01-31,20878.29
Nifty G-Sec Index,2022-01-31,2502.72
Nifty 50 TRI,2022-02-01,25758.28
Nifty Next 50 TRI,2022-02-01,47364.96
Nifty Midcap 150 TRI,2022-02-01,14286.87
Nifty Smallcap 250 TRI,2022-02-01,8752.46
Nifty 500 TRI,2022-02-01,20699.1
Nifty G-Sec Index,2022-02-01,2498.76
Nifty 50 TRI,2022-02-02,25235.93
Nifty Next 50 TRI,2022-02-02,47395.87
Nifty Midcap 150 TRI,2022-02-02,14258.01
Nifty Smallcap 250 TRI,2022-02-02,8935.53
Nifty 500 TRI,2022-02-02,20718.34
Nifty G-Sec Index,2022-02-02,2495.61
Nifty 50 TRI,2022-02-03,25213.99
Nifty Next 50 TRI,2022-02-03,47352.1
Nifty Midcap 150 TRI,2022-02-03,14235.08
Nifty Smallcap 250 TRI,2022-02-03,8766.46
Nifty 500 TRI,2022-02-03,20753.87
Nifty G-Sec Index,2022-02-03,2505.67
Nifty 50 TRI,2022-02-04,24689.57
Nifty Next 50 TRI,2022-02-04,46578.19
Nifty Midcap 150 TRI,2022-02-04,14482.8
Nifty Smallcap 250 TRI,2022-02-04,8686.31
Nifty 500 TRI,2022-02-04,20830.13
Nifty G-Sec Index,2022-02-04,2502.87
Nifty 50 TRI,2022-02-07,24872.3
Nifty Next 50 TRI,2022-02-07,45896.47
Nifty Midcap 150 TRI,2022-02-07,14687.36
Nifty Smallcap 250 TRI,2022-02-07,8563.86
Nifty 500 TRI,2022-02-07,20631.93
Nifty G-Sec Index,2022-02-07,2497.58
Nifty 50 TRI,2022-02-08,24797.82
Nifty Next 50 TRI,2022-02-08,46037.06
Nifty Midcap 150 TRI,2022-02-08,14357.56
Nifty Smallcap 250 TRI,2022-02-08,8538.88
Nifty 500 TRI,2022-02-08,20539.9
Nifty G-Sec Index,2022-02-08,2501.9
Nifty 50 TRI,2022-02-09,24707.23
Nifty Next 50 TRI,2022-02-09,45817.57
Nifty Midcap 150 TRI,2022-02-09,14499.07
Nifty Smallcap 250 TRI,2022-02-09,8470.48
Nifty 500 TRI,2022-02-09,20194.39
Nifty G-Sec Index,2022-02-09,2503.14
Nifty 50 TRI,2022-02-10,24831.98
Nifty Next 50 TRI,2022-02-10,45622.38
Nifty Midcap 150 TRI,2022-02-10,14380.17
Nifty Smallcap 250 TRI,2022-02-10,8407.2
Nifty 500 TRI,2022-02-10,19819.77
Nifty G-Sec Index,2022-02-10,2496.58
Nifty 50 TRI,2022-02-11,24740.31
Nifty Next 50 TRI,2022-02-11,46142.6
Nifty Midcap 150 TRI,2022-02-11,14553.39
Nifty Smallcap 250 TRI,2022-02-11,8411.21
Nifty 500 TRI,2022-02-11,19661.83
Nifty G-Sec Index,2022-02-11,2486.62
Nifty 50 TRI,2022-02-14,25308.22
Nifty Next 50 TRI,2022-02-14,46659.01
Nifty Midcap 150 TRI,2022-02-14,14409.35
Nifty Smallcap 250 TRI,2022-02-14,8277.03
Nifty 500 TRI,2022-02-14,19618.45
Nifty G-Sec Index,2022-02-14,2494.04
Nifty 50 TRI,2022-02-15,25591.15
Nifty Next 50 TRI,2022-02-15,46927.57
Nifty Midcap 150 TRI,2022-02-15,14392.75
Nifty Smallcap 250 TRI,2022-02-15,8174.3
Nifty 500 TRI,2022-02-15,19477.22
Nifty G-Sec Index,2022-02-15,2492.1
Nifty 50 TRI,2022-02-16,25289.64
Nifty Next 50 TRI,2022-02-16,46138.08
Nifty Midcap 150 TRI,2022-02-16,14125.55
Nifty Smallcap 250 TRI,2022-02-16,8329.88
Nifty 500 TRI,2022-02-16,19377.64
Nifty G-Sec Index,2022-02-16,2499.0
Nifty 50 TRI,2022-02-17,25145.18
Nifty Next 50 TRI,2022-02-17,45835.9
Nifty Midcap 150 TRI,2022-02-17,14458.51
Nifty Smallcap 250 TRI,2022-02-17,8371.1
Nifty 500 TRI,2022-02-17,19304.21
Nifty G-Sec Index,2022-02-17,2499.56
Nifty 50 TRI,2022-02-18,24766.31
Nifty Next 50 TRI,2022-02-18,45646.96
Nifty Midcap 150 TRI,2022-02-18,14828.07
Nifty Smallcap 250 TRI,2022-02-18,8164.64
Nifty 500 TRI,2022-02-18,19559.46
Nifty G-Sec Index,2022-02-18,2488.67
Nifty 50 TRI,2022-02-21,24642.23
Nifty Next 50 TRI,2022-02-21,45438.1
Nifty Midcap 150 TRI,2022-02-21,14812.92
Nifty Smallcap 250 TRI,2022-02-21,8003.11
Nifty 500 TRI,2022-02-21,19322.89
Nifty G-Sec Index,2022-02-21,2489.96
Nifty 50 TRI,2022-02-22,24619.78
Nifty Next 50 TRI,2022-02-22,45821.42
Nifty Midcap 150 TRI,2022-02-22,14691.36
Nifty Smallcap 250 TRI,2022-02-22,7959.57
Nifty 500 TRI,2022-02-22,19527.97
Nifty G-Sec Index,2022-02-22,2473.94
Nifty 50 TRI,2022-02-23,24787.84
Nifty Next 50 TRI,2022-02-23,45840.82
Nifty Midcap 150 TRI,2022-02-23,14955.8
Nifty Smallcap 250 TRI,2022-02-23,8054.6
Nifty 500 TRI,2022-02-23,19493.78
Nifty G-Sec Index,2022-02-23,2469.66
Nifty 50 TRI,2022-02-24,25131.75
Nifty Next 50 TRI,2022-02-24,47111.29
Nifty Midcap 150 TRI,2022-02-24,15264.74
Nifty Smallcap 250 TRI,2022-02-24,8086.64
Nifty 500 TRI,2022-02-24,19650.52
Nifty G-Sec Index,2022-02-24,2467.7
Nifty 50 TRI,2022-02-25,25597.99
Nifty Next 50 TRI,2022-02-25,47495.27
Nifty Midcap 150 TRI,2022-02-25,15099.63
Nifty Smallcap 250 TRI,2022-02-25,7844.95
Nifty 500 TRI,2022-02-25,19692.03
Nifty G-Sec Index,2022-02-25,2469.98
Nifty 50 TRI,2022-02-28,25636.4
Nifty Next 50 TRI,2022-02-28,48471.39
Nifty Midcap 150 TRI,2022-02-28,14969.24
Nifty Smallcap 250 TRI,2022-02-28,7903.53
Nifty 500 TRI,2022-02-28,20096.77
Nifty G-Sec Index,2022-02-28,2460.3
Nifty 50 TRI,2022-03-01,25681.52
Nifty Next 50 TRI,2022-03-01,47994.77
Nifty Midcap 150 TRI,2022-03-01,15115.76
Nifty Smallcap 250 TRI,2022-03-01,7975.62
Nifty 500 TRI,2022-03-01,20026.48
Nifty G-Sec Index,2022-03-01,2466.35
Nifty 50 TRI,2022-03-02,25718.67
Nifty Next 50 TRI,2022-03-02,46270.41
Nifty Midcap 150 TRI,2022-03-02,15374.93
Nifty Smallcap 250 TRI,2022-03-02,8118.15
Nifty 500 TRI,2022-03-02,20188.42
Nifty G-Sec Index,2022-03-02,2489.05
Nifty 50 TRI,2022-03-03,25203.54
Nifty Next 50 TRI,2022-03-03,47268.32
Nifty Midcap 150 TRI,2022-03-03,15036.26
Nifty Smallcap 250 TRI,2022-03-03,8225.02
Nifty 500 TRI,2022-03-03,19791.99
Nifty G-Sec Index,2022-03-03,2484.9
Nifty 50 TRI,2022-03-07,25359.24
Nifty Next 50 TRI,2022-03-07,48246.53
Nifty Midcap 150 TRI,2022-03-07,15461.46
Nifty Smallcap 250 TRI,2022-03-07,8034.97
Nifty 500 TRI,2022-03-07,20278.0
Nifty G-Sec Index,2022-03-07,2508.05
Nifty 50 TRI,2022-03-08,25203.86
Nifty Next 50 TRI,2022-03-08,48281.9
Nifty Midcap 150 TRI,2022-03-08,15159.61
Nifty Smallcap 250 TRI,2022-03-08,8045.29
Nifty 500 TRI,2022-03-08,20173.1
Nifty G-Sec Index,2022-03-08,2523.03
Nifty 50 TRI,2022-03-09,24891.95
Nifty Next 50 TRI,2022-03-09,48693.95
Nifty Midcap 150 TRI,2022-03-09,14578.3
Nifty Smallcap 250 TRI,2022-03-09,7952.1
Nifty 500 TRI,2022-03-09,20045.4
Nifty G-Sec Index,2022-03-09,2531.65
Nifty 50 TRI,2022-03-10,24895.61
Nifty Next 50 TRI,2022-03-10,48180.76
Nifty Midcap 150 TRI,2022-03-10,14514.81
Nifty Smallcap 250 TRI,2022-03-10,7983.23
Nifty 500 TRI,2022-03-10,20424.84
Nifty G-Sec Index,2022-03-10,2531.91
Nifty 50 TRI,2022-03-11,24464.59
Nifty Next 50 TRI,2022-03-11,47888.2
Nifty Midcap 150 TRI,2022-03-11,14273.79
Nifty Smallcap 250 TRI,2022-03-11,8108.24
Nifty 500 TRI,2022-03-11,20996.96
Nifty G-Sec Index,2022-03-11,2536.93
Nifty 50 TRI,2022-03-14,24777.79
Nifty Next 50 TRI,2022-03-14,47384.58
Nifty Midcap 150 TRI,2022-03-14,14064.9
Nifty Smallcap 250 TRI,2022-03-14,8341.33
Nifty 500 TRI,2022-03-14,20828.85
Nifty G-Sec Index,2022-03-14,2539.23
Nifty 50 TRI,2022-03-15,24899.92
Nifty Next 50 TRI,2022-03-15,48251.01
Nifty Midcap 150 TRI,2022-03-15,13753.56
Nifty Smallcap 250 TRI,2022-03-15,8180.08
Nifty 500 TRI,2022-03-15,21063.79
Nifty G-Sec Index,2022-03-15,2534.54
Nifty 50 TRI,2022-03-16,24774.57
Nifty Next 50 TRI,2022-03-16,48740.26
Nifty Midcap 150 TRI,2022-03-16,14002.13
Nifty Smallcap 250 TRI,2022-03-16,7984.38
Nifty 500 TRI,2022-03-16,20912.87
Nifty G-Sec Index,2022-03-16,2529.62
Nifty 50 TRI,2022-03-17,24618.36
Nifty Next 50 TRI,2022-03-17,48898.21
Nifty Midcap 150 TRI,2022-03-17,13471.59
Nifty Smallcap 250 TRI,2022-03-17,8146.91
Nifty 500 TRI,2022-03-17,20897.21
Nifty G-Sec Index,2022-03-17,2522.19
Nifty 50 TRI,2022-03-18,24576.8
Nifty Next 50 TRI,2022-03-18,49614.21
Nifty Midcap 150 TRI,2022-03-18,13147.03
Nifty Smallcap 250 TRI,2022-03-18,8179.84
Nifty 500 TRI,2022-03-18,21003.49
Nifty G-Sec Index,2022-03-18,2527.71
Nifty 50 TRI,2022-03-21,24839.2
Nifty Next 50 TRI,2022-03-21,48468.68
Nifty Midcap 150 TRI,2022-03-21,13071.01
Nifty Smallcap 250 TRI,2022-03-21,8068.46
Nifty 500 TRI,2022-03-21,21000.85
Nifty G-Sec Index,2022-03-21,2525.6
Nifty 50 TRI,2022-03-22,25025.56
Nifty Next 50 TRI,2022-03-22,47933.07
Nifty Midcap 150 TRI,2022-03-22,12812.3
Nifty Smallcap 250 TRI,2022-03-22,8273.76
Nifty 500 TRI,2022-03-22,21383.01
Nifty G-Sec Index,2022-03-22,2523.04
Nifty 50 TRI,2022-03-23,24832.85
Nifty Next 50 TRI,2022-03-23,48201.22
Nifty Midcap 150 TRI,2022-03-23,13148.2
Nifty Smallcap 250 TRI,2022-03-23,8151.17
Nifty 500 TRI,2022-03-23,21063.1
Nifty G-Sec Index,2022-03-23,2524.51
Nifty 50 TRI,2022-03-24,25385.76
Nifty Next 50 TRI,2022-03-24,49521.72
Nifty Midcap 150 TRI,2022-03-24,13295.13
Nifty Smallcap 250 TRI,2022-03-24,8485.11
Nifty 500 TRI,2022-03-24,21050.4
Nifty G-Sec Index,2022-03-24,2526.66
Nifty 50 TRI,2022-03-25,25504.0
Nifty Next 50 TRI,2022-03-25,50228.13
Nifty Midcap 150 TRI,2022-03-25,13523.94
Nifty Smallcap 250 TRI,2022-03-25,8559.23
Nifty 500 TRI,2022-03-25,21078.33
Nifty G-Sec Index,2022-03-25,2516.71
Nifty 50 TRI,2022-03-28,25772.68
Nifty Next 50 TRI,2022-03-28,49532.5
Nifty Midcap 150 TRI,2022-03-28,13666.48
Nifty Smallcap 250 TRI,2022-03-28,8503.39
Nifty 500 TRI,2022-03-28,21109.6
Nifty G-Sec Index,2022-03-28,2513.4
Nifty 50 TRI,2022-03-29,25712.31
Nifty Next 50 TRI,2022-03-29,50847.05
Nifty Midcap 150 TRI,2022-03-29,13711.72
Nifty Smallcap 250 TRI,2022-03-29,8537.44
Nifty 500 TRI,2022-03-29,21371.14
Nifty G-Sec Index,2022-03-29,2505.65
Nifty 50 TRI,2022-03-30,25708.74
Nifty Next 50 TRI,2022-03-30,50658.91
Nifty Midcap 150 TRI,2022-03-30,14101.47
Nifty Smallcap 250 TRI,2022-03-30,8399.84
Nifty 500 TRI,2022-03-30,21664.68
Nifty G-Sec Index,2022-03-30,2516.41
Nifty 50 TRI,2022-03-31,26395.02
Nifty Next 50 TRI,2022-03-31,50321.23
Nifty Midcap 150 TRI,2022-03-31,13914.21
Nifty Smallcap 250 TRI,2022-03-31,8247.19
Nifty 500 TRI,2022-03-31,21474.9
Nifty G-Sec Index,2022-03-31,2509.34
Nifty 50 TRI,2022-04-01,26321.81
Nifty Next 50 TRI,2022-04-01,50424.48
Nifty Midcap 150 TRI,2022-04-01,13911.4
Nifty Smallcap 250 TRI,2022-04-01,8127.95
Nifty 500 TRI,2022-04-01,21209.55
Nifty G-Sec Index,2022-04-01,2513.88
Nifty 50 TRI,2022-04-04,26589.66
Nifty Next 50 TRI,2022-04-04,50365.96
Nifty Midcap 150 TRI,2022-04-04,13822.39
Nifty Smallcap 250 TRI,2022-04-04,8055.74
Nifty 500 TRI,2022-04-04,21106.13
Nifty G-Sec Index,2022-04-04,2526.82
Nifty 50 TRI,2022-04-05,27006.63
Nifty Next 50 TRI,2022-04-05,50320.7
Nifty Midcap 150 TRI,2022-04-05,14188.49
Nifty Smallcap 250 TRI,2022-04-05,7990.21
Nifty 500 TRI,2022-04-05,21330.65
Nifty G-Sec Index,2022-04-05,2530.46
Nifty 50 TRI,2022-04-06,26499.96
Nifty Next 50 TRI,2022-04-06,51253.24
Nifty Midcap 150 TRI,2022-04-06,14045.49
Nifty Smallcap 250 TRI,2022-04-06,8126.29
Nifty 500 TRI,2022-04-06,21437.61
Nifty G-Sec Index,2022-04-06,2528.42
Nifty 50 TRI,2022-04-07,26754.86
Nifty Next 50 TRI,2022-04-07,52831.13
Nifty Midcap 150 TRI,2022-04-07,13764.75
Nifty Smallcap 250 TRI,2022-04-07,8071.22
Nifty 500 TRI,2022-04-07,21639.08
Nifty G-Sec Index,2022-04-07,2523.37
Nifty 50 TRI,2022-04-08,26885.31
Nifty Next 50 TRI,2022-04-08,53920.68
Nifty Midcap 150 TRI,2022-04-08,13586.56
Nifty Smallcap 250 TRI,2022-04-08,7813.07
Nifty 500 TRI,2022-04-08,21953.19
Nifty G-Sec Index,2022-04-08,2524.23
Nifty 50 TRI,2022-04-11,26773.86
Nifty Next 50 TRI,2022-04-11,52935.67
Nifty Midcap 150 TRI,2022-04-11,13402.92
Nifty Smallcap 250 TRI,2022-04-11,7905.18
Nifty 500 TRI,2022-04-11,21847.75
Nifty G-Sec Index,2022-04-11,2529.48
Nifty 50 TRI,2022-04-12,26287.66
Nifty Next 50 TRI,2022-04-12,53548.08
Nifty Midcap 150 TRI,2022-04-12,13706.41
Nifty Smallcap 250 TRI,2022-04-12,7828.84
Nifty 500 TRI,2022-04-12,22006.86
Nifty G-Sec Index,2022-04-12,2540.08
Nifty 50 TRI,2022-04-13,26035.66
Nifty Next 50 TRI,2022-04-13,52975.33
Nifty Midcap 150 TRI,2022-04-13,13626.26
Nifty Smallcap 250 TRI,2022-04-13,8013.01
Nifty 500 TRI,2022-04-13,21780.06
Nifty G-Sec Index,2022-04-13,2553.49
Nifty 50 TRI,2022-04-14,25924.54
Nifty Next 50 TRI,2022-04-14,51936.97
Nifty Midcap 150 TRI,2022-04-14,13625.82
Nifty Smallcap 250 TRI,2022-04-14,7986.93
Nifty 500 TRI,2022-04-14,21696.46
Nifty G-Sec Index,2022-04-14,2564.45
Nifty 50 TRI,2022-04-15,25555.99
Nifty Next 50 TRI,2022-04-15,51842.04
Nifty Midcap 150 TRI,2022-04-15,13488.42
Nifty Smallcap 250 TRI,2022-04-15,8058.28
Nifty 500 TRI,2022-04-15,21688.53
Nifty G-Sec Index,2022-04-15,2559.27
Nifty 50 TRI,2022-04-18,25354.57
Nifty Next 50 TRI,2022-04-18,50580.85
Nifty Midcap 150 TRI,2022-04-18,13548.53
Nifty Smallcap 250 TRI,2022-04-18,8199.53
Nifty 500 TRI,2022-04-18,21534.67
Nifty G-Sec Index,2022-04-18,2547.62
Nifty 50 TRI,2022-04-19,25015.57
Nifty Next 50 TRI,2022-04-19,51477.88
Nifty Midcap 150 TRI,2022-04-19,13423.21
Nifty Smallcap 250 TRI,2022-04-19,8366.26
Nifty 500 TRI,2022-04-19,21640.82
Nifty G-Sec Index,2022-04-19,2539.32
Nifty 50 TRI,2022-04-20,25070.45
Nifty Next 50 TRI,2022-04-20,51877.34
Nifty Midcap 150 TRI,2022-04-20,13235.31
Nifty Smallcap 250 TRI,2022-04-20,8146.22
Nifty 500 TRI,2022-04-20,21336.15
Nifty G-Sec Index,2022-04-20,2556.08
Nifty 50 TRI,2022-04-21,25519.23
Nifty Next 50 TRI,2022-04-21,51995.62
Nifty Midcap 150 TRI,2022-04-21,12996.29
Nifty Smallcap 250 TRI,2022-04-21,8298.48
Nifty 500 TRI,2022-04-21,20977.1
Nifty G-Sec Index,2022-04-21,2564.85
Nifty 50 TRI,2022-04-22,25388.29
Nifty Next 50 TRI,2022-04-22,51014.56
Nifty Midcap 150 TRI,2022-04-22,13030.35
Nifty Smallcap 250 TRI,2022-04-22,8443.01
Nifty 500 TRI,2022-04-22,20555.89
Nifty G-Sec Index,2022-04-22,2545.86
Nifty 50 TRI,2022-04-25,25343.3
Nifty Next 50 TRI,2022-04-25,51756.59
Nifty Midcap 150 TRI,2022-04-25,13175.21
Nifty Smallcap 250 TRI,2022-04-25,8664.94
Nifty 500 TRI,2022-04-25,20666.14
Nifty G-Sec Index,2022-04-25,2547.83
Nifty 50 TRI,2022-04-26,24968.33
Nifty Next 50 TRI,2022-04-26,52382.34
Nifty Midcap 150 TRI,2022-04-26,13004.86
Nifty Smallcap 250 TRI,2022-04-26,8638.83
Nifty 500 TRI,2022-04-26,20804.62
Nifty G-Sec Index,2022-04-26,2543.06
Nifty 50 TRI,2022-04-27,25244.36
Nifty Next 50 TRI,2022-04-27,52767.86
Nifty Midcap 150 TRI,2022-04-27,13046.79
Nifty Smallcap 250 TRI,2022-04-27,8645.6
Nifty 500 TRI,2022-04-27,21254.58
Nifty G-Sec Index,2022-04-27,2542.15
Nifty 50 TRI,2022-04-28,25777.82
Nifty Next 50 TRI,2022-04-28,52430.19
Nifty Midcap 150 TRI,2022-04-28,12759.44
Nifty Smallcap 250 TRI,2022-04-28,8691.81
Nifty 500 TRI,2022-04-28,21214.5
Nifty G-Sec Index,2022-04-28,2541.23
Nifty 50 TRI,2022-04-29,26003.4
Nifty Next 50 TRI,2022-04-29,51620.15
Nifty Midcap 150 TRI,2022-04-29,12561.32
Nifty Smallcap 250 TRI,2022-04-29,8771.56
Nifty 500 TRI,2022-04-29,21400.86
Nifty G-Sec Index,2022-04-29,2530.73
Nifty 50 TRI,2022-05-02,26041.33
Nifty Next 50 TRI,2022-05-02,51865.09
Nifty Midcap 150 TRI,2022-05-02,12463.63
Nifty Smallcap 250 TRI,2022-05-02,8966.87
Nifty 500 TRI,2022-05-02,21483.33
Nifty G-Sec Index,2022-05-02,2525.89
Nifty 50 TRI,2022-05-03,25943.78
Nifty Next 50 TRI,2022-05-03,52583.46
Nifty Midcap 150 TRI,2022-05-03,12322.34
Nifty Smallcap 250 TRI,2022-05-03,9108.51
Nifty 500 TRI,2022-05-03,21225.84
Nifty G-Sec Index,2022-05-03,2524.42
Nifty 50 TRI,2022-05-04,26178.83
Nifty Next 50 TRI,2022-05-04,52626.37
Nifty Midcap 150 TRI,2022-05-04,12436.96
Nifty Smallcap 250 TRI,2022-05-04,9278.37
Nifty 500 TRI,2022-05-04,21438.57
Nifty G-Sec Index,2022-05-04,2523.86
Nifty 50 TRI,2022-05-05,26105.74
Nifty Next 50 TRI,2022-05-05,52331.9
Nifty Midcap 150 TRI,2022-05-05,12358.08
Nifty Smallcap 250 TRI,2022-05-05,8963.51
Nifty 500 TRI,2022-05-05,20919.22
Nifty G-Sec Index,2022-05-05,2522.93
Nifty 50 TRI,2022-05-06,26082.24
Nifty Next 50 TRI,2022-05-06,52336.87
Nifty Midcap 150 TRI,2022-05-06,12511.15
Nifty Smallcap 250 TRI,2022-05-06,8783.27
Nifty 500 TRI,2022-05-06,20796.43
Nifty G-Sec Index,2022-05-06,2528.6
Nifty 50 TRI,2022-05-09,25829.8
Nifty Next 50 TRI,2022-05-09,52347.2
Nifty Midcap 150 TRI,2022-05-09,12953.62
Nifty Smallcap 250 TRI,2022-05-09,9001.33
Nifty 500 TRI,2022-05-09,20869.36
Nifty G-Sec Index,2022-05-09,2548.56
Nifty 50 TRI,2022-05-10,25853.34
Nifty Next 50 TRI,2022-05-10,53298.0
Nifty Midcap 150 TRI,2022-05-10,13207.96
Nifty Smallcap 250 TRI,2022-05-10,9122.36
Nifty 500 TRI,2022-05-10,21106.49
Nifty G-Sec Index,2022-05-10,2550.85
Nifty 50 TRI,2022-05-11,25956.07
Nifty Next 50 TRI,2022-05-11,53061.98
Nifty Midcap 150 TRI,2022-05-11,13069.4
Nifty Smallcap 250 TRI,2022-05-11,9097.49
Nifty 500 TRI,2022-05-11,21421.39
Nifty G-Sec Index,2022-05-11,2541.48
Nifty 50 TRI,2022-05-12,26196.29
Nifty Next 50 TRI,2022-05-12,52869.3
Nifty Midcap 150 TRI,2022-05-12,12936.03
Nifty Smallcap 250 TRI,2022-05-12,9013.77
Nifty 500 TRI,2022-05-12,21474.03
Nifty G-Sec Index,2022-05-12,2545.29
Nifty 50 TRI,2022-05-16,27045.56
Nifty Next 50 TRI,2022-05-16,51020.04
Nifty Midcap 150 TRI,2022-05-16,12730.42
Nifty Smallcap 250 TRI,2022-05-16,8903.84
Nifty 500 TRI,2022-05-16,22076.99
Nifty G-Sec Index,2022-05-16,2537.6
Nifty 50 TRI,2022-05-17,27351.88
Nifty Next 50 TRI,2022-05-17,50553.99
Nifty Midcap 150 TRI,2022-05-17,12734.03
Nifty Smallcap 250 TRI,2022-05-17,8959.79
Nifty 500 TRI,2022-05-17,22429.21
Nifty G-Sec Index,2022-05-17,2537.36
Nifty 50 TRI,2022-05-18,27032.42
Nifty Next 50 TRI,2022-05-18,50225.65
Nifty Midcap 150 TRI,2022-05-18,12968.06
Nifty Smallcap 250 TRI,2022-05-18,9094.02
Nifty 500 TRI,2022-05-18,22100.65
Nifty G-Sec Index,2022-05-18,2550.44
Nifty 50 TRI,2022-05-19,27691.45
Nifty Next 50 TRI,2022-05-19,49209.05
Nifty Midcap 150 TRI,2022-05-19,12979.46
Nifty Smallcap 250 TRI,2022-05-19,9191.86
Nifty 500 TRI,2022-05-19,22560.41
Nifty G-Sec Index,2022-05-19,2566.7
Nifty 50 TRI,2022-05-20,28148.66
Nifty Next 50 TRI,2022-05-20,49941.76
Nifty Midcap 150 TRI,2022-05-20,12573.39
Nifty Smallcap 250 TRI,2022-05-20,9398.18
Nifty 500 TRI,2022-05-20,22556.84
Nifty G-Sec Index,2022-05-20,2561.33
Nifty 50 TRI,2022-05-23,28631.84
Nifty Next 50 TRI,2022-05-23,50194.54
Nifty Midcap 150 TRI,2022-05-23,12553.0
Nifty Smallcap 250 TRI,2022-05-23,9244.51
Nifty 500 TRI,2022-05-23,22750.17
Nifty G-Sec Index,2022-05-23,2557.19
Nifty 50 TRI,2022-05-24,28595.33
Nifty Next 50 TRI,2022-05-24,50795.35
Nifty Midcap 150 TRI,2022-05-24,12257.25
Nifty Smallcap 250 TRI,2022-05-24,9216.36
Nifty 500 TRI,2022-05-24,23074.45
Nifty G-Sec Index,2022-05-24,2559.57
Nifty 50 TRI,2022-05-25,28621.02
Nifty Next 50 TRI,2022-05-25,50772.63
Nifty Midcap 150 TRI,2022-05-25,12082.11
Nifty Smallcap 250 TRI,2022-05-25,9178.5
Nifty 500 TRI,2022-05-25,23324.04
Nifty G-Sec Index,2022-05-25,2556.25
Nifty 50 TRI,2022-05-26,28608.79
Nifty Next 50 TRI,2022-05-26,51392.4
Nifty Midcap 150 TRI,2022-05-26,12073.88
Nifty Smallcap 250 TRI,2022-05-26,8927.9
Nifty 500 TRI,2022-05-26,23411.55
Nifty G-Sec Index,2022-05-26,2569.18
Nifty 50 TRI,2022-05-27,28816.06
Nifty Next 50 TRI,2022-05-27,52156.1
Nifty Midcap 150 TRI,2022-05-27,12391.6
Nifty Smallcap 250 TRI,2022-05-27,9003.52
Nifty 500 TRI,2022-05-27,23173.53
Nifty G-Sec Index,2022-05-27,2572.55
Nifty 50 TRI,2022-05-30,28453.57
Nifty Next 50 TRI,2022-05-30,52449.79
Nifty Midcap 150 TRI,2022-05-30,12332.51
Nifty Smallcap 250 TRI,2022-05-30,9381.32
Nifty 500 TRI,2022-05-30,22930.38
Nifty G-Sec Index,2022-05-30,2571.54
Nifty 50 TRI,2022-05-31,28506.76
Nifty Next 50 TRI,2022-05-31,52035.81
Nifty Midcap 150 TRI,2022-05-31,12686.6
Nifty Smallcap 250 TRI,2022-05-31,9195.9
Nifty 500 TRI,2022-05-31,22881.79
Nifty G-Sec Index,2022-05-31,2569.78
Nifty 50 TRI,2022-06-01,28580.63
Nifty Next 50 TRI,2022-06-01,52591.73
Nifty Midcap 150 TRI,2022-06-01,12486.22
Nifty Smallcap 250 TRI,2022-06-01,9265.43
Nifty 500 TRI,2022-06-01,22369.28
Nifty G-Sec Index,2022-06-01,2562.19
Nifty 50 TRI,2022-06-02,28626.53
Nifty Next 50 TRI,2022-06-02,50912.23
Nifty Midcap 150 TRI,2022-06-02,12518.43
Nifty Smallcap 250 TRI,2022-06-02,9012.59
Nifty 500 TRI,2022-06-02,22149.59
Nifty G-Sec Index,2022-06-02,2552.62
Nifty 50 TRI,2022-06-03,28431.24
Nifty Next 50 TRI,2022-06-03,50216.52
Nifty Midcap 150 TRI,2022-06-03,12531.83
Nifty Smallcap 250 TRI,2022-06-03,8974.8
Nifty 500 TRI,2022-06-03,22122.57
Nifty G-Sec Index,2022-06-03,2568.42
Nifty 50 TRI,2022-06-06,28554.73
Nifty Next 50 TRI,2022-06-06,49103.3
Nifty Midcap 150 TRI,2022-06-06,12613.34
Nifty Smallcap 250 TRI,2022-06-06,8948.55
Nifty 500 TRI,2022-06-06,21898.45
Nifty G-Sec Index,2022-06-06,2569.22
Nifty 50 TRI,2022-06-07,28590.11
Nifty Next 50 TRI,2022-06-07,49352.21
Nifty Midcap 150 TRI,2022-06-07,12418.97
Nifty Smallcap 250 TRI,2022-06-07,8695.83
Nifty 500 TRI,2022-06-07,21736.89
Nifty G-Sec Index,2022-06-07,2571.73
Nifty 50 TRI,2022-06-08,28575.28
Nifty Next 50 TRI,2022-06-08,48104.01
Nifty Midcap 150 TRI,2022-06-08,12893.88
Nifty Smallcap 250 TRI,2022-06-08,8829.69
Nifty 500 TRI,2022-06-08,21479.65
Nifty G-Sec Index,2022-06-08,2565.06
Nifty 50 TRI,2022-06-09,28864.12
Nifty Next 50 TRI,2022-06-09,49216.44
Nifty Midcap 150 TRI,2022-06-09,12850.69
Nifty Smallcap 250 TRI,2022-06-09,8848.87
Nifty 500 TRI,2022-06-09,21459.89
Nifty G-Sec Index,2022-06-09,2560.18
Nifty 50 TRI,2022-06-10,29239.21
Nifty Next 50 TRI,2022-06-10,47703.21
Nifty Midcap 150 TRI,2022-06-10,13126.83
Nifty Smallcap 250 TRI,2022-06-10,8826.99
Nifty 500 TRI,2022-06-10,21159.27
Nifty G-Sec Index,2022-06-10,2562.09
Nifty 50 TRI,2022-06-13,29195.27
Nifty Next 50 TRI,2022-06-13,47067.08
Nifty Midcap 150 TRI,2022-06-13,12948.16
Nifty Smallcap 250 TRI,2022-06-13,8899.49
Nifty 500 TRI,2022-06-13,20860.18
Nifty G-Sec Index,2022-06-13,2563.16
Nifty 50 TRI,2022-06-15,29891.57
Nifty Next 50 TRI,2022-06-15,47187.35
Nifty Midcap 150 TRI,2022-06-15,12898.58
Nifty Smallcap 250 TRI,2022-06-15,8773.65
Nifty 500 TRI,2022-06-15,21008.71
Nifty G-Sec Index,2022-06-15,2578.64
Nifty 50 TRI,2022-06-16,29534.32
Nifty Next 50 TRI,2022-06-16,47241.95
Nifty Midcap 150 TRI,2022-06-16,12856.1
Nifty Smallcap 250 TRI,2022-06-16,8584.32
Nifty 500 TRI,2022-06-16,20658.45
Nifty G-Sec Index,2022-06-16,2591.89
Nifty 50 TRI,2022-06-17,29664.14
Nifty Next 50 TRI,2022-06-17,46609.03
Nifty Midcap 150 TRI,2022-06-17,13091.19
Nifty Smallcap 250 TRI,2022-06-17,8573.8
Nifty 500 TRI,2022-06-17,20753.54
Nifty G-Sec Index,2022-06-17,2587.5
Nifty 50 TRI,2022-06-20,29675.16
Nifty Next 50 TRI,2022-06-20,46427.81
Nifty Midcap 150 TRI,2022-06-20,13045.67
Nifty Smallcap 250 TRI,2022-06-20,8664.46
Nifty 500 TRI,2022-06-20,20594.64
Nifty G-Sec Index,2022-06-20,2592.92
Nifty 50 TRI,2022-06-21,30154.96
Nifty Next 50 TRI,2022-06-21,47084.34
Nifty Midcap 150 TRI,2022-06-21,12901.87
Nifty Smallcap 250 TRI,2022-06-21,8591.96
Nifty 500 TRI,2022-06-21,20672.8
Nifty G-Sec Index,2022-06-21,2603.43
Nifty 50 TRI,2022-06-22,29475.24
Nifty Next 50 TRI,2022-06-22,46107.13
Nifty Midcap 150 TRI,2022-06-22,13131.95
Nifty Smallcap 250 TRI,2022-06-22,8662.19
Nifty 500 TRI,2022-06-22,20304.5
Nifty G-Sec Index,2022-06-22,2600.93
Nifty 50 TRI,2022-06-23,29704.87
Nifty Next 50 TRI,2022-06-23,45537.27
Nifty Midcap 150 TRI,2022-06-23,13486.88
Nifty Smallcap 250 TRI,2022-06-23,8619.36
Nifty 500 TRI,2022-06-23,20524.2
Nifty G-Sec Index,2022-06-23,2594.39
Nifty 50 TRI,2022-06-24,30149.06
Nifty Next 50 TRI,2022-06-24,45390.89
Nifty Midcap 150 TRI,2022-06-24,13331.91
Nifty Smallcap 250 TRI,2022-06-24,8490.84
Nifty 500 TRI,2022-06-24,20545.03
Nifty G-Sec Index,2022-06-24,2605.49
Nifty 50 TRI,2022-06-27,30233.65
Nifty Next 50 TRI,2022-06-27,45290.59
Nifty Midcap 150 TRI,2022-06-27,13444.78
Nifty Smallcap 250 TRI,2022-06-27,8543.64
Nifty 500 TRI,2022-06-27,20831.07
Nifty G-Sec Index,2022-06-27,2609.1
Nifty 50 TRI,2022-06-28,30165.96
Nifty Next 50 TRI,2022-06-28,44597.37
Nifty Midcap 150 TRI,2022-06-28,13496.41
Nifty Smallcap 250 TRI,2022-06-28,8609.87
Nifty 500 TRI,2022-06-28,20377.85
Nifty G-Sec Index,2022-06-28,2599.91
Nifty 50 TRI,2022-06-29,30101.45
Nifty Next 50 TRI,2022-06-29,44434.41
Nifty Midcap 150 TRI,2022-06-29,13118.47
Nifty Smallcap 250 TRI,2022-06-29,8875.12
Nifty 500 TRI,2022-06-29,20227.5
Nifty G-Sec Index,2022-06-29,2604.42
Nifty 50 TRI,2022-06-30,30677.95
Nifty Next 50 TRI,2022-06-30,44690.0
Nifty Midcap 150 TRI,2022-06-30,13175.65
Nifty Smallcap 250 TRI,2022-06-30,8798.81
Nifty 500 TRI,2022-06-30,20294.25
Nifty G-Sec Index,2022-06-30,2598.22
Nifty 50 TRI,2022-07-01,30419.51
Nifty Next 50 TRI,2022-07-01,45578.73
Nifty Midcap 150 TRI,2022-07-01,13437.81
Nifty Smallcap 250 TRI,2022-07-01,9064.4
Nifty 500 TRI,2022-07-01,20241.06
Nifty G-Sec Index,2022-07-01,2600.02
Nifty 50 TRI,2022-07-06,29340.42
Nifty Next 50 TRI,2022-07-06,45395.12
Nifty Midcap 150 TRI,2022-07-06,13486.83
Nifty Smallcap 250 TRI,2022-07-06,8862.14
Nifty 500 TRI,2022-07-06,20025.39
Nifty G-Sec Index,2022-07-06,2590.51
Nifty 50 TRI,2022-07-07,29089.3
Nifty Next 50 TRI,2022-07-07,45567.48
Nifty Midcap 150 TRI,2022-07-07,13568.72
Nifty Smallcap 250 TRI,2022-07-07,8686.76
Nifty 500 TRI,2022-07-07,19976.95
Nifty G-Sec Index,2022-07-07,2597.87
Nifty 50 TRI,2022-07-08,28609.73
Nifty Next 50 TRI,2022-07-08,45886.89
Nifty Midcap 150 TRI,2022-07-08,13509.24
Nifty Smallcap 250 TRI,2022-07-08,8511.35
Nifty 500 TRI,2022-07-08,19830.97
Nifty G-Sec Index,2022-07-08,2600.32
Nifty 50 TRI,2022-07-11,28183.23
Nifty Next 50 TRI,2022-07-11,45287.29
Nifty Midcap 150 TRI,2022-07-11,13776.19
Nifty Smallcap 250 TRI,2022-07-11,8433.43
Nifty 500 TRI,2022-07-11,20015.13
Nifty G-Sec Index,2022-07-11,2601.35
Nifty 50 TRI,2022-07-12,27546.55
Nifty Next 50 TRI,2022-07-12,45667.85
Nifty Midcap 150 TRI,2022-07-12,13454.37
Nifty Smallcap 250 TRI,2022-07-12,8543.33
Nifty 500 TRI,2022-07-12,20060.05
Nifty G-Sec Index,2022-07-12,2608.52
Nifty 50 TRI,2022-07-13,27504.17
Nifty Next 50 TRI,2022-07-13,45052.45
Nifty Midcap 150 TRI,2022-07-13,13770.31
Nifty Smallcap 250 TRI,2022-07-13,8772.07
Nifty 500 TRI,2022-07-13,20078.69
Nifty G-Sec Index,2022-07-13,2617.79
Nifty 50 TRI,2022-07-14,28275.46
Nifty Next 50 TRI,2022-07-14,44580.86
Nifty Midcap 150 TRI,2022-07-14,13872.99
Nifty Smallcap 250 TRI,2022-07-14,8733.52
Nifty 500 TRI,2022-07-14,20364.29
Nifty G-Sec Index,2022-07-14,2628.2
Nifty 50 TRI,2022-07-15,28575.4
Nifty Next 50 TRI,2022-07-15,44217.46
Nifty Midcap 150 TRI,2022-07-15,14363.83
Nifty Smallcap 250 TRI,2022-07-15,8591.53
Nifty 500 TRI,2022-07-15,20802.57
Nifty G-Sec Index,2022-07-15,2630.85
Nifty 50 TRI,2022-07-18,28429.2
Nifty Next 50 TRI,2022-07-18,44127.2
Nifty Midcap 150 TRI,2022-07-18,14146.69
Nifty Smallcap 250 TRI,2022-07-18,8586.91
Nifty 500 TRI,2022-07-18,20735.51
Nifty G-Sec Index,2022-07-18,2623.82
Nifty 50 TRI,2022-07-19,28015.67
Nifty Next 50 TRI,2022-07-19,44810.85
Nifty Midcap 150 TRI,2022-07-19,13926.74
Nifty Smallcap 250 TRI,2022-07-19,8764.3
Nifty 500 TRI,2022-07-19,20222.32
Nifty G-Sec Index,2022-07-19,2625.79
Nifty 50 TRI,2022-07-20,28021.04
Nifty Next 50 TRI,2022-07-20,44384.8
Nifty Midcap 150 TRI,2022-07-20,14078.64
Nifty Smallcap 250 TRI,2022-07-20,8635.72
Nifty 500 TRI,2022-07-20,20046.62
Nifty G-Sec Index,2022-07-20,2627.62
Nifty 50 TRI,2022-07-21,27902.27
Nifty Next 50 TRI,2022-07-21,44755.6
Nifty Midcap 150 TRI,2022-07-21,14043.02
Nifty Smallcap 250 TRI,2022-07-21,8537.3
Nifty 500 TRI,2022-07-21,19571.19
Nifty G-Sec Index,2022-07-21,2624.02
Nifty 50 TRI,2022-07-22,27604.06
Nifty Next 50 TRI,2022-07-22,45165.88
Nifty Midcap 150 TRI,2022-07-22,13775.13
Nifty Smallcap 250 TRI,2022-07-22,8544.19
Nifty 500 TRI,2022-07-22,19862.86
Nifty G-Sec Index,2022-07-22,2615.45
Nifty 50 TRI,2022-07-25,28089.87
Nifty Next 50 TRI,2022-07-25,45840.31
Nifty Midcap 150 TRI,2022-07-25,13638.53
Nifty Smallcap 250 TRI,2022-07-25,8350.32
Nifty 500 TRI,2022-07-25,19709.33
Nifty G-Sec Index,2022-07-25,2618.76
Nifty 50 TRI,2022-07-26,28218.97
Nifty Next 50 TRI,2022-07-26,46643.38
Nifty Midcap 150 TRI,2022-07-26,13598.59
Nifty Smallcap 250 TRI,2022-07-26,8110.77
Nifty 500 TRI,2022-07-26,19498.84
Nifty G-Sec Index,2022-07-26,2618.41
Nifty 50 TRI,2022-07-27,28565.53
Nifty Next 50 TRI,2022-07-27,46326.54
Nifty Midcap 150 TRI,2022-07-27,13893.73
Nifty Smallcap 250 TRI,2022-07-27,7989.43
Nifty 500 TRI,2022-07-27,19880.53
Nifty G-Sec Index,2022-07-27,2614.21
Nifty 50 TRI,2022-07-29,28433.55
Nifty Next 50 TRI,2022-07-29,45257.62
Nifty Midcap 150 TRI,2022-07-29,14089.16
Nifty Smallcap 250 TRI,2022-07-29,7845.17
Nifty 500 TRI,2022-07-29,20251.16
Nifty G-Sec Index,2022-07-29,2633.54
Nifty 50 TRI,2022-08-01,28614.68
Nifty Next 50 TRI,2022-08-01,46105.47
Nifty Midcap 150 TRI,2022-08-01,14194.29
Nifty Smallcap 250 TRI,2022-08-01,8102.65
Nifty 500 TRI,2022-08-01,20434.31
Nifty G-Sec Index,2022-08-01,2636.94
Nifty 50 TRI,2022-08-02,28676.42
Nifty Next 50 TRI,2022-08-02,46832.14
Nifty Midcap 150 TRI,2022-08-02,14168.44
Nifty Smallcap 250 TRI,2022-08-02,7983.86
Nifty 500 TRI,2022-08-02,20364.07
Nifty G-Sec Index,2022-08-02,2635.79
Nifty 50 TRI,2022-08-03,28876.75
Nifty Next 50 TRI,2022-08-03,46557.97
Nifty Midcap 150 TRI,2022-08-03,14207.97
Nifty Smallcap 250 TRI,2022-08-03,8176.63
Nifty 500 TRI,2022-08-03,20243.59
Nifty G-Sec Index,2022-08-03,2629.32
Nifty 50 TRI,2022-08-04,28440.47
Nifty Next 50 TRI,2022-08-04,46137.77
Nifty Midcap 150 TRI,2022-08-04,14408.15
Nifty Smallcap 250 TRI,2022-08-04,8128.13
Nifty 500 TRI,2022-08-04,20200.58
Nifty G-Sec Index,2022-08-04,2629.04
Nifty 50 TRI,2022-08-05,28365.73
Nifty Next 50 TRI,2022-08-05,46064.23
Nifty Midcap 150 TRI,2022-08-05,14092.64
Nifty Smallcap 250 TRI,2022-08-05,8231.04
Nifty 500 TRI,2022-08-05,20230.02
Nifty G-Sec Index,2022-08-05,2626.22
Nifty 50 TRI,2022-08-08,28103.18
Nifty Next 50 TRI,2022-08-08,45909.58
Nifty Midcap 150 TRI,2022-08-08,14083.06
Nifty Smallcap 250 TRI,2022-08-08,8096.66
Nifty 500 TRI,2022-08-08,20397.66
Nifty G-Sec Index,2022-08-08,2632.93
Nifty 50 TRI,2022-08-09,28257.11
Nifty Next 50 TRI,2022-08-09,45649.29
Nifty Midcap 150 TRI,2022-08-09,14111.04
Nifty Smallcap 250 TRI,2022-08-09,8234.52
Nifty 500 TRI,2022-08-09,20523.46
Nifty G-Sec Index,2022-08-09,2622.84
Nifty 50 TRI,2022-08-10,28262.59
Nifty Next 50 TRI,2022-08-10,45950.48
Nifty Midcap 150 TRI,2022-08-10,14209.39
Nifty Smallcap 250 TRI,2022-08-10,8215.94
Nifty 500 TRI,2022-08-10,20346.4
Nifty G-Sec Index,2022-08-10,2630.65
Nifty 50 TRI,2022-08-11,27937.17
Nifty Next 50 TRI,2022-08-11,45797.48
Nifty Midcap 150 TRI,2022-08-11,14199.96
Nifty Smallcap 250 TRI,2022-08-11,8126.47
Nifty 500 TRI,2022-08-11,20113.66
Nifty G-Sec Index,2022-08-11,2636.07
Nifty 50 TRI,2022-08-12,27699.77
Nifty Next 50 TRI,2022-08-12,46389.57
Nifty Midcap 150 TRI,2022-08-12,14243.89
Nifty Smallcap 250 TRI,2022-08-12,8590.01
Nifty 500 TRI,2022-08-12,20236.64
Nifty G-Sec Index,2022-08-12,2636.51
Nifty 50 TRI,2022-08-15,27739.22
Nifty Next 50 TRI,2022-08-15,46296.94
Nifty Midcap 150 TRI,2022-08-15,14391.22
Nifty Smallcap 250 TRI,2022-08-15,8465.52
Nifty 500 TRI,2022-08-15,20274.19
Nifty G-Sec Index,2022-08-15,2633.1
Nifty 50 TRI,2022-08-16,27473.33
Nifty Next 50 TRI,2022-08-16,46537.04
Nifty Midcap 150 TRI,2022-08-16,14549.33
Nifty Smallcap 250 TRI,2022-08-16,8518.28
Nifty 500 TRI,2022-08-16,20151.28
Nifty G-Sec Index,2022-08-16,2644.26
Nifty 50 TRI,2022-08-17,27186.6
Nifty Next 50 TRI,2022-08-17,46242.29
Nifty Midcap 150 TRI,2022-08-17,14548.53
Nifty Smallcap 250 TRI,2022-08-17,8387.79
Nifty 500 TRI,2022-08-17,20439.72
Nifty G-Sec Index,2022-08-17,2652.96
Nifty 50 TRI,2022-08-18,27419.46
Nifty Next 50 TRI,2022-08-18,45719.31
Nifty Midcap 150 TRI,2022-08-18,14297.15
Nifty Smallcap 250 TRI,2022-08-18,8286.39
Nifty 500 TRI,2022-08-18,20554.32
Nifty G-Sec Index,2022-08-18,2639.59
Nifty 50 TRI,2022-08-19,27348.69
Nifty Next 50 TRI,2022-08-19,45364.65
Nifty Midcap 150 TRI,2022-08-19,14383.72
Nifty Smallcap 250 TRI,2022-08-19,8487.38
Nifty 500 TRI,2022-08-19,20862.85
Nifty G-Sec Index,2022-08-19,2647.02
Nifty 50 TRI,2022-08-22,27049.57
Nifty Next 50 TRI,2022-08-22,46080.2
Nifty Midcap 150 TRI,2022-08-22,14643.47
Nifty Smallcap 250 TRI,2022-08-22,8435.49
Nifty 500 TRI,2022-08-22,21119.68
Nifty G-Sec Index,2022-08-22,2647.66
Nifty 50 TRI,2022-08-23,27209.43
Nifty Next 50 TRI,2022-08-23,45898.44
Nifty Midcap 150 TRI,2022-08-23,14944.54
Nifty Smallcap 250 TRI,2022-08-23,8534.13
Nifty 500 TRI,2022-08-23,20966.64
Nifty G-Sec Index,2022-08-23,2640.63
Nifty 50 TRI,2022-08-24,27129.14
Nifty Next 50 TRI,2022-08-24,46043.29
Nifty Midcap 150 TRI,2022-08-24,14464.54
Nifty Smallcap 250 TRI,2022-08-24,8554.99
Nifty 500 TRI,2022-08-24,21104.14
Nifty G-Sec Index,2022-08-24,2643.5
Nifty 50 TRI,2022-08-25,27444.2
Nifty Next 50 TRI,2022-08-25,46369.34
Nifty Midcap 150 TRI,2022-08-25,14626.43
Nifty Smallcap 250 TRI,2022-08-25,8430.39
Nifty 500 TRI,2022-08-25,21222.69
Nifty G-Sec Index,2022-08-25,2651.9
Nifty 50 TRI,2022-08-29,28153.35
Nifty Next 50 TRI,2022-08-29,46328.66
Nifty Midcap 150 TRI,2022-08-29,14236.58
Nifty Smallcap 250 TRI,2022-08-29,8169.1
Nifty 500 TRI,2022-08-29,20306.87
Nifty G-Sec Index,2022-08-29,2652.11
Nifty 50 TRI,2022-08-30,27834.59
Nifty Next 50 TRI,2022-08-30,46390.75
Nifty Midcap 150 TRI,2022-08-30,14057.25
Nifty Smallcap 250 TRI,2022-08-30,7961.82
Nifty 500 TRI,2022-08-30,20578.45
Nifty G-Sec Index,2022-08-30,2642.21
Nifty 50 TRI,2022-08-31,27766.96
Nifty Next 50 TRI,2022-08-31,46126.71
Nifty Midcap 150 TRI,2022-08-31,14268.32
Nifty Smallcap 250 TRI,2022-08-31,7965.29
Nifty 500 TRI,2022-08-31,20899.09
Nifty G-Sec Index,2022-08-31,2623.43
Nifty 50 TRI,2022-09-01,28234.61
Nifty Next 50 TRI,2022-09-01,46141.8
Nifty Midcap 150 TRI,2022-09-01,14188.59
Nifty Smallcap 250 TRI,2022-09-01,7932.22
Nifty 500 TRI,2022-09-01,21181.78
Nifty G-Sec Index,2022-09-01,2626.47
Nifty 50 TRI,2022-09-02,27790.71
Nifty Next 50 TRI,2022-09-02,45617.56
Nifty Midcap 150 TRI,2022-09-02,14381.1
Nifty Smallcap 250 TRI,2022-09-02,7776.49
Nifty 500 TRI,2022-09-02,21436.65
Nifty G-Sec Index,2022-09-02,2613.86
Nifty 50 TRI,2022-09-05,28147.68
Nifty Next 50 TRI,2022-09-05,46047.29
Nifty Midcap 150 TRI,2022-09-05,14124.26
Nifty Smallcap 250 TRI,2022-09-05,7818.56
Nifty 500 TRI,2022-09-05,21326.06
Nifty G-Sec Index,2022-09-05,2625.36
Nifty 50 TRI,2022-09-06,27946.33
Nifty Next 50 TRI,2022-09-06,46355.19
Nifty Midcap 150 TRI,2022-09-06,14372.38
Nifty Smallcap 250 TRI,2022-09-06,7870.27
Nifty 500 TRI,2022-09-06,21722.66
Nifty G-Sec Index,2022-09-06,2626.32
Nifty 50 TRI,2022-09-07,28017.93
Nifty Next 50 TRI,2022-09-07,46670.61
Nifty Midcap 150 TRI,2022-09-07,14677.98
Nifty Smallcap 250 TRI,2022-09-07,7791.29
Nifty 500 TRI,2022-09-07,21672.11
Nifty G-Sec Index,2022-09-07,2624.95
Nifty 50 TRI,2022-09-08,28178.81
Nifty Next 50 TRI,2022-09-08,47157.32
Nifty Midcap 150 TRI,2022-09-08,14422.2
Nifty Smallcap 250 TRI,2022-09-08,7750.68
Nifty 500 TRI,2022-09-08,21917.08
Nifty G-Sec Index,2022-09-08,2616.8
Nifty 50 TRI,2022-09-09,27754.95
Nifty Next 50 TRI,2022-09-09,45971.98
Nifty Midcap 150 TRI,2022-09-09,14496.8
Nifty Smallcap 250 TRI,2022-09-09,7665.22
Nifty 500 TRI,2022-09-09,21924.51
Nifty G-Sec Index,2022-09-09,2615.73
Nifty 50 TRI,2022-09-12,27582.82
Nifty Next 50 TRI,2022-09-12,45530.07
Nifty Midcap 150 TRI,2022-09-12,14934.04
Nifty Smallcap 250 TRI,2022-09-12,7667.7
Nifty 500 TRI,2022-09-12,21782.51
Nifty G-Sec Index,2022-09-12,2622.12
Nifty 50 TRI,2022-09-13,27599.11
Nifty Next 50 TRI,2022-09-13,46246.19
Nifty Midcap 150 TRI,2022-09-13,14711.14
Nifty Smallcap 250 TRI,2022-09-13,7625.36
Nifty 500 TRI,2022-09-13,22154.63
Nifty G-Sec Index,2022-09-13,2622.3
Nifty 50 TRI,2022-09-14,27687.94
Nifty Next 50 TRI,2022-09-14,45626.52
Nifty Midcap 150 TRI,2022-09-14,14946.89
Nifty Smallcap 250 TRI,2022-09-14,7532.1
Nifty 500 TRI,2022-09-14,22349.22
Nifty G-Sec Index,2022-09-14,2623.62
Nifty 50 TRI,2022-09-15,27928.08
Nifty Next 50 TRI,2022-09-15,45233.32
Nifty Midcap 150 TRI,2022-09-15,15237.6
Nifty Smallcap 250 TRI,2022-09-15,7573.38
Nifty 500 TRI,2022-09-15,22434.79
Nifty G-Sec Index,2022-09-15,2622.59
Nifty 50 TRI,2022-09-16,27969.12
Nifty Next 50 TRI,2022-09-16,45435.89
Nifty Midcap 150 TRI,2022-09-16,14936.3
Nifty Smallcap 250 TRI,2022-09-16,7473.34
Nifty 500 TRI,2022-09-16,22198.52
Nifty G-Sec Index,2022-09-16,2617.22
Nifty 50 TRI,2022-09-19,27700.56
Nifty Next 50 TRI,2022-09-19,46846.45
Nifty Midcap 150 TRI,2022-09-19,14730.39
Nifty Smallcap 250 TRI,2022-09-19,7295.73
Nifty 500 TRI,2022-09-19,22232.53
Nifty G-Sec Index,2022-09-19,2630.39
Nifty 50 TRI,2022-09-20,27626.07
Nifty Next 50 TRI,2022-09-20,47377.79
Nifty Midcap 150 TRI,2022-09-20,14767.29
Nifty Smallcap 250 TRI,2022-09-20,7372.98
Nifty 500 TRI,2022-09-20,22290.79
Nifty G-Sec Index,2022-09-20,2643.34
Nifty 50 TRI,2022-09-21,27711.79
Nifty Next 50 TRI,2022-09-21,47259.4
Nifty Midcap 150 TRI,2022-09-21,14699.96
Nifty Smallcap 250 TRI,2022-09-21,7347.33
Nifty 500 TRI,2022-09-21,22426.59
Nifty G-Sec Index,2022-09-21,2635.14
Nifty 50 TRI,2022-09-22,27872.82
Nifty Next 50 TRI,2022-09-22,48008.46
Nifty Midcap 150 TRI,2022-09-22,14998.44
Nifty Smallcap 250 TRI,2022-09-22,7293.91
Nifty 500 TRI,2022-09-22,22397.47
Nifty G-Sec Index,2022-09-22,2623.17
Nifty 50 TRI,2022-09-23,27979.07
Nifty Next 50 TRI,2022-09-23,48232.6
Nifty Midcap 150 TRI,2022-09-23,15119.26
Nifty Smallcap 250 TRI,2022-09-23,7281.92
Nifty 500 TRI,2022-09-23,22585.02
Nifty G-Sec Index,2022-09-23,2611.0
Nifty 50 TRI,2022-09-26,27552.94
Nifty Next 50 TRI,2022-09-26,48469.78
Nifty Midcap 150 TRI,2022-09-26,15527.55
Nifty Smallcap 250 TRI,2022-09-26,7260.36
Nifty 500 TRI,2022-09-26,22900.64
Nifty G-Sec Index,2022-09-26,2614.51
Nifty 50 TRI,2022-09-27,28043.32
Nifty Next 50 TRI,2022-09-27,49072.66
Nifty Midcap 150 TRI,2022-09-27,15905.13
Nifty Smallcap 250 TRI,2022-09-27,7216.46
Nifty 500 TRI,2022-09-27,23252.02
Nifty G-Sec Index,2022-09-27,2617.27
Nifty 50 TRI,2022-09-28,27782.68
Nifty Next 50 TRI,2022-09-28,49364.73
Nifty Midcap 150 TRI,2022-09-28,15826.13
Nifty Smallcap 250 TRI,2022-09-28,7110.69
Nifty 500 TRI,2022-09-28,23573.22
Nifty G-Sec Index,2022-09-28,2609.0
Nifty 50 TRI,2022-09-29,28189.26
Nifty Next 50 TRI,2022-09-29,47875.36
Nifty Midcap 150 TRI,2022-09-29,15769.69
Nifty Smallcap 250 TRI,2022-09-29,7329.69
Nifty 500 TRI,2022-09-29,23613.52
Nifty G-Sec Index,2022-09-29,2612.73
Nifty 50 TRI,2022-09-30,28001.49
Nifty Next 50 TRI,2022-09-30,48040.0
Nifty Midcap 150 TRI,2022-09-30,15856.84
Nifty Smallcap 250 TRI,2022-09-30,7410.33
Nifty 500 TRI,2022-09-30,23383.15
Nifty G-Sec Index,2022-09-30,2609.15
Nifty 50 TRI,2022-10-03,27829.96
Nifty Next 50 TRI,2022-10-03,47893.0
Nifty Midcap 150 TRI,2022-10-03,15719.31
Nifty Smallcap 250 TRI,2022-10-03,7422.84
Nifty 500 TRI,2022-10-03,23298.38
Nifty G-Sec Index,2022-10-03,2609.22
Nifty 50 TRI,2022-10-04,27545.69
Nifty Next 50 TRI,2022-10-04,47468.76
Nifty Midcap 150 TRI,2022-10-04,15858.27
Nifty Smallcap 250 TRI,2022-10-04,7285.7
Nifty 500 TRI,2022-10-04,23641.05
Nifty G-Sec Index,2022-10-04,2617.23
Nifty 50 TRI,2022-10-05,27730.95
Nifty Next 50 TRI,2022-10-05,47395.88
Nifty Midcap 150 TRI,2022-10-05,15946.11
Nifty Smallcap 250 TRI,2022-10-05,7323.16
Nifty 500 TRI,2022-10-05,23858.02
Nifty G-Sec Index,2022-10-05,2608.51
Nifty 50 TRI,2022-10-06,27002.27
Nifty Next 50 TRI,2022-10-06,47966.42
Nifty Midcap 150 TRI,2022-10-06,15928.15
Nifty Smallcap 250 TRI,2022-10-06,7130.03
Nifty 500 TRI,2022-10-06,23482.54
Nifty G-Sec Index,2022-10-06,2605.63
Nifty 50 TRI,2022-10-07,26963.25
Nifty Next 50 TRI,2022-10-07,47381.7
Nifty Midcap 150 TRI,2022-10-07,16348.53
Nifty Smallcap 250 TRI,2022-10-07,7270.02
Nifty 500 TRI,2022-10-07,23240.36
Nifty G-Sec Index,2022-10-07,2604.85
Nifty 50 TRI,2022-10-10,27326.69
Nifty Next 50 TRI,2022-10-10,47187.08
Nifty Midcap 150 TRI,2022-10-10,16150.88
Nifty Smallcap 250 TRI,2022-10-10,7384.98
Nifty 500 TRI,2022-10-10,23357.75
Nifty G-Sec Index,2022-10-10,2614.08
Nifty 50 TRI,2022-10-11,27293.55
Nifty Next 50 TRI,2022-10-11,47429.88
Nifty Midcap 150 TRI,2022-10-11,16358.59
Nifty Smallcap 250 TRI,2022-10-11,7328.68
Nifty 500 TRI,2022-10-11,23417.5
Nifty G-Sec Index,2022-10-11,2618.76
Nifty 50 TRI,2022-10-12,27637.49
Nifty Next 50 TRI,2022-10-12,47457.53
Nifty Midcap 150 TRI,2022-10-12,16545.18
Nifty Smallcap 250 TRI,2022-10-12,7204.94
Nifty 500 TRI,2022-10-12,23247.2
Nifty G-Sec Index,2022-10-12,2617.74
Nifty 50 TRI,2022-10-13,27637.19
Nifty Next 50 TRI,2022-10-13,46619.92
Nifty Midcap 150 TRI,2022-10-13,16659.14
Nifty Smallcap 250 TRI,2022-10-13,7038.26
Nifty 500 TRI,2022-10-13,22840.07
Nifty G-Sec Index,2022-10-13,2623.82
Nifty 50 TRI,2022-10-14,27697.44
Nifty Next 50 TRI,2022-10-14,46291.64
Nifty Midcap 150 TRI,2022-10-14,16794.24
Nifty Smallcap 250 TRI,2022-10-14,7258.57
Nifty 500 TRI,2022-10-14,22511.22
Nifty G-Sec Index,2022-10-14,2619.7
Nifty 50 TRI,2022-10-17,27919.38
Nifty Next 50 TRI,2022-10-17,45595.39
Nifty Midcap 150 TRI,2022-10-17,17010.17
Nifty Smallcap 250 TRI,2022-10-17,7405.0
Nifty 500 TRI,2022-10-17,22841.74
Nifty G-Sec Index,2022-10-17,2592.15
Nifty 50 TRI,2022-10-18,27652.13
Nifty Next 50 TRI,2022-10-18,45834.01
Nifty Midcap 150 TRI,2022-10-18,16748.12
Nifty Smallcap 250 TRI,2022-10-18,7296.43
Nifty 500 TRI,2022-10-18,22573.97
Nifty G-Sec Index,2022-10-18,2596.32
Nifty 50 TRI,2022-10-19,27826.0
Nifty Next 50 TRI,2022-10-19,45649.91
Nifty Midcap 150 TRI,2022-10-19,16888.06
Nifty Smallcap 250 TRI,2022-10-19,7314.76
Nifty 500 TRI,2022-10-19,22623.89
Nifty G-Sec Index,2022-10-19,2585.44
Nifty 50 TRI,2022-10-20,27693.98
Nifty Next 50 TRI,2022-10-20,46157.46
Nifty Midcap 150 TRI,2022-10-20,16946.03
Nifty Smallcap 250 TRI,2022-10-20,7335.26
Nifty 500 TRI,2022-10-20,22854.95
Nifty G-Sec Index,2022-10-20,2598.95
Nifty 50 TRI,2022-10-21,28127.88
Nifty Next 50 TRI,2022-10-21,45380.0
Nifty Midcap 150 TRI,2022-10-21,16839.25
Nifty Smallcap 250 TRI,2022-10-21,7295.7
Nifty 500 TRI,2022-10-21,22580.93
Nifty G-Sec Index,2022-10-21,2610.83
Nifty 50 TRI,2022-10-24,27622.82
Nifty Next 50 TRI,2022-10-24,45852.56
Nifty Midcap 150 TRI,2022-10-24,16942.28
Nifty Smallcap 250 TRI,2022-10-24,7279.74
Nifty 500 TRI,2022-10-24,22480.72
Nifty G-Sec Index,2022-10-24,2612.44
Nifty 50 TRI,2022-10-25,27056.63
Nifty Next 50 TRI,2022-10-25,45348.46
Nifty Midcap 150 TRI,2022-10-25,16555.54
Nifty Smallcap 250 TRI,2022-10-25,7243.15
Nifty 500 TRI,2022-10-25,22473.77
Nifty G-Sec Index,2022-10-25,2613.63
Nifty 50 TRI,2022-10-26,26961.95
Nifty Next 50 TRI,2022-10-26,45029.46
Nifty Midcap 150 TRI,2022-10-26,16839.4
Nifty Smallcap 250 TRI,2022-10-26,7169.17
Nifty 500 TRI,2022-10-26,22732.99
Nifty G-Sec Index,2022-10-26,2606.0
Nifty 50 TRI,2022-10-27,26893.08
Nifty Next 50 TRI,2022-10-27,44558.32
Nifty Midcap 150 TRI,2022-10-27,16753.48
Nifty Smallcap 250 TRI,2022-10-27,7138.85
Nifty 500 TRI,2022-10-27,22985.5
Nifty G-Sec Index,2022-10-27,2604.03
Nifty 50 TRI,2022-10-28,26576.93
Nifty Next 50 TRI,2022-10-28,44004.36
Nifty Midcap 150 TRI,2022-10-28,16857.8
Nifty Smallcap 250 TRI,2022-10-28,6957.75
Nifty 500 TRI,2022-10-28,23242.61
Nifty G-Sec Index,2022-10-28,2605.39
Nifty 50 TRI,2022-10-31,26941.12
Nifty Next 50 TRI,2022-10-31,44581.86
Nifty Midcap 150 TRI,2022-10-31,17118.22
Nifty Smallcap 250 TRI,2022-10-31,6893.17
Nifty 500 TRI,2022-10-31,23154.12
Nifty G-Sec Index,2022-10-31,2599.99
Nifty 50 TRI,2022-11-01,26794.14
Nifty Next 50 TRI,2022-11-01,43752.93
Nifty Midcap 150 TRI,2022-11-01,17333.58
Nifty Smallcap 250 TRI,2022-11-01,6939.29
Nifty 500 TRI,2022-11-01,23143.49
Nifty G-Sec Index,2022-11-01,2597.18
Nifty 50 TRI,2022-11-02,26946.84
Nifty Next 50 TRI,2022-11-02,43778.07
Nifty Midcap 150 TRI,2022-11-02,16866.6
Nifty Smallcap 250 TRI,2022-11-02,6882.2
Nifty 500 TRI,2022-11-02,23118.84
Nifty G-Sec Index,2022-11-02,2594.63
Nifty 50 TRI,2022-11-03,27319.21
Nifty Next 50 TRI,2022-11-03,43659.52
Nifty Midcap 150 TRI,2022-11-03,16511.89
Nifty Smallcap 250 TRI,2022-11-03,6936.37
Nifty 500 TRI,2022-11-03,22987.82
Nifty G-Sec Index,2022-11-03,2586.44
Nifty 50 TRI,2022-11-04,27347.48
Nifty Next 50 TRI,2022-11-04,44316.27
Nifty Midcap 150 TRI,2022-11-04,16662.57
Nifty Smallcap 250 TRI,2022-11-04,6895.19
Nifty 500 TRI,2022-11-04,22631.95
Nifty G-Sec Index,2022-11-04,2589.82
Nifty 50 TRI,2022-11-07,27764.9
Nifty Next 50 TRI,2022-11-07,44288.72
Nifty Midcap 150 TRI,2022-11-07,16568.98
Nifty Smallcap 250 TRI,2022-11-07,6547.42
Nifty 500 TRI,2022-11-07,23090.28
Nifty G-Sec Index,2022-11-07,2591.91
Nifty 50 TRI,2022-11-08,27581.05
Nifty Next 50 TRI,2022-11-08,44087.26
Nifty Midcap 150 TRI,2022-11-08,16897.66
Nifty Smallcap 250 TRI,2022-11-08,6540.04
Nifty 500 TRI,2022-11-08,23215.34
Nifty G-Sec Index,2022-11-08,2591.05
Nifty 50 TRI,2022-11-09,27496.75
Nifty Next 50 TRI,2022-11-09,43895.51
Nifty Midcap 150 TRI,2022-11-09,16873.43
Nifty Smallcap 250 TRI,2022-11-09,6605.14
Nifty 500 TRI,2022-11-09,23557.41
Nifty G-Sec Index,2022-11-09,2596.21
Nifty 50 TRI,2022-11-10,27799.84
Nifty Next 50 TRI,2022-11-10,45215.33
Nifty Midcap 150 TRI,2022-11-10,16749.33
Nifty Smallcap 250 TRI,2022-11-10,6560.87
Nifty 500 TRI,2022-11-10,23221.23
Nifty G-Sec Index,2022-11-10,2609.28
Nifty 50 TRI,2022-11-11,28092.07
Nifty Next 50 TRI,2022-11-11,44192.53
Nifty Midcap 150 TRI,2022-11-11,16964.15
Nifty Smallcap 250 TRI,2022-11-11,6370.8
Nifty 500 TRI,2022-11-11,22779.56
Nifty G-Sec Index,2022-11-11,2609.16
Nifty 50 TRI,2022-11-14,27447.15
Nifty Next 50 TRI,2022-11-14,44398.34
Nifty Midcap 150 TRI,2022-11-14,17372.42
Nifty Smallcap 250 TRI,2022-11-14,6224.21
Nifty 500 TRI,2022-11-14,22629.72
Nifty G-Sec Index,2022-11-14,2619.74
Nifty 50 TRI,2022-11-15,27269.27
Nifty Next 50 TRI,2022-11-15,43262.57
Nifty Midcap 150 TRI,2022-11-15,16896.93
Nifty Smallcap 250 TRI,2022-11-15,6133.31
Nifty 500 TRI,2022-11-15,22449.92
Nifty G-Sec Index,2022-11-15,2616.45
Nifty 50 TRI,2022-11-16,26877.33
Nifty Next 50 TRI,2022-11-16,43168.02
Nifty Midcap 150 TRI,2022-11-16,16858.06
Nifty Smallcap 250 TRI,2022-11-16,6171.13
Nifty 500 TRI,2022-11-16,22575.24
Nifty G-Sec Index,2022-11-16,2624.72
Nifty 50 TRI,2022-11-18,26810.71
Nifty Next 50 TRI,2022-11-18,43496.55
Nifty Midcap 150 TRI,2022-11-18,17340.65
Nifty Smallcap 250 TRI,2022-11-18,5894.99
Nifty 500 TRI,2022-11-18,22616.04
Nifty G-Sec Index,2022-11-18,2617.47
Nifty 50 TRI,2022-11-21,27084.13
Nifty Next 50 TRI,2022-11-21,42970.43
Nifty Midcap 150 TRI,2022-11-21,17099.01
Nifty Smallcap 250 TRI,2022-11-21,6039.32
Nifty 500 TRI,2022-11-21,22671.67
Nifty G-Sec Index,2022-11-21,2620.07
Nifty 50 TRI,2022-11-22,27857.86
Nifty Next 50 TRI,2022-11-22,43641.41
Nifty Midcap 150 TRI,2022-11-22,17285.57
Nifty Smallcap 250 TRI,2022-11-22,5942.39
Nifty 500 TRI,2022-11-22,22673.41
Nifty G-Sec Index,2022-11-22,2611.12
Nifty 50 TRI,2022-11-23,27849.72
Nifty Next 50 TRI,2022-11-23,43763.55
Nifty Midcap 150 TRI,2022-11-23,16738.73
Nifty Smallcap 250 TRI,2022-11-23,6078.44
Nifty 500 TRI,2022-11-23,23186.74
Nifty G-Sec Index,2022-11-23,2612.34
Nifty 50 TRI,2022-11-24,27626.06
Nifty Next 50 TRI,2022-11-24,43121.94
Nifty Midcap 150 TRI,2022-11-24,16064.78
Nifty Smallcap 250 TRI,2022-11-24,6158.94
Nifty 500 TRI,2022-11-24,22718.41
Nifty G-Sec Index,2022-11-24,2614.43
Nifty 50 TRI,2022-11-25,27304.75
Nifty Next 50 TRI,2022-11-25,43701.19
Nifty Midcap 150 TRI,2022-11-25,15734.69
Nifty Smallcap 250 TRI,2022-11-25,5982.3
Nifty 500 TRI,2022-11-25,23178.16
Nifty G-Sec Index,2022-11-25,2616.48
Nifty 50 TRI,2022-11-28,27821.46
Nifty Next 50 TRI,2022-11-28,43957.75
Nifty Midcap 150 TRI,2022-11-28,16300.66
Nifty Smallcap 250 TRI,2022-11-28,6088.75
Nifty 500 TRI,2022-11-28,23518.3
Nifty G-Sec Index,2022-11-28,2631.39
Nifty 50 TRI,2022-11-29,28093.53
Nifty Next 50 TRI,2022-11-29,45656.65
Nifty Midcap 150 TRI,2022-11-29,15727.54
Nifty Smallcap 250 TRI,2022-11-29,6128.16
Nifty 500 TRI,2022-11-29,23707.29
Nifty G-Sec Index,2022-11-29,2630.92
Nifty 50 TRI,2022-11-30,27531.33
Nifty Next 50 TRI,2022-11-30,45542.02
Nifty Midcap 150 TRI,2022-11-30,15996.25
Nifty Smallcap 250 TRI,2022-11-30,6509.68
Nifty 500 TRI,2022-11-30,23866.66
Nifty G-Sec Index,2022-11-30,2628.75
Nifty 50 TRI,2022-12-01,27371.94
Nifty Next 50 TRI,2022-12-01,45290.62
Nifty Midcap 150 TRI,2022-12-01,15854.48
Nifty Smallcap 250 TRI,2022-12-01,6574.98
Nifty 500 TRI,2022-12-01,23865.71
Nifty G-Sec Index,2022-12-01,2633.95
Nifty 50 TRI,2022-12-02,27603.74
Nifty Next 50 TRI,2022-12-02,45094.46
Nifty Midcap 150 TRI,2022-12-02,15713.28
Nifty Smallcap 250 TRI,2022-12-02,6685.94
Nifty 500 TRI,2022-12-02,23911.06
Nifty G-Sec Index,2022-12-02,2638.67
Nifty 50 TRI,2022-12-06,28042.84
Nifty Next 50 TRI,2022-12-06,44719.07
Nifty Midcap 150 TRI,2022-12-06,16144.77
Nifty Smallcap 250 TRI,2022-12-06,6850.46
Nifty 500 TRI,2022-12-06,24159.2
Nifty G-Sec Index,2022-12-06,2647.12
Nifty 50 TRI,2022-12-08,27693.11
Nifty Next 50 TRI,2022-12-08,42817.01
Nifty Midcap 150 TRI,2022-12-08,16171.48
Nifty Smallcap 250 TRI,2022-12-08,7029.96
Nifty 500 TRI,2022-12-08,24331.25
Nifty G-Sec Index,2022-12-08,2637.44
Nifty 50 TRI,2022-12-09,28202.83
Nifty Next 50 TRI,2022-12-09,43125.62
Nifty Midcap 150 TRI,2022-12-09,16132.45
Nifty Smallcap 250 TRI,2022-12-09,6988.49
Nifty 500 TRI,2022-12-09,24276.17
Nifty G-Sec Index,2022-12-09,2649.12
Nifty 50 TRI,2022-12-12,27918.27
Nifty Next 50 TRI,2022-12-12,43639.81
Nifty Midcap 150 TRI,2022-12-12,16059.16
Nifty Smallcap 250 TRI,2022-12-12,7133.04
Nifty 500 TRI,2022-12-12,24180.04
Nifty G-Sec Index,2022-12-12,2660.12
Nifty 50 TRI,2022-12-13,27832.06
Nifty Next 50 TRI,2022-12-13,43093.6
Nifty Midcap 150 TRI,2022-12-13,15586.18
Nifty Smallcap 250 TRI,2022-12-13,7212.32
Nifty 500 TRI,2022-12-13,24241.86
Nifty G-Sec Index,2022-12-13,2650.41
Nifty 50 TRI,2022-12-14,27856.6
Nifty Next 50 TRI,2022-12-14,44256.79
Nifty Midcap 150 TRI,2022-12-14,15765.22
Nifty Smallcap 250 TRI,2022-12-14,7375.65
Nifty 500 TRI,2022-12-14,24575.93
Nifty G-Sec Index,2022-12-14,2650.21
Nifty 50 TRI,2022-12-15,28259.97
Nifty Next 50 TRI,2022-12-15,43415.8
Nifty Midcap 150 TRI,2022-12-15,16032.44
Nifty Smallcap 250 TRI,2022-12-15,7416.94
Nifty 500 TRI,2022-12-15,24584.95
Nifty G-Sec Index,2022-12-15,2649.4
Nifty 50 TRI,2022-12-16,28252.18
Nifty Next 50 TRI,2022-12-16,45084.52
Nifty Midcap 150 TRI,2022-12-16,15898.05
Nifty Smallcap 250 TRI,2022-12-16,7509.64
Nifty 500 TRI,2022-12-16,25049.9
Nifty G-Sec Index,2022-12-16,2650.79
Nifty 50 TRI,2022-12-19,28348.57
Nifty Next 50 TRI,2022-12-19,44674.02
Nifty Midcap 150 TRI,2022-12-19,15779.18
Nifty Smallcap 250 TRI,2022-12-19,7651.82
Nifty 500 TRI,2022-12-19,25161.63
Nifty G-Sec Index,2022-12-19,2656.21
Nifty 50 TRI,2022-12-20,28360.95
Nifty Next 50 TRI,2022-12-20,44316.84
Nifty Midcap 150 TRI,2022-12-20,15688.1
Nifty Smallcap 250 TRI,2022-12-20,7637.47
Nifty 500 TRI,2022-12-20,25579.18
Nifty G-Sec Index,2022-12-20,2667.74
Nifty 50 TRI,2022-12-21,28883.56
Nifty Next 50 TRI,2022-12-21,44196.29
Nifty Midcap 150 TRI,2022-12-21,15651.56
Nifty Smallcap 250 TRI,2022-12-21,7740.01
Nifty 500 TRI,2022-12-21,25126.54
Nifty G-Sec Index,2022-12-21,2669.29
Nifty 50 TRI,2022-12-22,28866.11
Nifty Next 50 TRI,2022-12-22,45138.45
Nifty Midcap 150 TRI,2022-12-22,15540.22
Nifty Smallcap 250 TRI,2022-12-22,7781.72
Nifty 500 TRI,2022-12-22,25218.51
Nifty G-Sec Index,2022-12-22,2673.18
Nifty 50 TRI,2022-12-23,29202.01
Nifty Next 50 TRI,2022-12-23,45447.96
Nifty Midcap 150 TRI,2022-12-23,15429.7
Nifty Smallcap 250 TRI,2022-12-23,8006.57
Nifty 500 TRI,2022-12-23,24986.32
Nifty G-Sec Index,2022-12-23,2673.86
Nifty 50 TRI,2022-12-26,29243.56
Nifty Next 50 TRI,2022-12-26,46272.39
Nifty Midcap 150 TRI,2022-12-26,15709.05
Nifty Smallcap 250 TRI,2022-12-26,7737.98
Nifty 500 TRI,2022-12-26,25354.76
Nifty G-Sec Index,2022-12-26,2668.21
Nifty 50 TRI,2022-12-28,29494.43
Nifty Next 50 TRI,2022-12-28,46966.6
Nifty Midcap 150 TRI,2022-12-28,15401.69
Nifty Smallcap 250 TRI,2022-12-28,7949.06
Nifty 500 TRI,2022-12-28,25519.57
Nifty G-Sec Index,2022-12-28,2681.62
Nifty 50 TRI,2022-12-29,29460.57
Nifty Next 50 TRI,2022-12-29,46003.16
Nifty Midcap 150 TRI,2022-12-29,15701.37
Nifty Smallcap 250 TRI,2022-12-29,8066.8
Nifty 500 TRI,2022-12-29,25340.16
Nifty G-Sec Index,2022-12-29,2669.66
Nifty 50 TRI,2022-12-30,29474.9
Nifty Next 50 TRI,2022-12-30,46042.71
Nifty Midcap 150 TRI,2022-12-30,15815.55
Nifty Smallcap 250 TRI,2022-12-30,8185.82
Nifty 500 TRI,2022-12-30,25564.76
Nifty G-Sec Index,2022-12-30,2680.43
Nifty 50 TRI,2023-01-02,29320.49
Nifty Next 50 TRI,2023-01-02,45159.84
Nifty Midcap 150 TRI,2023-01-02,16024.93
Nifty Smallcap 250 TRI,2023-01-02,8084.39
Nifty 500 TRI,2023-01-02,25614.42
Nifty G-Sec Index,2023-01-02,2687.78
Nifty 50 TRI,2023-01-03,28879.21
Nifty Next 50 TRI,2023-01-03,44040.56
Nifty Midcap 150 TRI,2023-01-03,16056.96
Nifty Smallcap 250 TRI,2023-01-03,8150.86
Nifty 500 TRI,2023-01-03,25390.44
Nifty G-Sec Index,2023-01-03,2704.53
Nifty 50 TRI,2023-01-04,28868.58
Nifty Next 50 TRI,2023-01-04,44130.52
Nifty Midcap 150 TRI,2023-01-04,16064.39
Nifty Smallcap 250 TRI,2023-01-04,8380.32
Nifty 500 TRI,2023-01-04,25515.77
Nifty G-Sec Index,2023-01-04,2691.4
Nifty 50 TRI,2023-01-05,28906.46
Nifty Next 50 TRI,2023-01-05,44147.45
Nifty Midcap 150 TRI,2023-01-05,16349.2
Nifty Smallcap 250 TRI,2023-01-05,7989.89
Nifty 500 TRI,2023-01-05,25182.14
Nifty G-Sec Index,2023-01-05,2687.69
Nifty 50 TRI,2023-01-06,28526.2
Nifty Next 50 TRI,2023-01-06,44216.86
Nifty Midcap 150 TRI,2023-01-06,15991.53
Nifty Smallcap 250 TRI,2023-01-06,7924.77
Nifty 500 TRI,2023-01-06,24915.19
Nifty G-Sec Index,2023-01-06,2681.25
Nifty 50 TRI,2023-01-09,28871.17
Nifty Next 50 TRI,2023-01-09,44556.14
Nifty Midcap 150 TRI,2023-01-09,16199.24
Nifty Smallcap 250 TRI,2023-01-09,7879.57
Nifty 500 TRI,2023-01-09,25114.78
Nifty G-Sec Index,2023-01-09,2676.25
Nifty 50 TRI,2023-01-10,29002.39
Nifty Next 50 TRI,2023-01-10,44015.88
Nifty Midcap 150 TRI,2023-01-10,16447.86
Nifty Smallcap 250 TRI,2023-01-10,7938.07
Nifty 500 TRI,2023-01-10,25397.29
Nifty G-Sec Index,2023-01-10,2687.77
Nifty 50 TRI,2023-01-11,28924.75
Nifty Next 50 TRI,2023-01-11,43924.02
Nifty Midcap 150 TRI,2023-01-11,16244.91
Nifty Smallcap 250 TRI,2023-01-11,8080.72
Nifty 500 TRI,2023-01-11,25277.82
Nifty G-Sec Index,2023-01-11,2689.65
Nifty 50 TRI,2023-01-12,28769.2
Nifty Next 50 TRI,2023-01-12,43056.77
Nifty Midcap 150 TRI,2023-01-12,16249.98
Nifty Smallcap 250 TRI,2023-01-12,8398.88
Nifty 500 TRI,2023-01-12,25193.5
Nifty G-Sec Index,2023-01-12,2685.6
Nifty 50 TRI,2023-01-13,28884.93
Nifty Next 50 TRI,2023-01-13,42242.51
Nifty Midcap 150 TRI,2023-01-13,15992.71
Nifty Smallcap 250 TRI,2023-01-13,8391.71
Nifty 500 TRI,2023-01-13,25087.21
Nifty G-Sec Index,2023-01-13,2681.83
Nifty 50 TRI,2023-01-16,28846.01
Nifty Next 50 TRI,2023-01-16,42524.53
Nifty Midcap 150 TRI,2023-01-16,16226.55
Nifty Smallcap 250 TRI,2023-01-16,8473.1
Nifty 500 TRI,2023-01-16,24933.65
Nifty G-Sec Index,2023-01-16,2682.01
Nifty 50 TRI,2023-01-17,29295.19
Nifty Next 50 TRI,2023-01-17,42584.47
Nifty Midcap 150 TRI,2023-01-17,16227.19
Nifty Smallcap 250 TRI,2023-01-17,8329.55
Nifty 500 TRI,2023-01-17,24902.69
Nifty G-Sec Index,2023-01-17,2690.31
Nifty 50 TRI,2023-01-18,29223.47
Nifty Next 50 TRI,2023-01-18,42597.53
Nifty Midcap 150 TRI,2023-01-18,15963.88
Nifty Smallcap 250 TRI,2023-01-18,8175.39
Nifty 500 TRI,2023-01-18,24667.68
Nifty G-Sec Index,2023-01-18,2698.93
Nifty 50 TRI,2023-01-19,28935.46
Nifty Next 50 TRI,2023-01-19,42234.92
Nifty Midcap 150 TRI,2023-01-19,16153.35
Nifty Smallcap 250 TRI,2023-01-19,8320.99
Nifty 500 TRI,2023-01-19,24201.88
Nifty G-Sec Index,2023-01-19,2704.87
Nifty 50 TRI,2023-01-20,29435.95
Nifty Next 50 TRI,2023-01-20,42285.11
Nifty Midcap 150 TRI,2023-01-20,16144.98
Nifty Smallcap 250 TRI,2023-01-20,8593.97
Nifty 500 TRI,2023-01-20,23810.56
Nifty G-Sec Index,2023-01-20,2700.02
Nifty 50 TRI,2023-01-23,29522.82
Nifty Next 50 TRI,2023-01-23,42083.09
Nifty Midcap 150 TRI,2023-01-23,16264.03
Nifty Smallcap 250 TRI,2023-01-23,8351.77
Nifty 500 TRI,2023-01-23,23606.6
Nifty G-Sec Index,2023-01-23,2703.14
Nifty 50 TRI,2023-01-24,29170.04
Nifty Next 50 TRI,2023-01-24,42650.34
Nifty Midcap 150 TRI,2023-01-24,16500.3
Nifty Smallcap 250 TRI,2023-01-24,8685.62
Nifty 500 TRI,2023-01-24,23308.14
Nifty G-Sec Index,2023-01-24,2696.86
Nifty 50 TRI,2023-01-25,29485.43
Nifty Next 50 TRI,2023-01-25,42835.62
Nifty Midcap 150 TRI,2023-01-25,15985.59
Nifty Smallcap 250 TRI,2023-01-25,8485.23
Nifty 500 TRI,2023-01-25,22850.58
Nifty G-Sec Index,2023-01-25,2705.38
Nifty 50 TRI,2023-01-26,29538.75
Nifty Next 50 TRI,2023-01-26,44632.9
Nifty Midcap 150 TRI,2023-01-26,15640.21
Nifty Smallcap 250 TRI,2023-01-26,8431.09
Nifty 500 TRI,2023-01-26,22929.44
Nifty G-Sec Index,2023-01-26,2700.94
Nifty 50 TRI,2023-01-27,29679.16
Nifty Next 50 TRI,2023-01-27,45081.54
Nifty Midcap 150 TRI,2023-01-27,15497.53
Nifty Smallcap 250 TRI,2023-01-27,8571.71
Nifty 500 TRI,2023-01-27,23225.89
Nifty G-Sec Index,2023-01-27,2691.72
Nifty 50 TRI,2023-01-30,29612.03
Nifty Next 50 TRI,2023-01-30,45387.01
Nifty Midcap 150 TRI,2023-01-30,15486.97
Nifty Smallcap 250 TRI,2023-01-30,8793.02
Nifty 500 TRI,2023-01-30,22898.43
Nifty G-Sec Index,2023-01-30,2685.0
Nifty 50 TRI,2023-01-31,29682.93
Nifty Next 50 TRI,2023-01-31,46160.42
Nifty Midcap 150 TRI,2023-01-31,15468.73
Nifty Smallcap 250 TRI,2023-01-31,8828.65
Nifty 500 TRI,2023-01-31,23340.06
Nifty G-Sec Index,2023-01-31,2687.29
Nifty 50 TRI,2023-02-01,30104.06
Nifty Next 50 TRI,2023-02-01,44912.93
Nifty Midcap 150 TRI,2023-02-01,15833.23
Nifty Smallcap 250 TRI,2023-02-01,8780.18
Nifty 500 TRI,2023-02-01,23240.81
Nifty G-Sec Index,2023-02-01,2692.22
Nifty 50 TRI,2023-02-02,30373.6
Nifty Next 50 TRI,2023-02-02,45509.19
Nifty Midcap 150 TRI,2023-02-02,15409.78
Nifty Smallcap 250 TRI,2023-02-02,8792.29
Nifty 500 TRI,2023-02-02,23565.09
Nifty G-Sec Index,2023-02-02,2694.5
Nifty 50 TRI,2023-02-03,30726.47
Nifty Next 50 TRI,2023-02-03,45008.11
Nifty Midcap 150 TRI,2023-02-03,15881.33
Nifty Smallcap 250 TRI,2023-02-03,8914.0
Nifty 500 TRI,2023-02-03,23525.79
Nifty G-Sec Index,2023-02-03,2694.64
Nifty 50 TRI,2023-02-06,30791.19
Nifty Next 50 TRI,2023-02-06,45525.35
Nifty Midcap 150 TRI,2023-02-06,16192.67
Nifty Smallcap 250 TRI,2023-02-06,8996.23
Nifty 500 TRI,2023-02-06,23687.75
Nifty G-Sec Index,2023-02-06,2703.4
Nifty 50 TRI,2023-02-07,31076.66
Nifty Next 50 TRI,2023-02-07,45803.16
Nifty Midcap 150 TRI,2023-02-07,16351.65
Nifty Smallcap 250 TRI,2023-02-07,8932.08
Nifty 500 TRI,2023-02-07,23882.36
Nifty G-Sec Index,2023-02-07,2717.32
Nifty 50 TRI,2023-02-08,30847.48
Nifty Next 50 TRI,2023-02-08,45826.51
Nifty Midcap 150 TRI,2023-02-08,16227.03
Nifty Smallcap 250 TRI,2023-02-08,8770.57
Nifty 500 TRI,2023-02-08,23417.65
Nifty G-Sec Index,2023-02-08,2709.48
Nifty 50 TRI,2023-02-09,31045.63
Nifty Next 50 TRI,2023-02-09,45505.34
Nifty Midcap 150 TRI,2023-02-09,15921.78
Nifty Smallcap 250 TRI,2023-02-09,8657.9
Nifty 500 TRI,2023-02-09,22494.33
Nifty G-Sec Index,2023-02-09,2700.52
Nifty 50 TRI,2023-02-10,31190.39
Nifty Next 50 TRI,2023-02-10,46263.38
Nifty Midcap 150 TRI,2023-02-10,16156.3
Nifty Smallcap 250 TRI,2023-02-10,8650.62
Nifty 500 TRI,2023-02-10,22300.42
Nifty G-Sec Index,2023-02-10,2710.35
Nifty 50 TRI,2023-02-13,30652.21
Nifty Next 50 TRI,2023-02-13,46438.57
Nifty Midcap 150 TRI,2023-02-13,16104.24
Nifty Smallcap 250 TRI,2023-02-13,8544.68
Nifty 500 TRI,2023-02-13,21986.04
Nifty G-Sec Index,2023-02-13,2710.4
Nifty 50 TRI,2023-02-14,30389.27
Nifty Next 50 TRI,2023-02-14,46795.17
Nifty Midcap 150 TRI,2023-02-14,15683.52
Nifty Smallcap 250 TRI,2023-02-14,8574.46
Nifty 500 TRI,2023-02-14,22367.84
Nifty G-Sec Index,2023-02-14,2709.64
Nifty 50 TRI,2023-02-15,30835.79
Nifty Next 50 TRI,2023-02-15,47221.55
Nifty Midcap 150 TRI,2023-02-15,15774.87
Nifty Smallcap 250 TRI,2023-02-15,8700.93
Nifty 500 TRI,2023-02-15,22740.51
Nifty G-Sec Index,2023-02-15,2705.35
Nifty 50 TRI,2023-02-16,30904.12
Nifty Next 50 TRI,2023-02-16,47385.48
Nifty Midcap 150 TRI,2023-02-16,15725.67
Nifty Smallcap 250 TRI,2023-02-16,8779.55
Nifty 500 TRI,2023-02-16,22918.37
Nifty G-Sec Index,2023-02-16,2711.98
Nifty 50 TRI,2023-02-17,30603.76
Nifty Next 50 TRI,2023-02-17,47627.37
Nifty Midcap 150 TRI,2023-02-17,15789.58
Nifty Smallcap 250 TRI,2023-02-17,8600.95
Nifty 500 TRI,2023-02-17,23196.87
Nifty G-Sec Index,2023-02-17,2714.71
Nifty 50 TRI,2023-02-20,30529.35
Nifty Next 50 TRI,2023-02-20,47108.63
Nifty Midcap 150 TRI,2023-02-20,15503.98
Nifty Smallcap 250 TRI,2023-02-20,8675.16
Nifty 500 TRI,2023-02-20,23914.25
Nifty G-Sec Index,2023-02-20,2704.86
Nifty 50 TRI,2023-02-21,30604.7
Nifty Next 50 TRI,2023-02-21,46751.74
Nifty Midcap 150 TRI,2023-02-21,15439.05
Nifty Smallcap 250 TRI,2023-02-21,8928.94
Nifty 500 TRI,2023-02-21,23666.76
Nifty G-Sec Index,2023-02-21,2698.23
Nifty 50 TRI,2023-02-22,31039.1
Nifty Next 50 TRI,2023-02-22,46963.62
Nifty Midcap 150 TRI,2023-02-22,15365.0
Nifty Smallcap 250 TRI,2023-02-22,8805.3
Nifty 500 TRI,2023-02-22,23574.1
Nifty G-Sec Index,2023-02-22,2699.83
Nifty 50 TRI,2023-02-23,30808.15
Nifty Next 50 TRI,2023-02-23,47257.62
Nifty Midcap 150 TRI,2023-02-23,14966.31
Nifty Smallcap 250 TRI,2023-02-23,8773.79
Nifty 500 TRI,2023-02-23,23627.06
Nifty G-Sec Index,2023-02-23,2695.41
Nifty 50 TRI,2023-02-24,31389.08
Nifty Next 50 TRI,2023-02-24,46805.13
Nifty Midcap 150 TRI,2023-02-24,14712.09
Nifty Smallcap 250 TRI,2023-02-24,8945.51
Nifty 500 TRI,2023-02-24,23673.95
Nifty G-Sec Index,2023-02-24,2702.63
Nifty 50 TRI,2023-02-27,31297.38
Nifty Next 50 TRI,2023-02-27,46566.87
Nifty Midcap 150 TRI,2023-02-27,14682.88
Nifty Smallcap 250 TRI,2023-02-27,9045.92
Nifty 500 TRI,2023-02-27,23512.98
Nifty G-Sec Index,2023-02-27,2715.04
Nifty 50 TRI,2023-02-28,31569.94
Nifty Next 50 TRI,2023-02-28,47273.08
Nifty Midcap 150 TRI,2023-02-28,14519.61
Nifty Smallcap 250 TRI,2023-02-28,9129.5
Nifty 500 TRI,2023-02-28,23791.58
Nifty G-Sec Index,2023-02-28,2733.14
Nifty 50 TRI,2023-03-02,32165.9
Nifty Next 50 TRI,2023-03-02,48843.39
Nifty Midcap 150 TRI,2023-03-02,14280.23
Nifty Smallcap 250 TRI,2023-03-02,9327.22
Nifty 500 TRI,2023-03-02,23382.78
Nifty G-Sec Index,2023-03-02,2722.54
Nifty 50 TRI,2023-03-03,32046.08
Nifty Next 50 TRI,2023-03-03,49231.02
Nifty Midcap 150 TRI,2023-03-03,13912.6
Nifty Smallcap 250 TRI,2023-03-03,9560.34
Nifty 500 TRI,2023-03-03,23279.28
Nifty G-Sec Index,2023-03-03,2732.26
Nifty 50 TRI,2023-03-06,32412.19
Nifty Next 50 TRI,2023-03-06,50023.2
Nifty Midcap 150 TRI,2023-03-06,14088.14
Nifty Smallcap 250 TRI,2023-03-06,9234.03
Nifty 500 TRI,2023-03-06,23734.3
Nifty G-Sec Index,2023-03-06,2743.8
Nifty 50 TRI,2023-03-07,32524.04
Nifty Next 50 TRI,2023-03-07,49215.14
Nifty Midcap 150 TRI,2023-03-07,14335.27
Nifty Smallcap 250 TRI,2023-03-07,9175.67
Nifty 500 TRI,2023-03-07,23553.09
Nifty G-Sec Index,2023-03-07,2755.02
Nifty 50 TRI,2023-03-09,33534.4
Nifty Next 50 TRI,2023-03-09,50160.56
Nifty Midcap 150 TRI,2023-03-09,13716.2
Nifty Smallcap 250 TRI,2023-03-09,9360.43
Nifty 500 TRI,2023-03-09,23631.13
Nifty G-Sec Index,2023-03-09,2769.2
Nifty 50 TRI,2023-03-10,33857.19
Nifty Next 50 TRI,2023-03-10,49962.17
Nifty Midcap 150 TRI,2023-03-10,13850.93
Nifty Smallcap 250 TRI,2023-03-10,9487.21
Nifty 500 TRI,2023-03-10,23581.76
Nifty G-Sec Index,2023-03-10,2780.1
Nifty 50 TRI,2023-03-13,34071.39
Nifty Next 50 TRI,2023-03-13,49611.98
Nifty Midcap 150 TRI,2023-03-13,13765.99
Nifty Smallcap 250 TRI,2023-03-13,9328.25
Nifty 500 TRI,2023-03-13,23766.66
Nifty G-Sec Index,2023-03-13,2771.76
Nifty 50 TRI,2023-03-14,34759.53
Nifty Next 50 TRI,2023-03-14,49264.32
Nifty Midcap 150 TRI,2023-03-14,14433.4
Nifty Smallcap 250 TRI,2023-03-14,9229.75
Nifty 500 TRI,2023-03-14,23419.75
Nifty G-Sec Index,2023-03-14,2780.57
Nifty 50 TRI,2023-03-15,34271.44
Nifty Next 50 TRI,2023-03-15,49051.85
Nifty Midcap 150 TRI,2023-03-15,14254.98
Nifty Smallcap 250 TRI,2023-03-15,9336.64
Nifty 500 TRI,2023-03-15,23021.83
Nifty G-Sec Index,2023-03-15,2782.18
Nifty 50 TRI,2023-03-16,34878.84
Nifty Next 50 TRI,2023-03-16,49257.24
Nifty Midcap 150 TRI,2023-03-16,14633.14
Nifty Smallcap 250 TRI,2023-03-16,9227.12
Nifty 500 TRI,2023-03-16,22818.42
Nifty G-Sec Index,2023-03-16,2779.96
Nifty 50 TRI,2023-03-17,34984.99
Nifty Next 50 TRI,2023-03-17,50160.78
Nifty Midcap 150 TRI,2023-03-17,14736.08
Nifty Smallcap 250 TRI,2023-03-17,8996.8
Nifty 500 TRI,2023-03-17,22711.75
Nifty G-Sec Index,2023-03-17,2793.18
Nifty 50 TRI,2023-03-20,34730.26
Nifty Next 50 TRI,2023-03-20,50791.1
Nifty Midcap 150 TRI,2023-03-20,14473.96
Nifty Smallcap 250 TRI,2023-03-20,8905.33
Nifty 500 TRI,2023-03-20,22707.96
Nifty G-Sec Index,2023-03-20,2795.58
Nifty 50 TRI,2023-03-21,34778.94
Nifty Next 50 TRI,2023-03-21,50826.25
Nifty Midcap 150 TRI,2023-03-21,14091.23
Nifty Smallcap 250 TRI,2023-03-21,8952.08
Nifty 500 TRI,2023-03-21,23074.37
Nifty G-Sec Index,2023-03-21,2788.15
Nifty 50 TRI,2023-03-22,35128.5
Nifty Next 50 TRI,2023-03-22,50491.78
Nifty Midcap 150 TRI,2023-03-22,14285.61
Nifty Smallcap 250 TRI,2023-03-22,9379.16
Nifty 500 TRI,2023-03-22,22759.14
Nifty G-Sec Index,2023-03-22,2779.09
Nifty 50 TRI,2023-03-23,34769.06
Nifty Next 50 TRI,2023-03-23,50200.06
Nifty Midcap 150 TRI,2023-03-23,14361.12
Nifty Smallcap 250 TRI,2023-03-23,9178.03
Nifty 500 TRI,2023-03-23,22656.87
Nifty G-Sec Index,2023-03-23,2776.2
Nifty 50 TRI,2023-03-24,34702.8
Nifty Next 50 TRI,2023-03-24,49135.99
Nifty Midcap 150 TRI,2023-03-24,14364.72
Nifty Smallcap 250 TRI,2023-03-24,8896.35
Nifty 500 TRI,2023-03-24,22623.38
Nifty G-Sec Index,2023-03-24,2774.93
Nifty 50 TRI,2023-03-27,34465.68
Nifty Next 50 TRI,2023-03-27,47730.45
Nifty Midcap 150 TRI,2023-03-27,14335.17
Nifty Smallcap 250 TRI,2023-03-27,8929.49
Nifty 500 TRI,2023-03-27,22679.77
Nifty G-Sec Index,2023-03-27,2793.47
Nifty 50 TRI,2023-03-28,34604.48
Nifty Next 50 TRI,2023-03-28,48236.38
Nifty Midcap 150 TRI,2023-03-28,14554.08
Nifty Smallcap 250 TRI,2023-03-28,9006.95
Nifty 500 TRI,2023-03-28,23126.88
Nifty G-Sec Index,2023-03-28,2776.02
Nifty 50 TRI,2023-03-29,34846.27
Nifty Next 50 TRI,2023-03-29,48150.07
Nifty Midcap 150 TRI,2023-03-29,14527.45
Nifty Smallcap 250 TRI,2023-03-29,9003.82
Nifty 500 TRI,2023-03-29,22996.39
Nifty G-Sec Index,2023-03-29,2782.0
Nifty 50 TRI,2023-03-30,34448.24
Nifty Next 50 TRI,2023-03-30,47924.72
Nifty Midcap 150 TRI,2023-03-30,14277.68
Nifty Smallcap 250 TRI,2023-03-30,9063.37
Nifty 500 TRI,2023-03-30,22968.42
Nifty G-Sec Index,2023-03-30,2789.43
Nifty 50 TRI,2023-03-31,34558.75
Nifty Next 50 TRI,2023-03-31,48148.98
Nifty Midcap 150 TRI,2023-03-31,14400.38
Nifty Smallcap 250 TRI,2023-03-31,9088.46
Nifty 500 TRI,2023-03-31,23473.47
Nifty G-Sec Index,2023-03-31,2775.74
Nifty 50 TRI,2023-04-03,35029.2
Nifty Next 50 TRI,2023-04-03,48137.18
Nifty Midcap 150 TRI,2023-04-03,14429.11
Nifty Smallcap 250 TRI,2023-04-03,9054.79
Nifty 500 TRI,2023-04-03,23130.02
Nifty G-Sec Index,2023-04-03,2785.3
Nifty 50 TRI,2023-04-04,35503.12
Nifty Next 50 TRI,2023-04-04,46817.8
Nifty Midcap 150 TRI,2023-04-04,14554.17
Nifty Smallcap 250 TRI,2023-04-04,8888.75
Nifty 500 TRI,2023-04-04,23502.41
Nifty G-Sec Index,2023-04-04,2773.79
Nifty 50 TRI,2023-04-05,35462.19
Nifty Next 50 TRI,2023-04-05,45993.89
Nifty Midcap 150 TRI,2023-04-05,14748.09
Nifty Smallcap 250 TRI,2023-04-05,8644.49
Nifty 500 TRI,2023-04-05,23391.0
Nifty G-Sec Index,2023-04-05,2778.79
Nifty 50 TRI,2023-04-06,35823.36
Nifty Next 50 TRI,2023-04-06,45588.78
Nifty Midcap 150 TRI,2023-04-06,14792.27
Nifty Smallcap 250 TRI,2023-04-06,9013.83
Nifty 500 TRI,2023-04-06,23495.33
Nifty G-Sec Index,2023-04-06,2766.02
Nifty 50 TRI,2023-04-07,35988.74
Nifty Next 50 TRI,2023-04-07,45921.81
Nifty Midcap 150 TRI,2023-04-07,14897.23
Nifty Smallcap 250 TRI,2023-04-07,8922.02
Nifty 500 TRI,2023-04-07,23189.75
Nifty G-Sec Index,2023-04-07,2760.26
Nifty 50 TRI,2023-04-10,35256.2
Nifty Next 50 TRI,2023-04-10,45935.39
Nifty Midcap 150 TRI,2023-04-10,15165.3
Nifty Smallcap 250 TRI,2023-04-10,8915.88
Nifty 500 TRI,2023-04-10,23204.65
Nifty G-Sec Index,2023-04-10,2756.79
Nifty 50 TRI,2023-04-11,34599.38
Nifty Next 50 TRI,2023-04-11,46058.63
Nifty Midcap 150 TRI,2023-04-11,14944.95
Nifty Smallcap 250 TRI,2023-04-11,8742.72
Nifty 500 TRI,2023-04-11,23255.15
Nifty G-Sec Index,2023-04-11,2762.99
Nifty 50 TRI,2023-04-12,34196.04
Nifty Next 50 TRI,2023-04-12,47142.5
Nifty Midcap 150 TRI,2023-04-12,14887.1
Nifty Smallcap 250 TRI,2023-04-12,8594.89
Nifty 500 TRI,2023-04-12,23459.12
Nifty G-Sec Index,2023-04-12,2767.76
Nifty 50 TRI,2023-04-13,35191.52
Nifty Next 50 TRI,2023-04-13,46753.92
Nifty Midcap 150 TRI,2023-04-13,14671.98
Nifty Smallcap 250 TRI,2023-04-13,8710.83
Nifty 500 TRI,2023-04-13,23153.01
Nifty G-Sec Index,2023-04-13,2759.16
Nifty 50 TRI,2023-04-14,35557.05
Nifty Next 50 TRI,2023-04-14,46389.74
Nifty Midcap 150 TRI,2023-04-14,14735.49
Nifty Smallcap 250 TRI,2023-04-14,8852.41
Nifty 500 TRI,2023-04-14,23239.64
Nifty G-Sec Index,2023-04-14,2747.29
Nifty 50 TRI,2023-04-17,34679.06
Nifty Next 50 TRI,2023-04-17,46565.58
Nifty Midcap 150 TRI,2023-04-17,14585.62
Nifty Smallcap 250 TRI,2023-04-17,8758.0
Nifty 500 TRI,2023-04-17,23445.77
Nifty G-Sec Index,2023-04-17,2736.91
Nifty 50 TRI,2023-04-18,34752.69
Nifty Next 50 TRI,2023-04-18,45669.64
Nifty Midcap 150 TRI,2023-04-18,14686.38
Nifty Smallcap 250 TRI,2023-04-18,8859.35
Nifty 500 TRI,2023-04-18,23596.81
Nifty G-Sec Index,2023-04-18,2742.74
Nifty 50 TRI,2023-04-19,35277.2
Nifty Next 50 TRI,2023-04-19,45610.3
Nifty Midcap 150 TRI,2023-04-19,15299.04
Nifty Smallcap 250 TRI,2023-04-19,8955.33
Nifty 500 TRI,2023-04-19,23817.51
Nifty G-Sec Index,2023-04-19,2743.27
Nifty 50 TRI,2023-04-20,35418.43
Nifty Next 50 TRI,2023-04-20,45398.72
Nifty Midcap 150 TRI,2023-04-20,15546.07
Nifty Smallcap 250 TRI,2023-04-20,9028.28
Nifty 500 TRI,2023-04-20,23997.9
Nifty G-Sec Index,2023-04-20,2728.59
Nifty 50 TRI,2023-04-21,35170.11
Nifty Next 50 TRI,2023-04-21,43856.01
Nifty Midcap 150 TRI,2023-04-21,15770.98
Nifty Smallcap 250 TRI,2023-04-21,9373.81
Nifty 500 TRI,2023-04-21,23869.75
Nifty G-Sec Index,2023-04-21,2729.62
Nifty 50 TRI,2023-04-25,35329.37
Nifty Next 50 TRI,2023-04-25,43965.64
Nifty Midcap 150 TRI,2023-04-25,15587.92
Nifty Smallcap 250 TRI,2023-04-25,9275.25
Nifty 500 TRI,2023-04-25,24219.71
Nifty G-Sec Index,2023-04-25,2724.14
Nifty 50 TRI,2023-04-26,35244.36
Nifty Next 50 TRI,2023-04-26,43703.62
Nifty Midcap 150 TRI,2023-04-26,15548.03
Nifty Smallcap 250 TRI,2023-04-26,9015.97
Nifty 500 TRI,2023-04-26,24053.37
Nifty G-Sec Index,2023-04-26,2722.29
Nifty 50 TRI,2023-04-27,35947.95
Nifty Next 50 TRI,2023-04-27,44589.69
Nifty Midcap 150 TRI,2023-04-27,16154.23
Nifty Smallcap 250 TRI,2023-04-27,8802.71
Nifty 500 TRI,2023-04-27,23817.28
Nifty G-Sec Index,2023-04-27,2735.22
Nifty 50 TRI,2023-04-28,34807.92
Nifty Next 50 TRI,2023-04-28,45426.62
Nifty Midcap 150 TRI,2023-04-28,16427.04
Nifty Smallcap 250 TRI,2023-04-28,8698.58
Nifty 500 TRI,2023-04-28,23955.73
Nifty G-Sec Index,2023-04-28,2744.66
Nifty 50 TRI,2023-05-01,34595.0
Nifty Next 50 TRI,2023-05-01,45454.99
Nifty Midcap 150 TRI,2023-05-01,16596.98
Nifty Smallcap 250 TRI,2023-05-01,8954.27
Nifty 500 TRI,2023-05-01,23899.5
Nifty G-Sec Index,2023-05-01,2755.81
Nifty 50 TRI,2023-05-02,33358.28
Nifty Next 50 TRI,2023-05-02,45477.61
Nifty Midcap 150 TRI,2023-05-02,16689.59
Nifty Smallcap 250 TRI,2023-05-02,8829.46
Nifty 500 TRI,2023-05-02,23771.09
Nifty G-Sec Index,2023-05-02,2753.68
Nifty 50 TRI,2023-05-03,33672.09
Nifty Next 50 TRI,2023-05-03,45884.46
Nifty Midcap 150 TRI,2023-05-03,16472.95
Nifty Smallcap 250 TRI,2023-05-03,8853.52
Nifty 500 TRI,2023-05-03,23442.64
Nifty G-Sec Index,2023-05-03,2758.76
Nifty 50 TRI,2023-05-04,34113.56
Nifty Next 50 TRI,2023-05-04,45488.46
Nifty Midcap 150 TRI,2023-05-04,16983.89
Nifty Smallcap 250 TRI,2023-05-04,8778.99
Nifty 500 TRI,2023-05-04,23515.4
Nifty G-Sec Index,2023-05-04,2757.11
Nifty 50 TRI,2023-05-05,34077.95
Nifty Next 50 TRI,2023-05-05,46322.72
Nifty Midcap 150 TRI,2023-05-05,17017.31
Nifty Smallcap 250 TRI,2023-05-05,8910.3
Nifty 500 TRI,2023-05-05,23324.99
Nifty G-Sec Index,2023-05-05,2761.27
Nifty 50 TRI,2023-05-08,34149.62
Nifty Next 50 TRI,2023-05-08,46012.07
Nifty Midcap 150 TRI,2023-05-08,17259.74
Nifty Smallcap 250 TRI,2023-05-08,8748.86
Nifty 500 TRI,2023-05-08,23560.64
Nifty G-Sec Index,2023-05-08,2760.84
Nifty 50 TRI,2023-05-09,34279.25
Nifty Next 50 TRI,2023-05-09,46161.8
Nifty Midcap 150 TRI,2023-05-09,17486.64
Nifty Smallcap 250 TRI,2023-05-09,8784.08
Nifty 500 TRI,2023-05-09,23289.8
Nifty G-Sec Index,2023-05-09,2767.33
Nifty 50 TRI,2023-05-10,33929.24
Nifty Next 50 TRI,2023-05-10,46503.47
Nifty Midcap 150 TRI,2023-05-10,17462.72
Nifty Smallcap 250 TRI,2023-05-10,8724.33
Nifty 500 TRI,2023-05-10,22976.42
Nifty G-Sec Index,2023-05-10,2771.21
Nifty 50 TRI,2023-05-11,34057.45
Nifty Next 50 TRI,2023-05-11,48167.44
Nifty Midcap 150 TRI,2023-05-11,17671.53
Nifty Smallcap 250 TRI,2023-05-11,8954.52
Nifty 500 TRI,2023-05-11,23161.41
Nifty G-Sec Index,2023-05-11,2772.6
Nifty 50 TRI,2023-05-15,33667.93
Nifty Next 50 TRI,2023-05-15,47841.67
Nifty Midcap 150 TRI,2023-05-15,17490.85
Nifty Smallcap 250 TRI,2023-05-15,8938.02
Nifty 500 TRI,2023-05-15,23509.75
Nifty G-Sec Index,2023-05-15,2760.12
Nifty 50 TRI,2023-05-16,33973.73
Nifty Next 50 TRI,2023-05-16,47260.97
Nifty Midcap 150 TRI,2023-05-16,17670.83
Nifty Smallcap 250 TRI,2023-05-16,8860.55
Nifty 500 TRI,2023-05-16,23746.13
Nifty G-Sec Index,2023-05-16,2761.46
Nifty 50 TRI,2023-05-17,33782.21
Nifty Next 50 TRI,2023-05-17,47419.15
Nifty Midcap 150 TRI,2023-05-17,17874.47
Nifty Smallcap 250 TRI,2023-05-17,8824.77
Nifty 500 TRI,2023-05-17,23257.11
Nifty G-Sec Index,2023-05-17,2763.13
Nifty 50 TRI,2023-05-18,33405.52
Nifty Next 50 TRI,2023-05-18,46782.06
Nifty Midcap 150 TRI,2023-05-18,17935.51
Nifty Smallcap 250 TRI,2023-05-18,8998.12
Nifty 500 TRI,2023-05-18,23138.93
Nifty G-Sec Index,2023-05-18,2764.8
Nifty 50 TRI,2023-05-19,33240.52
Nifty Next 50 TRI,2023-05-19,45546.23
Nifty Midcap 150 TRI,2023-05-19,17682.92
Nifty Smallcap 250 TRI,2023-05-19,8867.49
Nifty 500 TRI,2023-05-19,23564.15
Nifty G-Sec Index,2023-05-19,2775.61
Nifty 50 TRI,2023-05-22,33163.62
Nifty Next 50 TRI,2023-05-22,46136.06
Nifty Midcap 150 TRI,2023-05-22,17618.62
Nifty Smallcap 250 TRI,2023-05-22,8960.04
Nifty 500 TRI,2023-05-22,23574.53
Nifty G-Sec Index,2023-05-22,2781.99
Nifty 50 TRI,2023-05-23,33193.33
Nifty Next 50 TRI,2023-05-23,46770.08
Nifty Midcap 150 TRI,2023-05-23,17703.91
Nifty Smallcap 250 TRI,2023-05-23,8868.76
Nifty 500 TRI,2023-05-23,23336.51
Nifty G-Sec Index,2023-05-23,2777.47
Nifty 50 TRI,2023-05-24,33210.82
Nifty Next 50 TRI,2023-05-24,45786.75
Nifty Midcap 150 TRI,2023-05-24,17136.14
Nifty Smallcap 250 TRI,2023-05-24,8897.64
Nifty 500 TRI,2023-05-24,23102.95
Nifty G-Sec Index,2023-05-24,2783.79
Nifty 50 TRI,2023-05-25,33744.59
Nifty Next 50 TRI,2023-05-25,45773.54
Nifty Midcap 150 TRI,2023-05-25,16973.38
Nifty Smallcap 250 TRI,2023-05-25,9225.15
Nifty 500 TRI,2023-05-25,23422.96
Nifty G-Sec Index,2023-05-25,2783.86
Nifty 50 TRI,2023-05-26,34228.87
Nifty Next 50 TRI,2023-05-26,45920.98
Nifty Midcap 150 TRI,2023-05-26,16664.58
Nifty Smallcap 250 TRI,2023-05-26,9226.36
Nifty 500 TRI,2023-05-26,23677.43
Nifty G-Sec Index,2023-05-26,2776.2
Nifty 50 TRI,2023-05-29,34469.34
Nifty Next 50 TRI,2023-05-29,46461.54
Nifty Midcap 150 TRI,2023-05-29,16849.68
Nifty Smallcap 250 TRI,2023-05-29,9068.48
Nifty 500 TRI,2023-05-29,23493.88
Nifty G-Sec Index,2023-05-29,2772.92
Nifty 50 TRI,2023-05-30,34623.77
Nifty Next 50 TRI,2023-05-30,47104.01
Nifty Midcap 150 TRI,2023-05-30,17124.34
Nifty Smallcap 250 TRI,2023-05-30,8866.58
Nifty 500 TRI,2023-05-30,23277.96
Nifty G-Sec Index,2023-05-30,2771.44
Nifty 50 TRI,2023-05-31,34730.35
Nifty Next 50 TRI,2023-05-31,48095.18
Nifty Midcap 150 TRI,2023-05-31,17503.3
Nifty Smallcap 250 TRI,2023-05-31,8994.2
Nifty 500 TRI,2023-05-31,23186.56
Nifty G-Sec Index,2023-05-31,2772.73
Nifty 50 TRI,2023-06-01,34805.15
Nifty Next 50 TRI,2023-06-01,47660.14
Nifty Midcap 150 TRI,2023-06-01,17352.25
Nifty Smallcap 250 TRI,2023-06-01,9150.56
Nifty 500 TRI,2023-06-01,23509.25
Nifty G-Sec Index,2023-06-01,2779.0
Nifty 50 TRI,2023-06-02,34646.65
Nifty Next 50 TRI,2023-06-02,47813.16
Nifty Midcap 150 TRI,2023-06-02,17508.34
Nifty Smallcap 250 TRI,2023-06-02,9216.09
Nifty 500 TRI,2023-06-02,23477.35
Nifty G-Sec Index,2023-06-02,2779.26
Nifty 50 TRI,2023-06-05,34163.78
Nifty Next 50 TRI,2023-06-05,47937.76
Nifty Midcap 150 TRI,2023-06-05,17533.38
Nifty Smallcap 250 TRI,2023-06-05,9217.61
Nifty 500 TRI,2023-06-05,23451.77
Nifty G-Sec Index,2023-06-05,2783.04
Nifty 50 TRI,2023-06-06,33541.79
Nifty Next 50 TRI,2023-06-06,48565.84
Nifty Midcap 150 TRI,2023-06-06,17340.53
Nifty Smallcap 250 TRI,2023-06-06,9448.98
Nifty 500 TRI,2023-06-06,23264.04
Nifty G-Sec Index,2023-06-06,2785.71
Nifty 50 TRI,2023-06-07,33282.77
Nifty Next 50 TRI,2023-06-07,49095.16
Nifty Midcap 150 TRI,2023-06-07,17750.55
Nifty Smallcap 250 TRI,2023-06-07,9438.72
Nifty 500 TRI,2023-06-07,23306.64
Nifty G-Sec Index,2023-06-07,2801.84
Nifty 50 TRI,2023-06-08,33034.46
Nifty Next 50 TRI,2023-06-08,49072.31
Nifty Midcap 150 TRI,2023-06-08,18043.99
Nifty Smallcap 250 TRI,2023-06-08,9688.91
Nifty 500 TRI,2023-06-08,23565.79
Nifty G-Sec Index,2023-06-08,2812.67
Nifty 50 TRI,2023-06-09,32897.87
Nifty Next 50 TRI,2023-06-09,50092.01
Nifty Midcap 150 TRI,2023-06-09,18025.36
Nifty Smallcap 250 TRI,2023-06-09,9841.33
Nifty 500 TRI,2023-06-09,23790.15
Nifty G-Sec Index,2023-06-09,2816.83
Nifty 50 TRI,2023-06-12,33876.48
Nifty Next 50 TRI,2023-06-12,50509.46
Nifty Midcap 150 TRI,2023-06-12,18029.85
Nifty Smallcap 250 TRI,2023-06-12,10021.12
Nifty 500 TRI,2023-06-12,24286.92
Nifty G-Sec Index,2023-06-12,2806.38
Nifty 50 TRI,2023-06-13,34317.13
Nifty Next 50 TRI,2023-06-13,50197.65
Nifty Midcap 150 TRI,2023-06-13,17821.68
Nifty Smallcap 250 TRI,2023-06-13,10044.34
Nifty 500 TRI,2023-06-13,24358.88
Nifty G-Sec Index,2023-06-13,2810.51
Nifty 50 TRI,2023-06-14,33946.9
Nifty Next 50 TRI,2023-06-14,48996.58
Nifty Midcap 150 TRI,2023-06-14,17726.61
Nifty Smallcap 250 TRI,2023-06-14,10025.11
Nifty 500 TRI,2023-06-14,24413.95
Nifty G-Sec Index,2023-06-14,2792.06
Nifty 50 TRI,2023-06-15,34163.44
Nifty Next 50 TRI,2023-06-15,50141.24
Nifty Midcap 150 TRI,2023-06-15,18114.23
Nifty Smallcap 250 TRI,2023-06-15,9993.96
Nifty 500 TRI,2023-06-15,24352.2
Nifty G-Sec Index,2023-06-15,2802.03
Nifty 50 TRI,2023-06-16,34486.89
Nifty Next 50 TRI,2023-06-16,50179.15
Nifty Midcap 150 TRI,2023-06-16,18610.57
Nifty Smallcap 250 TRI,2023-06-16,10201.21
Nifty 500 TRI,2023-06-16,24905.16
Nifty G-Sec Index,2023-06-16,2797.49
Nifty 50 TRI,2023-06-19,33937.11
Nifty Next 50 TRI,2023-06-19,49922.31
Nifty Midcap 150 TRI,2023-06-19,18457.98
Nifty Smallcap 250 TRI,2023-06-19,10321.03
Nifty 500 TRI,2023-06-19,25142.4
Nifty G-Sec Index,2023-06-19,2805.55
Nifty 50 TRI,2023-06-20,33821.61
Nifty Next 50 TRI,2023-06-20,49641.96
Nifty Midcap 150 TRI,2023-06-20,18765.25
Nifty Smallcap 250 TRI,2023-06-20,10509.27
Nifty 500 TRI,2023-06-20,25571.88
Nifty G-Sec Index,2023-06-20,2812.33
Nifty 50 TRI,2023-06-21,34195.78
Nifty Next 50 TRI,2023-06-21,49790.89
Nifty Midcap 150 TRI,2023-06-21,18987.65
Nifty Smallcap 250 TRI,2023-06-21,10748.73
Nifty 500 TRI,2023-06-21,25343.53
Nifty G-Sec Index,2023-06-21,2815.51
Nifty 50 TRI,2023-06-22,34896.24
Nifty Next 50 TRI,2023-06-22,50251.71
Nifty Midcap 150 TRI,2023-06-22,18781.32
Nifty Smallcap 250 TRI,2023-06-22,11100.96
Nifty 500 TRI,2023-06-22,25308.85
Nifty G-Sec Index,2023-06-22,2813.74
Nifty 50 TRI,2023-06-23,34743.79
Nifty Next 50 TRI,2023-06-23,50697.42
Nifty Midcap 150 TRI,2023-06-23,18851.72
Nifty Smallcap 250 TRI,2023-06-23,11235.76
Nifty 500 TRI,2023-06-23,24956.73
Nifty G-Sec Index,2023-06-23,2826.5
Nifty 50 TRI,2023-06-26,35748.87
Nifty Next 50 TRI,2023-06-26,50956.82
Nifty Midcap 150 TRI,2023-06-26,19009.59
Nifty Smallcap 250 TRI,2023-06-26,10896.05
Nifty 500 TRI,2023-06-26,24733.23
Nifty G-Sec Index,2023-06-26,2831.99
Nifty 50 TRI,2023-06-28,36430.17
Nifty Next 50 TRI,2023-06-28,50766.87
Nifty Midcap 150 TRI,2023-06-28,19148.11
Nifty Smallcap 250 TRI,2023-06-28,10920.23
Nifty 500 TRI,2023-06-28,24869.21
Nifty G-Sec Index,2023-06-28,2823.19
Nifty 50 TRI,2023-06-29,36073.86
Nifty Next 50 TRI,2023-06-29,50574.41
Nifty Midcap 150 TRI,2023-06-29,19218.73
Nifty Smallcap 250 TRI,2023-06-29,10817.29
Nifty 500 TRI,2023-06-29,24550.31
Nifty G-Sec Index,2023-06-29,2816.14
Nifty 50 TRI,2023-06-30,36006.54
Nifty Next 50 TRI,2023-06-30,50389.55
Nifty Midcap 150 TRI,2023-06-30,19497.87
Nifty Smallcap 250 TRI,2023-06-30,10529.05
Nifty 500 TRI,2023-06-30,24583.62
Nifty G-Sec Index,2023-06-30,2815.38
Nifty 50 TRI,2023-07-03,36633.01
Nifty Next 50 TRI,2023-07-03,51106.53
Nifty Midcap 150 TRI,2023-07-03,19238.29
Nifty Smallcap 250 TRI,2023-07-03,10450.91
Nifty 500 TRI,2023-07-03,24971.41
Nifty G-Sec Index,2023-07-03,2810.25
Nifty 50 TRI,2023-07-04,36451.22
Nifty Next 50 TRI,2023-07-04,50998.24
Nifty Midcap 150 TRI,2023-07-04,18957.92
Nifty Smallcap 250 TRI,2023-07-04,10360.01
Nifty 500 TRI,2023-07-04,24965.42
Nifty G-Sec Index,2023-07-04,2823.1
Nifty 50 TRI,2023-07-05,36214.39
Nifty Next 50 TRI,2023-07-05,50795.24
Nifty Midcap 150 TRI,2023-07-05,19132.62
Nifty Smallcap 250 TRI,2023-07-05,10630.29
Nifty 500 TRI,2023-07-05,25501.12
Nifty G-Sec Index,2023-07-05,2838.93
Nifty 50 TRI,2023-07-06,36205.07
Nifty Next 50 TRI,2023-07-06,50746.5
Nifty Midcap 150 TRI,2023-07-06,18881.29
Nifty Smallcap 250 TRI,2023-07-06,10611.27
Nifty 500 TRI,2023-07-06,25143.96
Nifty G-Sec Index,2023-07-06,2834.67
Nifty 50 TRI,2023-07-07,36363.55
Nifty Next 50 TRI,2023-07-07,50454.11
Nifty Midcap 150 TRI,2023-07-07,18632.11
Nifty Smallcap 250 TRI,2023-07-07,10380.85
Nifty 500 TRI,2023-07-07,25263.7
Nifty G-Sec Index,2023-07-07,2833.79
Nifty 50 TRI,2023-07-10,36556.37
Nifty Next 50 TRI,2023-07-10,50327.44
Nifty Midcap 150 TRI,2023-07-10,18659.68
Nifty Smallcap 250 TRI,2023-07-10,10398.22
Nifty 500 TRI,2023-07-10,25377.28
Nifty G-Sec Index,2023-07-10,2840.44
Nifty 50 TRI,2023-07-11,36886.45
Nifty Next 50 TRI,2023-07-11,49749.58
Nifty Midcap 150 TRI,2023-07-11,18343.21
Nifty Smallcap 250 TRI,2023-07-11,10483.51
Nifty 500 TRI,2023-07-11,25383.85
Nifty G-Sec Index,2023-07-11,2832.37
Nifty 50 TRI,2023-07-13,37240.54
Nifty Next 50 TRI,2023-07-13,50938.32
Nifty Midcap 150 TRI,2023-07-13,17692.06
Nifty Smallcap 250 TRI,2023-07-13,10349.4
Nifty 500 TRI,2023-07-13,24855.89
Nifty G-Sec Index,2023-07-13,2835.54
Nifty 50 TRI,2023-07-14,36818.96
Nifty Next 50 TRI,2023-07-14,51203.48
Nifty Midcap 150 TRI,2023-07-14,17584.42
Nifty Smallcap 250 TRI,2023-07-14,10377.56
Nifty 500 TRI,2023-07-14,25236.69
Nifty G-Sec Index,2023-07-14,2819.94
Nifty 50 TRI,2023-07-18,37725.52
Nifty Next 50 TRI,2023-07-18,51671.5
Nifty Midcap 150 TRI,2023-07-18,17427.51
Nifty Smallcap 250 TRI,2023-07-18,10376.31
Nifty 500 TRI,2023-07-18,26179.43
Nifty G-Sec Index,2023-07-18,2840.93
Nifty 50 TRI,2023-07-19,38129.21
Nifty Next 50 TRI,2023-07-19,52170.85
Nifty Midcap 150 TRI,2023-07-19,17154.98
Nifty Smallcap 250 TRI,2023-07-19,10406.71
Nifty 500 TRI,2023-07-19,26255.29
Nifty G-Sec Index,2023-07-19,2835.27
Nifty 50 TRI,2023-07-20,38384.91
Nifty Next 50 TRI,2023-07-20,53214.61
Nifty Midcap 150 TRI,2023-07-20,17240.59
Nifty Smallcap 250 TRI,2023-07-20,10631.07
Nifty 500 TRI,2023-07-20,26048.65
Nifty G-Sec Index,2023-07-20,2836.88
Nifty 50 TRI,2023-07-24,38715.94
Nifty Next 50 TRI,2023-07-24,53458.72
Nifty Midcap 150 TRI,2023-07-24,17319.09
Nifty Smallcap 250 TRI,2023-07-24,11007.79
Nifty 500 TRI,2023-07-24,26341.43
Nifty G-Sec Index,2023-07-24,2854.89
Nifty 50 TRI,2023-07-25,38697.14
Nifty Next 50 TRI,2023-07-25,55397.55
Nifty Midcap 150 TRI,2023-07-25,17698.46
Nifty Smallcap 250 TRI,2023-07-25,10852.71
Nifty 500 TRI,2023-07-25,26106.85
Nifty G-Sec Index,2023-07-25,2854.24
Nifty 50 TRI,2023-07-26,39397.75
Nifty Next 50 TRI,2023-07-26,55191.56
Nifty Midcap 150 TRI,2023-07-26,17389.84
Nifty Smallcap 250 TRI,2023-07-26,10911.27
Nifty 500 TRI,2023-07-26,26325.64
Nifty G-Sec Index,2023-07-26,2876.56
Nifty 50 TRI,2023-07-27,39148.6
Nifty Next 50 TRI,2023-07-27,55504.39
Nifty Midcap 150 TRI,2023-07-27,17699.0
Nifty Smallcap 250 TRI,2023-07-27,11030.44
Nifty 500 TRI,2023-07-27,26447.54
Nifty G-Sec Index,2023-07-27,2874.25
Nifty 50 TRI,2023-07-28,38993.91
Nifty Next 50 TRI,2023-07-28,57052.44
Nifty Midcap 150 TRI,2023-07-28,17736.35
Nifty Smallcap 250 TRI,2023-07-28,10567.04
Nifty 500 TRI,2023-07-28,26545.73
Nifty G-Sec Index,2023-07-28,2868.41
Nifty 50 TRI,2023-07-31,39514.73
Nifty Next 50 TRI,2023-07-31,57355.73
Nifty Midcap 150 TRI,2023-07-31,17659.73
Nifty Smallcap 250 TRI,2023-07-31,10587.8
Nifty 500 TRI,2023-07-31,27108.18
Nifty G-Sec Index,2023-07-31,2873.52
Nifty 50 TRI,2023-08-01,39991.31
Nifty Next 50 TRI,2023-08-01,57840.46
Nifty Midcap 150 TRI,2023-08-01,17713.92
Nifty Smallcap 250 TRI,2023-08-01,10815.38
Nifty 500 TRI,2023-08-01,27386.72
Nifty G-Sec Index,2023-08-01,2871.56
Nifty 50 TRI,2023-08-02,40314.26
Nifty Next 50 TRI,2023-08-02,57517.75
Nifty Midcap 150 TRI,2023-08-02,17502.29
Nifty Smallcap 250 TRI,2023-08-02,11268.87
Nifty 500 TRI,2023-08-02,28057.42
Nifty G-Sec Index,2023-08-02,2880.07
Nifty 50 TRI,2023-08-03,39298.67
Nifty Next 50 TRI,2023-08-03,56192.38
Nifty Midcap 150 TRI,2023-08-03,16839.57
Nifty Smallcap 250 TRI,2023-08-03,11054.37
Nifty 500 TRI,2023-08-03,27314.86
Nifty G-Sec Index,2023-08-03,2877.02
Nifty 50 TRI,2023-08-04,39320.14
Nifty Next 50 TRI,2023-08-04,56755.14
Nifty Midcap 150 TRI,2023-08-04,16735.21
Nifty Smallcap 250 TRI,2023-08-04,10809.16
Nifty 500 TRI,2023-08-04,27257.61
Nifty G-Sec Index,2023-08-04,2867.09
Nifty 50 TRI,2023-08-07,40231.93
Nifty Next 50 TRI,2023-08-07,56230.17
Nifty Midcap 150 TRI,2023-08-07,17050.13
Nifty Smallcap 250 TRI,2023-08-07,10915.19
Nifty 500 TRI,2023-08-07,27409.97
Nifty G-Sec Index,2023-08-07,2849.93
Nifty 50 TRI,2023-08-08,40602.0
Nifty Next 50 TRI,2023-08-08,56063.37
Nifty Midcap 150 TRI,2023-08-08,17028.4
Nifty Smallcap 250 TRI,2023-08-08,11044.99
Nifty 500 TRI,2023-08-08,27202.47
Nifty G-Sec Index,2023-08-08,2836.13
Nifty 50 TRI,2023-08-09,40602.02
Nifty Next 50 TRI,2023-08-09,56955.15
Nifty Midcap 150 TRI,2023-08-09,17239.22
Nifty Smallcap 250 TRI,2023-08-09,11055.27
Nifty 500 TRI,2023-08-09,26686.46
Nifty G-Sec Index,2023-08-09,2860.49
Nifty 50 TRI,2023-08-10,40231.24
Nifty Next 50 TRI,2023-08-10,57145.79
Nifty Midcap 150 TRI,2023-08-10,17045.01
Nifty Smallcap 250 TRI,2023-08-10,10977.23
Nifty 500 TRI,2023-08-10,26983.99
Nifty G-Sec Index,2023-08-10,2877.35
Nifty 50 TRI,2023-08-11,39894.55
Nifty Next 50 TRI,2023-08-11,56563.88
Nifty Midcap 150 TRI,2023-08-11,16642.07
Nifty Smallcap 250 TRI,2023-08-11,10911.65
Nifty 500 TRI,2023-08-11,26987.44
Nifty G-Sec Index,2023-08-11,2882.76
Nifty 50 TRI,2023-08-14,40075.21
Nifty Next 50 TRI,2023-08-14,55976.36
Nifty Midcap 150 TRI,2023-08-14,16421.06
Nifty Smallcap 250 TRI,2023-08-14,10927.4
Nifty 500 TRI,2023-08-14,26949.11
Nifty G-Sec Index,2023-08-14,2882.45
Nifty 50 TRI,2023-08-15,40900.58
Nifty Next 50 TRI,2023-08-15,55081.51
Nifty Midcap 150 TRI,2023-08-15,16283.7
Nifty Smallcap 250 TRI,2023-08-15,11115.05
Nifty 500 TRI,2023-08-15,26753.54
Nifty G-Sec Index,2023-08-15,2883.93
Nifty 50 TRI,2023-08-16,40954.59
Nifty Next 50 TRI,2023-08-16,54652.58
Nifty Midcap 150 TRI,2023-08-16,16451.22
Nifty Smallcap 250 TRI,2023-08-16,10958.13
Nifty 500 TRI,2023-08-16,26337.78
Nifty G-Sec Index,2023-08-16,2902.56
Nifty 50 TRI,2023-08-17,41381.88
Nifty Next 50 TRI,2023-08-17,54851.29
Nifty Midcap 150 TRI,2023-08-17,16232.59
Nifty Smallcap 250 TRI,2023-08-17,11374.0
Nifty 500 TRI,2023-08-17,26250.66
Nifty G-Sec Index,2023-08-17,2869.94
Nifty 50 TRI,2023-08-18,41714.66
Nifty Next 50 TRI,2023-08-18,54280.67
Nifty Midcap 150 TRI,2023-08-18,15796.16
Nifty Smallcap 250 TRI,2023-08-18,10994.61
Nifty 500 TRI,2023-08-18,26554.01
Nifty G-Sec Index,2023-08-18,2855.74
Nifty 50 TRI,2023-08-21,41370.1
Nifty Next 50 TRI,2023-08-21,55035.2
Nifty Midcap 150 TRI,2023-08-21,15715.35
Nifty Smallcap 250 TRI,2023-08-21,10924.89
Nifty 500 TRI,2023-08-21,26412.48
Nifty G-Sec Index,2023-08-21,2853.87
Nifty 50 TRI,2023-08-22,40768.0
Nifty Next 50 TRI,2023-08-22,55001.8
Nifty Midcap 150 TRI,2023-08-22,15760.9
Nifty Smallcap 250 TRI,2023-08-22,11106.26
Nifty 500 TRI,2023-08-22,26344.26
Nifty G-Sec Index,2023-08-22,2850.71
Nifty 50 TRI,2023-08-23,40483.29
Nifty Next 50 TRI,2023-08-23,54681.23
Nifty Midcap 150 TRI,2023-08-23,15723.12
Nifty Smallcap 250 TRI,2023-08-23,11190.99
Nifty 500 TRI,2023-08-23,26586.96
Nifty G-Sec Index,2023-08-23,2863.32
Nifty 50 TRI,2023-08-24,39980.31
Nifty Next 50 TRI,2023-08-24,55055.42
Nifty Midcap 150 TRI,2023-08-24,15967.25
Nifty Smallcap 250 TRI,2023-08-24,11301.15
Nifty 500 TRI,2023-08-24,26623.62
Nifty G-Sec Index,2023-08-24,2859.6
Nifty 50 TRI,2023-08-25,39880.33
Nifty Next 50 TRI,2023-08-25,55277.27
Nifty Midcap 150 TRI,2023-08-25,15569.85
Nifty Smallcap 250 TRI,2023-08-25,11291.07
Nifty 500 TRI,2023-08-25,27074.2
Nifty G-Sec Index,2023-08-25,2851.85
Nifty 50 TRI,2023-08-28,40526.85
Nifty Next 50 TRI,2023-08-28,56051.48
Nifty Midcap 150 TRI,2023-08-28,15619.25
Nifty Smallcap 250 TRI,2023-08-28,11119.92
Nifty 500 TRI,2023-08-28,27211.44
Nifty G-Sec Index,2023-08-28,2864.07
Nifty 50 TRI,2023-08-29,40188.95
Nifty Next 50 TRI,2023-08-29,54933.41
Nifty Midcap 150 TRI,2023-08-29,15833.6
Nifty Smallcap 250 TRI,2023-08-29,11406.0
Nifty 500 TRI,2023-08-29,27562.19
Nifty G-Sec Index,2023-08-29,2866.89
Nifty 50 TRI,2023-08-30,40433.34
Nifty Next 50 TRI,2023-08-30,54568.04
Nifty Midcap 150 TRI,2023-08-30,15874.11
Nifty Smallcap 250 TRI,2023-08-30,11340.01
Nifty 500 TRI,2023-08-30,28210.39
Nifty G-Sec Index,2023-08-30,2870.45
Nifty 50 TRI,2023-08-31,40070.67
Nifty Next 50 TRI,2023-08-31,54647.06
Nifty Midcap 150 TRI,2023-08-31,15826.45
Nifty Smallcap 250 TRI,2023-08-31,11527.59
Nifty 500 TRI,2023-08-31,28259.1
Nifty G-Sec Index,2023-08-31,2885.28
Nifty 50 TRI,2023-09-01,40796.82
Nifty Next 50 TRI,2023-09-01,55483.99
Nifty Midcap 150 TRI,2023-09-01,16013.37
Nifty Smallcap 250 TRI,2023-09-01,11327.34
Nifty 500 TRI,2023-09-01,28262.0
Nifty G-Sec Index,2023-09-01,2884.32
Nifty 50 TRI,2023-09-04,40991.74
Nifty Next 50 TRI,2023-09-04,54820.21
Nifty Midcap 150 TRI,2023-09-04,16076.28
Nifty Smallcap 250 TRI,2023-09-04,11449.86
Nifty 500 TRI,2023-09-04,28525.68
Nifty G-Sec Index,2023-09-04,2875.86
Nifty 50 TRI,2023-09-05,41947.15
Nifty Next 50 TRI,2023-09-05,55506.96
Nifty Midcap 150 TRI,2023-09-05,16121.81
Nifty Smallcap 250 TRI,2023-09-05,11554.14
Nifty 500 TRI,2023-09-05,28116.98
Nifty G-Sec Index,2023-09-05,2870.22
Nifty 50 TRI,2023-09-06,40948.23
Nifty Next 50 TRI,2023-09-06,56851.98
Nifty Midcap 150 TRI,2023-09-06,15843.42
Nifty Smallcap 250 TRI,2023-09-06,11475.55
Nifty 500 TRI,2023-09-06,27278.23
Nifty G-Sec Index,2023-09-06,2874.57
Nifty 50 TRI,2023-09-07,41333.28
Nifty Next 50 TRI,2023-09-07,57427.19
Nifty Midcap 150 TRI,2023-09-07,15857.74
Nifty Smallcap 250 TRI,2023-09-07,11755.59
Nifty 500 TRI,2023-09-07,27707.1
Nifty G-Sec Index,2023-09-07,2874.59
Nifty 50 TRI,2023-09-08,41654.65
Nifty Next 50 TRI,2023-09-08,56588.92
Nifty Midcap 150 TRI,2023-09-08,16396.47
Nifty Smallcap 250 TRI,2023-09-08,11467.04
Nifty 500 TRI,2023-09-08,27616.66
Nifty G-Sec Index,2023-09-08,2874.51
Nifty 50 TRI,2023-09-11,41028.99
Nifty Next 50 TRI,2023-09-11,56961.55
Nifty Midcap 150 TRI,2023-09-11,16543.24
Nifty Smallcap 250 TRI,2023-09-11,11491.71
Nifty 500 TRI,2023-09-11,27953.67
Nifty G-Sec Index,2023-09-11,2867.09
Nifty 50 TRI,2023-09-12,42121.87
Nifty Next 50 TRI,2023-09-12,57777.23
Nifty Midcap 150 TRI,2023-09-12,16637.01
Nifty Smallcap 250 TRI,2023-09-12,11735.19
Nifty 500 TRI,2023-09-12,28106.36
Nifty G-Sec Index,2023-09-12,2874.3
Nifty 50 TRI,2023-09-13,41975.32
Nifty Next 50 TRI,2023-09-13,57842.64
Nifty Midcap 150 TRI,2023-09-13,16699.06
Nifty Smallcap 250 TRI,2023-09-13,11904.29
Nifty 500 TRI,2023-09-13,27718.28
Nifty G-Sec Index,2023-09-13,2868.33
Nifty 50 TRI,2023-09-14,42986.28
Nifty Next 50 TRI,2023-09-14,56355.52
Nifty Midcap 150 TRI,2023-09-14,16662.48
Nifty Smallcap 250 TRI,2023-09-14,11749.58
Nifty 500 TRI,2023-09-14,27350.38
Nifty G-Sec Index,2023-09-14,2867.35
Nifty 50 TRI,2023-09-15,42413.04
Nifty Next 50 TRI,2023-09-15,56857.98
Nifty Midcap 150 TRI,2023-09-15,16826.95
Nifty Smallcap 250 TRI,2023-09-15,11769.43
Nifty 500 TRI,2023-09-15,27434.84
Nifty G-Sec Index,2023-09-15,2862.4
Nifty 50 TRI,2023-09-18,43419.5
Nifty Next 50 TRI,2023-09-18,57432.44
Nifty Midcap 150 TRI,2023-09-18,16560.72
Nifty Smallcap 250 TRI,2023-09-18,11493.89
Nifty 500 TRI,2023-09-18,27173.78
Nifty G-Sec Index,2023-09-18,2857.42
Nifty 50 TRI,2023-09-19,42707.08
Nifty Next 50 TRI,2023-09-19,56942.49
Nifty Midcap 150 TRI,2023-09-19,16286.37
Nifty Smallcap 250 TRI,2023-09-19,11738.56
Nifty 500 TRI,2023-09-19,26942.89
Nifty G-Sec Index,2023-09-19,2867.73
Nifty 50 TRI,2023-09-20,43371.52
Nifty Next 50 TRI,2023-09-20,56971.49
Nifty Midcap 150 TRI,2023-09-20,15645.61
Nifty Smallcap 250 TRI,2023-09-20,11830.96
Nifty 500 TRI,2023-09-20,27348.56
Nifty G-Sec Index,2023-09-20,2869.38
Nifty 50 TRI,2023-09-21,43970.5
Nifty Next 50 TRI,2023-09-21,57035.47
Nifty Midcap 150 TRI,2023-09-21,15906.98
Nifty Smallcap 250 TRI,2023-09-21,11387.8
Nifty 500 TRI,2023-09-21,27039.12
Nifty G-Sec Index,2023-09-21,2855.94
Nifty 50 TRI,2023-09-22,44838.86
Nifty Next 50 TRI,2023-09-22,57173.55
Nifty Midcap 150 TRI,2023-09-22,15796.87
Nifty Smallcap 250 TRI,2023-09-22,11043.64
Nifty 500 TRI,2023-09-22,26654.31
Nifty G-Sec Index,2023-09-22,2851.55
Nifty 50 TRI,2023-09-25,45624.65
Nifty Next 50 TRI,2023-09-25,57810.24
Nifty Midcap 150 TRI,2023-09-25,15807.45
Nifty Smallcap 250 TRI,2023-09-25,11232.68
Nifty 500 TRI,2023-09-25,26981.96
Nifty G-Sec Index,2023-09-25,2860.49
Nifty 50 TRI,2023-09-26,45216.4
Nifty Next 50 TRI,2023-09-26,59117.1
Nifty Midcap 150 TRI,2023-09-26,15753.54
Nifty Smallcap 250 TRI,2023-09-26,11246.08
Nifty 500 TRI,2023-09-26,26598.73
Nifty G-Sec Index,2023-09-26,2851.42
Nifty 50 TRI,2023-09-27,45121.14
Nifty Next 50 TRI,2023-09-27,58886.81
Nifty Midcap 150 TRI,2023-09-27,15857.92
Nifty Smallcap 250 TRI,2023-09-27,11202.44
Nifty 500 TRI,2023-09-27,26940.58
Nifty G-Sec Index,2023-09-27,2854.96
Nifty 50 TRI,2023-09-28,45957.55
Nifty Next 50 TRI,2023-09-28,58960.16
Nifty Midcap 150 TRI,2023-09-28,15761.73
Nifty Smallcap 250 TRI,2023-09-28,11306.09
Nifty 500 TRI,2023-09-28,26690.4
Nifty G-Sec Index,2023-09-28,2863.37
Nifty 50 TRI,2023-09-29,46772.98
Nifty Next 50 TRI,2023-09-29,56986.42
Nifty Midcap 150 TRI,2023-09-29,15478.48
Nifty Smallcap 250 TRI,2023-09-29,11321.72
Nifty 500 TRI,2023-09-29,26981.13
Nifty G-Sec Index,2023-09-29,2862.47
Nifty 50 TRI,2023-10-02,46650.13
Nifty Next 50 TRI,2023-10-02,57659.97
Nifty Midcap 150 TRI,2023-10-02,15517.56
Nifty Smallcap 250 TRI,2023-10-02,10952.97
Nifty 500 TRI,2023-10-02,27304.91
Nifty G-Sec Index,2023-10-02,2867.33
Nifty 50 TRI,2023-10-03,46928.18
Nifty Next 50 TRI,2023-10-03,58499.44
Nifty Midcap 150 TRI,2023-10-03,15854.63
Nifty Smallcap 250 TRI,2023-10-03,10796.02
Nifty 500 TRI,2023-10-03,26994.19
Nifty G-Sec Index,2023-10-03,2870.72
Nifty 50 TRI,2023-10-04,47198.47
Nifty Next 50 TRI,2023-10-04,58518.99
Nifty Midcap 150 TRI,2023-10-04,16105.82
Nifty Smallcap 250 TRI,2023-10-04,10725.62
Nifty 500 TRI,2023-10-04,27119.45
Nifty G-Sec Index,2023-10-04,2869.8
Nifty 50 TRI,2023-10-05,46823.64
Nifty Next 50 TRI,2023-10-05,57909.82
Nifty Midcap 150 TRI,2023-10-05,16207.17
Nifty Smallcap 250 TRI,2023-10-05,10790.07
Nifty 500 TRI,2023-10-05,26909.16
Nifty G-Sec Index,2023-10-05,2868.1
Nifty 50 TRI,2023-10-06,47169.45
Nifty Next 50 TRI,2023-10-06,58640.64
Nifty Midcap 150 TRI,2023-10-06,16164.68
Nifty Smallcap 250 TRI,2023-10-06,10727.45
Nifty 500 TRI,2023-10-06,26966.61
Nifty G-Sec Index,2023-10-06,2865.52
Nifty 50 TRI,2023-10-09,47288.45
Nifty Next 50 TRI,2023-10-09,59155.34
Nifty Midcap 150 TRI,2023-10-09,15999.21
Nifty Smallcap 250 TRI,2023-10-09,10685.27
Nifty 500 TRI,2023-10-09,27435.3
Nifty G-Sec Index,2023-10-09,2852.45
Nifty 50 TRI,2023-10-10,47239.64
Nifty Next 50 TRI,2023-10-10,58959.32
Nifty Midcap 150 TRI,2023-10-10,16107.78
Nifty Smallcap 250 TRI,2023-10-10,10469.49
Nifty 500 TRI,2023-10-10,27415.57
Nifty G-Sec Index,2023-10-10,2857.38
Nifty 50 TRI,2023-10-11,46743.17
Nifty Next 50 TRI,2023-10-11,57563.57
Nifty Midcap 150 TRI,2023-10-11,15557.43
Nifty Smallcap 250 TRI,2023-10-11,10375.49
Nifty 500 TRI,2023-10-11,27509.23
Nifty G-Sec Index,2023-10-11,2850.85
Nifty 50 TRI,2023-10-12,46947.52
Nifty Next 50 TRI,2023-10-12,58035.75
Nifty Midcap 150 TRI,2023-10-12,15446.34
Nifty Smallcap 250 TRI,2023-10-12,10460.87
Nifty 500 TRI,2023-10-12,27442.56
Nifty G-Sec Index,2023-10-12,2851.33
Nifty 50 TRI,2023-10-16,47915.01
Nifty Next 50 TRI,2023-10-16,60789.04
Nifty Midcap 150 TRI,2023-10-16,15440.58
Nifty Smallcap 250 TRI,2023-10-16,11033.14
Nifty 500 TRI,2023-10-16,27510.66
Nifty G-Sec Index,2023-10-16,2850.92
Nifty 50 TRI,2023-10-17,47582.46
Nifty Next 50 TRI,2023-10-17,60910.92
Nifty Midcap 150 TRI,2023-10-17,15887.03
Nifty Smallcap 250 TRI,2023-10-17,11004.27
Nifty 500 TRI,2023-10-17,27435.75
Nifty G-Sec Index,2023-10-17,2850.56
Nifty 50 TRI,2023-10-18,47079.87
Nifty Next 50 TRI,2023-10-18,61361.27
Nifty Midcap 150 TRI,2023-10-18,15822.43
Nifty Smallcap 250 TRI,2023-10-18,11185.53
Nifty 500 TRI,2023-10-18,27711.64
Nifty G-Sec Index,2023-10-18,2855.71
Nifty 50 TRI,2023-10-19,46879.93
Nifty Next 50 TRI,2023-10-19,61028.89
Nifty Midcap 150 TRI,2023-10-19,16058.22
Nifty Smallcap 250 TRI,2023-10-19,11142.73
Nifty 500 TRI,2023-10-19,27075.59
Nifty G-Sec Index,2023-10-19,2850.66
Nifty 50 TRI,2023-10-20,46240.86
Nifty Next 50 TRI,2023-10-20,61688.86
Nifty Midcap 150 TRI,2023-10-20,16287.6
Nifty Smallcap 250 TRI,2023-10-20,11512.25
Nifty 500 TRI,2023-10-20,26466.94
Nifty G-Sec Index,2023-10-20,2856.19
Nifty 50 TRI,2023-10-23,46633.29
Nifty Next 50 TRI,2023-10-23,62461.76
Nifty Midcap 150 TRI,2023-10-23,15956.43
Nifty Smallcap 250 TRI,2023-10-23,11770.98
Nifty 500 TRI,2023-10-23,26445.82
Nifty G-Sec Index,2023-10-23,2858.93
Nifty 50 TRI,2023-10-24,46493.85
Nifty Next 50 TRI,2023-10-24,63941.03
Nifty Midcap 150 TRI,2023-10-24,15766.25
Nifty Smallcap 250 TRI,2023-10-24,11898.65
Nifty 500 TRI,2023-10-24,26251.96
Nifty G-Sec Index,2023-10-24,2869.93
Nifty 50 TRI,2023-10-25,46803.03
Nifty Next 50 TRI,2023-10-25,63942.22
Nifty Midcap 150 TRI,2023-10-25,15514.91
Nifty Smallcap 250 TRI,2023-10-25,11807.36
Nifty 500 TRI,2023-10-25,25783.82
Nifty G-Sec Index,2023-10-25,2883.56
Nifty 50 TRI,2023-10-26,46119.43
Nifty Next 50 TRI,2023-10-26,64376.35
Nifty Midcap 150 TRI,2023-10-26,15817.57
Nifty Smallcap 250 TRI,2023-10-26,11489.2
Nifty 500 TRI,2023-10-26,25319.42
Nifty G-Sec Index,2023-10-26,2879.21
Nifty 50 TRI,2023-10-27,46473.02
Nifty Next 50 TRI,2023-10-27,64334.7
Nifty Midcap 150 TRI,2023-10-27,15549.46
Nifty Smallcap 250 TRI,2023-10-27,11294.04
Nifty 500 TRI,2023-10-27,25414.91
Nifty G-Sec Index,2023-10-27,2871.93
Nifty 50 TRI,2023-10-30,46507.36
Nifty Next 50 TRI,2023-10-30,64886.16
Nifty Midcap 150 TRI,2023-10-30,15306.1
Nifty Smallcap 250 TRI,2023-10-30,10840.63
Nifty 500 TRI,2023-10-30,25508.88
Nifty G-Sec Index,2023-10-30,2885.71
Nifty 50 TRI,2023-10-31,46716.57
Nifty Next 50 TRI,2023-10-31,64756.16
Nifty Midcap 150 TRI,2023-10-31,14921.26
Nifty Smallcap 250 TRI,2023-10-31,10755.79
Nifty 500 TRI,2023-10-31,25662.81
Nifty G-Sec Index,2023-10-31,2888.64
Nifty 50 TRI,2023-11-01,46570.07
Nifty Next 50 TRI,2023-11-01,65553.27
Nifty Midcap 150 TRI,2023-11-01,14805.84
Nifty Smallcap 250 TRI,2023-11-01,10660.92
Nifty 500 TRI,2023-11-01,25617.11
Nifty G-Sec Index,2023-11-01,2890.93
Nifty 50 TRI,2023-11-02,46084.66
Nifty Next 50 TRI,2023-11-02,68059.71
Nifty Midcap 150 TRI,2023-11-02,14932.05
Nifty Smallcap 250 TRI,2023-11-02,10794.32
Nifty 500 TRI,2023-11-02,25403.87
Nifty G-Sec Index,2023-11-02,2895.19
Nifty 50 TRI,2023-11-03,46046.12
Nifty Next 50 TRI,2023-11-03,68079.14
Nifty Midcap 150 TRI,2023-11-03,14919.9
Nifty Smallcap 250 TRI,2023-11-03,10661.71
Nifty 500 TRI,2023-11-03,25866.22
Nifty G-Sec Index,2023-11-03,2897.34
Nifty 50 TRI,2023-11-06,46175.21
Nifty Next 50 TRI,2023-11-06,68575.13
Nifty Midcap 150 TRI,2023-11-06,15068.16
Nifty Smallcap 250 TRI,2023-11-06,10815.0
Nifty 500 TRI,2023-11-06,25728.91
Nifty G-Sec Index,2023-11-06,2907.17
Nifty 50 TRI,2023-11-07,46470.42
Nifty Next 50 TRI,2023-11-07,68619.55
Nifty Midcap 150 TRI,2023-11-07,15061.22
Nifty Smallcap 250 TRI,2023-11-07,10716.53
Nifty 500 TRI,2023-11-07,26333.0
Nifty G-Sec Index,2023-11-07,2910.76
Nifty 50 TRI,2023-11-08,47083.07
Nifty Next 50 TRI,2023-11-08,67849.78
Nifty Midcap 150 TRI,2023-11-08,14970.39
Nifty Smallcap 250 TRI,2023-11-08,10602.42
Nifty 500 TRI,2023-11-08,26818.85
Nifty G-Sec Index,2023-11-08,2911.41
Nifty 50 TRI,2023-11-09,47347.64
Nifty Next 50 TRI,2023-11-09,67500.18
Nifty Midcap 150 TRI,2023-11-09,15173.51
Nifty Smallcap 250 TRI,2023-11-09,10746.14
Nifty 500 TRI,2023-11-09,26500.59
Nifty G-Sec Index,2023-11-09,2890.91
Nifty 50 TRI,2023-11-10,48524.57
Nifty Next 50 TRI,2023-11-10,69084.69
Nifty Midcap 150 TRI,2023-11-10,15774.74
Nifty Smallcap 250 TRI,2023-11-10,10577.42
Nifty 500 TRI,2023-11-10,26587.85
Nifty G-Sec Index,2023-11-10,2889.29
Nifty 50 TRI,2023-11-13,48425.12
Nifty Next 50 TRI,2023-11-13,68310.77
Nifty Midcap 150 TRI,2023-11-13,15587.21
Nifty Smallcap 250 TRI,2023-11-13,10427.41
Nifty 500 TRI,2023-11-13,26981.76
Nifty G-Sec Index,2023-11-13,2905.0
Nifty 50 TRI,2023-11-14,48110.95
Nifty Next 50 TRI,2023-11-14,68664.65
Nifty Midcap 150 TRI,2023-11-14,15711.92
Nifty Smallcap 250 TRI,2023-11-14,10284.69
Nifty 500 TRI,2023-11-14,27247.79
Nifty G-Sec Index,2023-11-14,2897.57
Nifty 50 TRI,2023-11-15,48034.44
Nifty Next 50 TRI,2023-11-15,69483.19
Nifty Midcap 150 TRI,2023-11-15,15888.99
Nifty Smallcap 250 TRI,2023-11-15,10505.99
Nifty 500 TRI,2023-11-15,27465.06
Nifty G-Sec Index,2023-11-15,2896.15
Nifty 50 TRI,2023-11-16,48503.53
Nifty Next 50 TRI,2023-11-16,68770.62
Nifty Midcap 150 TRI,2023-11-16,15681.33
Nifty Smallcap 250 TRI,2023-11-16,10520.87
Nifty 500 TRI,2023-11-16,27287.0
Nifty G-Sec Index,2023-11-16,2896.81
Nifty 50 TRI,2023-11-17,49039.19
Nifty Next 50 TRI,2023-11-17,68147.62
Nifty Midcap 150 TRI,2023-11-17,15795.94
Nifty Smallcap 250 TRI,2023-11-17,10481.88
Nifty 500 TRI,2023-11-17,27332.05
Nifty G-Sec Index,2023-11-17,2887.52
Nifty 50 TRI,2023-11-20,48945.68
Nifty Next 50 TRI,2023-11-20,68685.94
Nifty Midcap 150 TRI,2023-11-20,15667.5
Nifty Smallcap 250 TRI,2023-11-20,10636.78
Nifty 500 TRI,2023-11-20,27842.36
Nifty G-Sec Index,2023-11-20,2902.36
Nifty 50 TRI,2023-11-21,49190.87
Nifty Next 50 TRI,2023-11-21,68857.61
Nifty Midcap 150 TRI,2023-11-21,16023.24
Nifty Smallcap 250 TRI,2023-11-21,10756.78
Nifty 500 TRI,2023-11-21,27627.55
Nifty G-Sec Index,2023-11-21,2899.0
Nifty 50 TRI,2023-11-22,49346.32
Nifty Next 50 TRI,2023-11-22,70626.26
Nifty Midcap 150 TRI,2023-11-22,16042.67
Nifty Smallcap 250 TRI,2023-11-22,10808.66
Nifty 500 TRI,2023-11-22,27731.98
Nifty G-Sec Index,2023-11-22,2907.85
Nifty 50 TRI,2023-11-23,49404.3
Nifty Next 50 TRI,2023-11-23,72912.41
Nifty Midcap 150 TRI,2023-11-23,16277.31
Nifty Smallcap 250 TRI,2023-11-23,10857.33
Nifty 500 TRI,2023-11-23,27741.22
Nifty G-Sec Index,2023-11-23,2911.68
Nifty 50 TRI,2023-11-24,48810.87
Nifty Next 50 TRI,2023-11-24,73521.11
Nifty Midcap 150 TRI,2023-11-24,16461.8
Nifty Smallcap 250 TRI,2023-11-24,10829.32
Nifty 500 TRI,2023-11-24,27964.91
Nifty G-Sec Index,2023-11-24,2917.47
Nifty 50 TRI,2023-11-27,48327.41
Nifty Next 50 TRI,2023-11-27,73691.79
Nifty Midcap 150 TRI,2023-11-27,16289.11
Nifty Smallcap 250 TRI,2023-11-27,11023.18
Nifty 500 TRI,2023-11-27,28035.29
Nifty G-Sec Index,2023-11-27,2924.34
Nifty 50 TRI,2023-11-28,47924.18
Nifty Next 50 TRI,2023-11-28,72473.54
Nifty Midcap 150 TRI,2023-11-28,16523.64
Nifty Smallcap 250 TRI,2023-11-28,11309.15
Nifty 500 TRI,2023-11-28,27559.74
Nifty G-Sec Index,2023-11-28,2929.85
Nifty 50 TRI,2023-11-30,48812.59
Nifty Next 50 TRI,2023-11-30,71520.82
Nifty Midcap 150 TRI,2023-11-30,16740.02
Nifty Smallcap 250 TRI,2023-11-30,11142.32
Nifty 500 TRI,2023-11-30,27274.6
Nifty G-Sec Index,2023-11-30,2925.49
Nifty 50 TRI,2023-12-01,49236.07
Nifty Next 50 TRI,2023-12-01,71192.0
Nifty Midcap 150 TRI,2023-12-01,16996.16
Nifty Smallcap 250 TRI,2023-12-01,11122.19
Nifty 500 TRI,2023-12-01,26910.9
Nifty G-Sec Index,2023-12-01,2926.14
Nifty 50 TRI,2023-12-04,48763.98
Nifty Next 50 TRI,2023-12-04,72873.73
Nifty Midcap 150 TRI,2023-12-04,17113.31
Nifty Smallcap 250 TRI,2023-12-04,10881.7
Nifty 500 TRI,2023-12-04,26993.54
Nifty G-Sec Index,2023-12-04,2923.75
Nifty 50 TRI,2023-12-05,50290.23
Nifty Next 50 TRI,2023-12-05,73472.23
Nifty Midcap 150 TRI,2023-12-05,17247.07
Nifty Smallcap 250 TRI,2023-12-05,11289.03
Nifty 500 TRI,2023-12-05,27175.58
Nifty G-Sec Index,2023-12-05,2929.77
Nifty 50 TRI,2023-12-06,50954.79
Nifty Next 50 TRI,2023-12-06,73399.05
Nifty Midcap 150 TRI,2023-12-06,17573.58
Nifty Smallcap 250 TRI,2023-12-06,11658.3
Nifty 500 TRI,2023-12-06,26438.94
Nifty G-Sec Index,2023-12-06,2924.99
Nifty 50 TRI,2023-12-07,51087.85
Nifty Next 50 TRI,2023-12-07,74602.18
Nifty Midcap 150 TRI,2023-12-07,17725.56
Nifty Smallcap 250 TRI,2023-12-07,11726.66
Nifty 500 TRI,2023-12-07,26419.15
Nifty G-Sec Index,2023-12-07,2917.98
Nifty 50 TRI,2023-12-08,50649.06
Nifty Next 50 TRI,2023-12-08,73536.03
Nifty Midcap 150 TRI,2023-12-08,17513.92
Nifty Smallcap 250 TRI,2023-12-08,11799.73
Nifty 500 TRI,2023-12-08,26546.49
Nifty G-Sec Index,2023-12-08,2923.84
Nifty 50 TRI,2023-12-11,50663.41
Nifty Next 50 TRI,2023-12-11,73848.31
Nifty Midcap 150 TRI,2023-12-11,17168.21
Nifty Smallcap 250 TRI,2023-12-11,11807.86
Nifty 500 TRI,2023-12-11,26058.09
Nifty G-Sec Index,2023-12-11,2919.37
Nifty 50 TRI,2023-12-12,50162.78
Nifty Next 50 TRI,2023-12-12,73205.56
Nifty Midcap 150 TRI,2023-12-12,17208.49
Nifty Smallcap 250 TRI,2023-12-12,11832.54
Nifty 500 TRI,2023-12-12,26261.1
Nifty G-Sec Index,2023-12-12,2913.61
Nifty 50 TRI,2023-12-13,49887.5
Nifty Next 50 TRI,2023-12-13,73455.17
Nifty Midcap 150 TRI,2023-12-13,17583.96
Nifty Smallcap 250 TRI,2023-12-13,11730.95
Nifty 500 TRI,2023-12-13,26374.77
Nifty G-Sec Index,2023-12-13,2921.16
Nifty 50 TRI,2023-12-14,49904.85
Nifty Next 50 TRI,2023-12-14,73882.25
Nifty Midcap 150 TRI,2023-12-14,17813.85
Nifty Smallcap 250 TRI,2023-12-14,11994.4
Nifty 500 TRI,2023-12-14,26073.5
Nifty G-Sec Index,2023-12-14,2927.48
Nifty 50 TRI,2023-12-15,49799.88
Nifty Next 50 TRI,2023-12-15,75317.72
Nifty Midcap 150 TRI,2023-12-15,18086.79
Nifty Smallcap 250 TRI,2023-12-15,11980.72
Nifty 500 TRI,2023-12-15,25847.94
Nifty G-Sec Index,2023-12-15,2932.26
Nifty 50 TRI,2023-12-18,49691.89
Nifty Next 50 TRI,2023-12-18,76457.71
Nifty Midcap 150 TRI,2023-12-18,18084.95
Nifty Smallcap 250 TRI,2023-12-18,12086.7
Nifty 500 TRI,2023-12-18,25538.51
Nifty G-Sec Index,2023-12-18,2932.77
Nifty 50 TRI,2023-12-19,49056.29
Nifty Next 50 TRI,2023-12-19,75584.53
Nifty Midcap 150 TRI,2023-12-19,17699.55
Nifty Smallcap 250 TRI,2023-12-19,11947.8
Nifty 500 TRI,2023-12-19,25370.97
Nifty G-Sec Index,2023-12-19,2929.82
Nifty 50 TRI,2023-12-20,49349.43
Nifty Next 50 TRI,2023-12-20,74609.37
Nifty Midcap 150 TRI,2023-12-20,18236.91
Nifty Smallcap 250 TRI,2023-12-20,11594.46
Nifty 500 TRI,2023-12-20,25977.56
Nifty G-Sec Index,2023-12-20,2946.08
Nifty 50 TRI,2023-12-21,49998.56
Nifty Next 50 TRI,2023-12-21,74081.84
Nifty Midcap 150 TRI,2023-12-21,18449.05
Nifty Smallcap 250 TRI,2023-12-21,11640.73
Nifty 500 TRI,2023-12-21,25856.12
Nifty G-Sec Index,2023-12-21,2933.51
Nifty 50 TRI,2023-12-22,49572.83
Nifty Next 50 TRI,2023-12-22,73162.23
Nifty Midcap 150 TRI,2023-12-22,18381.73
Nifty Smallcap 250 TRI,2023-12-22,11896.2
Nifty 500 TRI,2023-12-22,25892.36
Nifty G-Sec Index,2023-12-22,2924.91
Nifty 50 TRI,2023-12-25,49526.74
Nifty Next 50 TRI,2023-12-25,73640.06
Nifty Midcap 150 TRI,2023-12-25,18039.25
Nifty Smallcap 250 TRI,2023-12-25,11735.94
Nifty 500 TRI,2023-12-25,25703.23
Nifty G-Sec Index,2023-12-25,2914.35
Nifty 50 TRI,2023-12-26,49614.97
Nifty Next 50 TRI,2023-12-26,72419.03
Nifty Midcap 150 TRI,2023-12-26,18148.03
Nifty Smallcap 250 TRI,2023-12-26,11994.83
Nifty 500 TRI,2023-12-26,25717.97
Nifty G-Sec Index,2023-12-26,2911.23
Nifty 50 TRI,2023-12-27,49595.02
Nifty Next 50 TRI,2023-12-27,71990.72
Nifty Midcap 150 TRI,2023-12-27,18419.78
Nifty Smallcap 250 TRI,2023-12-27,11927.03
Nifty 500 TRI,2023-12-27,25795.25
Nifty G-Sec Index,2023-12-27,2907.75
Nifty 50 TRI,2023-12-28,49941.92
Nifty Next 50 TRI,2023-12-28,70721.33
Nifty Midcap 150 TRI,2023-12-28,19088.94
Nifty Smallcap 250 TRI,2023-12-28,11981.45
Nifty 500 TRI,2023-12-28,26017.18
Nifty G-Sec Index,2023-12-28,2909.6
Nifty 50 TRI,2023-12-29,49644.49
Nifty Next 50 TRI,2023-12-29,70314.25
Nifty Midcap 150 TRI,2023-12-29,19582.63
Nifty Smallcap 250 TRI,2023-12-29,11972.48
Nifty 500 TRI,2023-12-29,26355.17
Nifty G-Sec Index,2023-12-29,2918.17
Nifty 50 TRI,2024-01-01,49343.05
Nifty Next 50 TRI,2024-01-01,71779.43
Nifty Midcap 150 TRI,2024-01-01,19484.04
Nifty Smallcap 250 TRI,2024-01-01,11803.27
Nifty 500 TRI,2024-01-01,26410.64
Nifty G-Sec Index,2024-01-01,2930.31
Nifty 50 TRI,2024-01-02,49310.39
Nifty Next 50 TRI,2024-01-02,72094.37
Nifty Midcap 150 TRI,2024-01-02,19428.71
Nifty Smallcap 250 TRI,2024-01-02,12006.84
Nifty 500 TRI,2024-01-02,26244.64
Nifty G-Sec Index,2024-01-02,2933.61
Nifty 50 TRI,2024-01-03,50119.68
Nifty Next 50 TRI,2024-01-03,69992.03
Nifty Midcap 150 TRI,2024-01-03,19374.51
Nifty Smallcap 250 TRI,2024-01-03,12027.19
Nifty 500 TRI,2024-01-03,25831.76
Nifty G-Sec Index,2024-01-03,2931.28
Nifty 50 TRI,2024-01-04,50782.96
Nifty Next 50 TRI,2024-01-04,69662.91
Nifty Midcap 150 TRI,2024-01-04,19382.78
Nifty Smallcap 250 TRI,2024-01-04,12169.95
Nifty 500 TRI,2024-01-04,25733.26
Nifty G-Sec Index,2024-01-04,2929.48
Nifty 50 TRI,2024-01-05,51737.86
Nifty Next 50 TRI,2024-01-05,70354.08
Nifty Midcap 150 TRI,2024-01-05,19483.95
Nifty Smallcap 250 TRI,2024-01-05,12412.47
Nifty 500 TRI,2024-01-05,26234.21
Nifty G-Sec Index,2024-01-05,2927.12
Nifty 50 TRI,2024-01-08,51376.71
Nifty Next 50 TRI,2024-01-08,71208.46
Nifty Midcap 150 TRI,2024-01-08,19222.13
Nifty Smallcap 250 TRI,2024-01-08,12538.06
Nifty 500 TRI,2024-01-08,26096.64
Nifty G-Sec Index,2024-01-08,2939.02
Nifty 50 TRI,2024-01-09,51838.09
Nifty Next 50 TRI,2024-01-09,71513.51
Nifty Midcap 150 TRI,2024-01-09,19304.58
Nifty Smallcap 250 TRI,2024-01-09,12488.3
Nifty 500 TRI,2024-01-09,26602.06
Nifty G-Sec Index,2024-01-09,2938.54
Nifty 50 TRI,2024-01-10,50665.4
Nifty Next 50 TRI,2024-01-10,71640.7
Nifty Midcap 150 TRI,2024-01-10,19541.21
Nifty Smallcap 250 TRI,2024-01-10,12436.55
Nifty 500 TRI,2024-01-10,26270.32
Nifty G-Sec Index,2024-01-10,2933.95
Nifty 50 TRI,2024-01-11,50190.42
Nifty Next 50 TRI,2024-01-11,71349.92
Nifty Midcap 150 TRI,2024-01-11,19298.25
Nifty Smallcap 250 TRI,2024-01-11,11957.62
Nifty 500 TRI,2024-01-11,26102.64
Nifty G-Sec Index,2024-01-11,2947.91
Nifty 50 TRI,2024-01-12,50836.09
Nifty Next 50 TRI,2024-01-12,72743.01
Nifty Midcap 150 TRI,2024-01-12,19109.01
Nifty Smallcap 250 TRI,2024-01-12,11616.81
Nifty 500 TRI,2024-01-12,26253.42
Nifty G-Sec Index,2024-01-12,2944.22
Nifty 50 TRI,2024-01-15,50785.46
Nifty Next 50 TRI,2024-01-15,74244.86
Nifty Midcap 150 TRI,2024-01-15,18973.71
Nifty Smallcap 250 TRI,2024-01-15,11625.91
Nifty 500 TRI,2024-01-15,27188.44
Nifty G-Sec Index,2024-01-15,2953.22
Nifty 50 TRI,2024-01-17,50855.7
Nifty Next 50 TRI,2024-01-17,75819.19
Nifty Midcap 150 TRI,2024-01-17,18013.19
Nifty Smallcap 250 TRI,2024-01-17,11304.19
Nifty 500 TRI,2024-01-17,27280.67
Nifty G-Sec Index,2024-01-17,2956.49
Nifty 50 TRI,2024-01-19,50732.79
Nifty Next 50 TRI,2024-01-19,74856.45
Nifty Midcap 150 TRI,2024-01-19,18119.3
Nifty Smallcap 250 TRI,2024-01-19,11480.88
Nifty 500 TRI,2024-01-19,26559.84
Nifty G-Sec Index,2024-01-19,2961.65
Nifty 50 TRI,2024-01-22,50683.01
Nifty Next 50 TRI,2024-01-22,73779.35
Nifty Midcap 150 TRI,2024-01-22,18371.12
Nifty Smallcap 250 TRI,2024-01-22,11576.4
Nifty 500 TRI,2024-01-22,26376.86
Nifty G-Sec Index,2024-01-22,2952.44
Nifty 50 TRI,2024-01-23,50953.91
Nifty Next 50 TRI,2024-01-23,74886.06
Nifty Midcap 150 TRI,2024-01-23,18249.93
Nifty Smallcap 250 TRI,2024-01-23,11744.68
Nifty 500 TRI,2024-01-23,26843.72
Nifty G-Sec Index,2024-01-23,2954.48
Nifty 50 TRI,2024-01-24,51512.26
Nifty Next 50 TRI,2024-01-24,73870.37
Nifty Midcap 150 TRI,2024-01-24,18127.85
Nifty Smallcap 250 TRI,2024-01-24,11768.12
Nifty 500 TRI,2024-01-24,27197.55
Nifty G-Sec Index,2024-01-24,2952.71
Nifty 50 TRI,2024-01-25,51239.73
Nifty Next 50 TRI,2024-01-25,74956.58
Nifty Midcap 150 TRI,2024-01-25,18143.95
Nifty Smallcap 250 TRI,2024-01-25,11776.08
Nifty 500 TRI,2024-01-25,27980.0
Nifty G-Sec Index,2024-01-25,2962.5
Nifty 50 TRI,2024-01-26,51032.06
Nifty Next 50 TRI,2024-01-26,74290.19
Nifty Midcap 150 TRI,2024-01-26,18603.45
Nifty Smallcap 250 TRI,2024-01-26,12094.69
Nifty 500 TRI,2024-01-26,27054.81
Nifty G-Sec Index,2024-01-26,2959.93
Nifty 50 TRI,2024-01-30,51922.79
Nifty Next 50 TRI,2024-01-30,74100.83
Nifty Midcap 150 TRI,2024-01-30,17639.87
Nifty Smallcap 250 TRI,2024-01-30,12263.95
Nifty 500 TRI,2024-01-30,26937.61
Nifty G-Sec Index,2024-01-30,2994.53
Nifty 50 TRI,2024-02-01,50866.11
Nifty Next 50 TRI,2024-02-01,73711.43
Nifty Midcap 150 TRI,2024-02-01,18112.59
Nifty Smallcap 250 TRI,2024-02-01,12698.02
Nifty 500 TRI,2024-02-01,26811.05
Nifty G-Sec Index,2024-02-01,2979.4
Nifty 50 TRI,2024-02-02,51100.34
Nifty Next 50 TRI,2024-02-02,74958.02
Nifty Midcap 150 TRI,2024-02-02,18358.09
Nifty Smallcap 250 TRI,2024-02-02,12894.98
Nifty 500 TRI,2024-02-02,26922.33
Nifty G-Sec Index,2024-02-02,2956.92
Nifty 50 TRI,2024-02-05,51590.37
Nifty Next 50 TRI,2024-02-05,75310.34
Nifty Midcap 150 TRI,2024-02-05,18424.86
Nifty Smallcap 250 TRI,2024-02-05,12698.57
Nifty 500 TRI,2024-02-05,27183.26
Nifty G-Sec Index,2024-02-05,2979.84
Nifty 50 TRI,2024-02-06,50417.48
Nifty Next 50 TRI,2024-02-06,73096.92
Nifty Midcap 150 TRI,2024-02-06,18002.46
Nifty Smallcap 250 TRI,2024-02-06,12646.46
Nifty 500 TRI,2024-02-06,26724.0
Nifty G-Sec Index,2024-02-06,2973.58
Nifty 50 TRI,2024-02-07,49902.85
Nifty Next 50 TRI,2024-02-07,75128.52
Nifty Midcap 150 TRI,2024-02-07,18038.26
Nifty Smallcap 250 TRI,2024-02-07,12912.06
Nifty 500 TRI,2024-02-07,26981.7
Nifty G-Sec Index,2024-02-07,2966.56
Nifty 50 TRI,2024-02-08,51180.37
Nifty Next 50 TRI,2024-02-08,76501.46
Nifty Midcap 150 TRI,2024-02-08,18030.7
Nifty Smallcap 250 TRI,2024-02-08,12822.9
Nifty 500 TRI,2024-02-08,27702.19
Nifty G-Sec Index,2024-02-08,2971.52
Nifty 50 TRI,2024-02-09,51048.55
Nifty Next 50 TRI,2024-02-09,76223.52
Nifty Midcap 150 TRI,2024-02-09,18150.7
Nifty Smallcap 250 TRI,2024-02-09,12966.2
Nifty 500 TRI,2024-02-09,28261.8
Nifty G-Sec Index,2024-02-09,2966.09
Nifty 50 TRI,2024-02-12,51538.2
Nifty Next 50 TRI,2024-02-12,76594.68
Nifty Midcap 150 TRI,2024-02-12,18406.42
Nifty Smallcap 250 TRI,2024-02-12,12996.51
Nifty 500 TRI,2024-02-12,28406.23
Nifty G-Sec Index,2024-02-12,2974.63
Nifty 50 TRI,2024-02-13,52318.48
Nifty Next 50 TRI,2024-02-13,76155.43
Nifty Midcap 150 TRI,2024-02-13,18399.66
Nifty Smallcap 250 TRI,2024-02-13,12853.96
Nifty 500 TRI,2024-02-13,28539.43
Nifty G-Sec Index,2024-02-13,2962.92
Nifty 50 TRI,2024-02-14,52700.49
Nifty Next 50 TRI,2024-02-14,76743.26
Nifty Midcap 150 TRI,2024-02-14,18277.64
Nifty Smallcap 250 TRI,2024-02-14,12647.52
Nifty 500 TRI,2024-02-14,28587.57
Nifty G-Sec Index,2024-02-14,2976.15
Nifty 50 TRI,2024-02-15,52890.95
Nifty Next 50 TRI,2024-02-15,77143.84
Nifty Midcap 150 TRI,2024-02-15,18482.72
Nifty Smallcap 250 TRI,2024-02-15,12494.6
Nifty 500 TRI,2024-02-15,28494.51
Nifty G-Sec Index,2024-02-15,2980.84
Nifty 50 TRI,2024-02-16,52750.26
Nifty Next 50 TRI,2024-02-16,76344.68
Nifty Midcap 150 TRI,2024-02-16,18852.67
Nifty Smallcap 250 TRI,2024-02-16,12213.78
Nifty 500 TRI,2024-02-16,28468.88
Nifty G-Sec Index,2024-02-16,2970.18
Nifty 50 TRI,2024-02-19,52030.27
Nifty Next 50 TRI,2024-02-19,77740.03
Nifty Midcap 150 TRI,2024-02-19,18561.33
Nifty Smallcap 250 TRI,2024-02-19,12298.68
Nifty 500 TRI,2024-02-19,28374.02
Nifty G-Sec Index,2024-02-19,2964.2
Nifty 50 TRI,2024-02-20,52379.04
Nifty Next 50 TRI,2024-02-20,76031.86
Nifty Midcap 150 TRI,2024-02-20,18879.97
Nifty Smallcap 250 TRI,2024-02-20,12620.81
Nifty 500 TRI,2024-02-20,28518.5
Nifty G-Sec Index,2024-02-20,2960.14
Nifty 50 TRI,2024-02-21,51542.06
Nifty Next 50 TRI,2024-02-21,76681.73
Nifty Midcap 150 TRI,2024-02-21,18747.12
Nifty Smallcap 250 TRI,2024-02-21,12577.52
Nifty 500 TRI,2024-02-21,28932.36
Nifty G-Sec Index,2024-02-21,2965.07
Nifty 50 TRI,2024-02-22,51367.17
Nifty Next 50 TRI,2024-02-22,76085.85
Nifty Midcap 150 TRI,2024-02-22,18723.04
Nifty Smallcap 250 TRI,2024-02-22,12837.75
Nifty 500 TRI,2024-02-22,29694.97
Nifty G-Sec Index,2024-02-22,2973.16
Nifty 50 TRI,2024-02-23,50952.14
Nifty Next 50 TRI,2024-02-23,76557.07
Nifty Midcap 150 TRI,2024-02-23,18801.67
Nifty Smallcap 250 TRI,2024-02-23,12874.73
Nifty 500 TRI,2024-02-23,29848.84
Nifty G-Sec Index,2024-02-23,2985.84
Nifty 50 TRI,2024-02-26,50346.76
Nifty Next 50 TRI,2024-02-26,77273.8
Nifty Midcap 150 TRI,2024-02-26,18291.29
Nifty Smallcap 250 TRI,2024-02-26,12792.95
Nifty 500 TRI,2024-02-26,29602.77
Nifty G-Sec Index,2024-02-26,2989.04
Nifty 50 TRI,2024-02-27,49771.39
Nifty Next 50 TRI,2024-02-27,79099.87
Nifty Midcap 150 TRI,2024-02-27,18326.52
Nifty Smallcap 250 TRI,2024-02-27,12327.48
Nifty 500 TRI,2024-02-27,29239.07
Nifty G-Sec Index,2024-02-27,3000.15
Nifty 50 TRI,2024-02-28,49257.56
Nifty Next 50 TRI,2024-02-28,78716.79
Nifty Midcap 150 TRI,2024-02-28,18672.88
Nifty Smallcap 250 TRI,2024-02-28,12393.73
Nifty 500 TRI,2024-02-28,29292.97
Nifty G-Sec Index,2024-02-28,2992.75
Nifty 50 TRI,2024-02-29,49863.51
Nifty Next 50 TRI,2024-02-29,78368.04
Nifty Midcap 150 TRI,2024-02-29,18793.04
Nifty Smallcap 250 TRI,2024-02-29,12747.75
Nifty 500 TRI,2024-02-29,28758.24
Nifty G-Sec Index,2024-02-29,2990.74
Nifty 50 TRI,2024-03-05,49624.61
Nifty Next 50 TRI,2024-03-05,75229.73
Nifty Midcap 150 TRI,2024-03-05,18623.43
Nifty Smallcap 250 TRI,2024-03-05,12320.11
Nifty 500 TRI,2024-03-05,28352.11
Nifty G-Sec Index,2024-03-05,2986.05
Nifty 50 TRI,2024-03-06,49719.42
Nifty Next 50 TRI,2024-03-06,74457.73
Nifty Midcap 150 TRI,2024-03-06,18342.91
Nifty Smallcap 250 TRI,2024-03-06,12383.48
Nifty 500 TRI,2024-03-06,28386.49
Nifty G-Sec Index,2024-03-06,2982.8
Nifty 50 TRI,2024-03-07,49469.07
Nifty Next 50 TRI,2024-03-07,73195.58
Nifty Midcap 150 TRI,2024-03-07,17958.12
Nifty Smallcap 250 TRI,2024-03-07,12287.92
Nifty 500 TRI,2024-03-07,28354.39
Nifty G-Sec Index,2024-03-07,2979.68
Nifty 50 TRI,2024-03-08,49871.47
Nifty Next 50 TRI,2024-03-08,71759.44
Nifty Midcap 150 TRI,2024-03-08,17961.23
Nifty Smallcap 250 TRI,2024-03-08,11896.32
Nifty 500 TRI,2024-03-08,28560.79
Nifty G-Sec Index,2024-03-08,2979.06
Nifty 50 TRI,2024-03-11,49996.98
Nifty Next 50 TRI,2024-03-11,71948.77
Nifty Midcap 150 TRI,2024-03-11,17770.46
Nifty Smallcap 250 TRI,2024-03-11,12171.92
Nifty 500 TRI,2024-03-11,28281.92
Nifty G-Sec Index,2024-03-11,2968.43
Nifty 50 TRI,2024-03-12,49564.3
Nifty Next 50 TRI,2024-03-12,70853.02
Nifty Midcap 150 TRI,2024-03-12,17711.96
Nifty Smallcap 250 TRI,2024-03-12,11846.94
Nifty 500 TRI,2024-03-12,27878.52
Nifty G-Sec Index,2024-03-12,2970.3
Nifty 50 TRI,2024-03-13,48775.26
Nifty Next 50 TRI,2024-03-13,72463.75
Nifty Midcap 150 TRI,2024-03-13,17819.8
Nifty Smallcap 250 TRI,2024-03-13,12053.93
Nifty 500 TRI,2024-03-13,27148.69
Nifty G-Sec Index,2024-03-13,2973.23
Nifty 50 TRI,2024-03-14,48399.72
Nifty Next 50 TRI,2024-03-14,74835.79
Nifty Midcap 150 TRI,2024-03-14,17940.58
Nifty Smallcap 250 TRI,2024-03-14,11949.8
Nifty 500 TRI,2024-03-14,27195.64
Nifty G-Sec Index,2024-03-14,2959.14
Nifty 50 TRI,2024-03-15,48348.39
Nifty Next 50 TRI,2024-03-15,75930.04
Nifty Midcap 150 TRI,2024-03-15,17640.92
Nifty Smallcap 250 TRI,2024-03-15,12055.39
Nifty 500 TRI,2024-03-15,27357.87
Nifty G-Sec Index,2024-03-15,2952.89
Nifty 50 TRI,2024-03-18,48517.42
Nifty Next 50 TRI,2024-03-18,75472.09
Nifty Midcap 150 TRI,2024-03-18,17212.39
Nifty Smallcap 250 TRI,2024-03-18,12055.43
Nifty 500 TRI,2024-03-18,28054.44
Nifty G-Sec Index,2024-03-18,2947.44
Nifty 50 TRI,2024-03-19,49026.43
Nifty Next 50 TRI,2024-03-19,74030.91
Nifty Midcap 150 TRI,2024-03-19,17085.96
Nifty Smallcap 250 TRI,2024-03-19,12149.77
Nifty 500 TRI,2024-03-19,28002.64
Nifty G-Sec Index,2024-03-19,2952.25
Nifty 50 TRI,2024-03-20,49485.08
Nifty Next 50 TRI,2024-03-20,74687.73
Nifty Midcap 150 TRI,2024-03-20,16991.32
Nifty Smallcap 250 TRI,2024-03-20,12107.62
Nifty 500 TRI,2024-03-20,28078.87
Nifty G-Sec Index,2024-03-20,2940.42
Nifty 50 TRI,2024-03-21,49536.79
Nifty Next 50 TRI,2024-03-21,74406.71
Nifty Midcap 150 TRI,2024-03-21,17186.31
Nifty Smallcap 250 TRI,2024-03-21,12335.29
Nifty 500 TRI,2024-03-21,27607.01
Nifty G-Sec Index,2024-03-21,2938.29
Nifty 50 TRI,2024-03-22,50070.18
Nifty Next 50 TRI,2024-03-22,73847.66
Nifty Midcap 150 TRI,2024-03-22,17271.82
Nifty Smallcap 250 TRI,2024-03-22,12112.5
Nifty 500 TRI,2024-03-22,27270.48
Nifty G-Sec Index,2024-03-22,2939.5
Nifty 50 TRI,2024-03-26,49865.96
Nifty Next 50 TRI,2024-03-26,73234.64
Nifty Midcap 150 TRI,2024-03-26,17134.61
Nifty Smallcap 250 TRI,2024-03-26,11866.82
Nifty 500 TRI,2024-03-26,27542.53
Nifty G-Sec Index,2024-03-26,2928.87
Nifty 50 TRI,2024-03-28,51033.93
Nifty Next 50 TRI,2024-03-28,73836.72
Nifty Midcap 150 TRI,2024-03-28,17137.69
Nifty Smallcap 250 TRI,2024-03-28,11427.82
Nifty 500 TRI,2024-03-28,27725.77
Nifty G-Sec Index,2024-03-28,2926.0
Nifty 50 TRI,2024-03-29,50097.68
Nifty Next 50 TRI,2024-03-29,73672.36
Nifty Midcap 150 TRI,2024-03-29,17146.29
Nifty Smallcap 250 TRI,2024-03-29,11201.53
Nifty 500 TRI,2024-03-29,27554.69
Nifty G-Sec Index,2024-03-29,2933.73
Nifty 50 TRI,2024-04-01,51380.33
Nifty Next 50 TRI,2024-04-01,74433.48
Nifty Midcap 150 TRI,2024-04-01,17115.1
Nifty Smallcap 250 TRI,2024-04-01,10928.2
Nifty 500 TRI,2024-04-01,27686.55
Nifty G-Sec Index,2024-04-01,2938.4
Nifty 50 TRI,2024-04-02,51835.31
Nifty Next 50 TRI,2024-04-02,74209.95
Nifty Midcap 150 TRI,2024-04-02,17056.1
Nifty Smallcap 250 TRI,2024-04-02,10884.75
Nifty 500 TRI,2024-04-02,28352.22
Nifty G-Sec Index,2024-04-02,2935.05
Nifty 50 TRI,2024-04-03,51103.23
Nifty Next 50 TRI,2024-04-03,75890.35
Nifty Midcap 150 TRI,2024-04-03,17200.4
Nifty Smallcap 250 TRI,2024-04-03,11070.61
Nifty 500 TRI,2024-04-03,28989.06
Nifty G-Sec Index,2024-04-03,2950.75
Nifty 50 TRI,2024-04-04,51615.15
Nifty Next 50 TRI,2024-04-04,75689.48
Nifty Midcap 150 TRI,2024-04-04,17639.86
Nifty Smallcap 250 TRI,2024-04-04,10974.97
Nifty 500 TRI,2024-04-04,28770.34
Nifty G-Sec Index,2024-04-04,2947.66
Nifty 50 TRI,2024-04-05,51542.26
Nifty Next 50 TRI,2024-04-05,74909.12
Nifty Midcap 150 TRI,2024-04-05,17203.6
Nifty Smallcap 250 TRI,2024-04-05,11059.78
Nifty 500 TRI,2024-04-05,28646.01
Nifty G-Sec Index,2024-04-05,2951.94
Nifty 50 TRI,2024-04-08,51622.57
Nifty Next 50 TRI,2024-04-08,75449.66
Nifty Midcap 150 TRI,2024-04-08,17571.3
Nifty Smallcap 250 TRI,2024-04-08,11000.32
Nifty 500 TRI,2024-04-08,28581.44
Nifty G-Sec Index,2024-04-08,2944.43
Nifty 50 TRI,2024-04-09,51297.09
Nifty Next 50 TRI,2024-04-09,75145.63
Nifty Midcap 150 TRI,2024-04-09,17036.16
Nifty Smallcap 250 TRI,2024-04-09,10955.31
Nifty 500 TRI,2024-04-09,28787.36
Nifty G-Sec Index,2024-04-09,2941.27
Nifty 50 TRI,2024-04-10,51883.37
Nifty Next 50 TRI,2024-04-10,75542.93
Nifty Midcap 150 TRI,2024-04-10,16703.4
Nifty Smallcap 250 TRI,2024-04-10,11215.29
Nifty 500 TRI,2024-04-10,28133.89
Nifty G-Sec Index,2024-04-10,2952.37
Nifty 50 TRI,2024-04-11,52141.74
Nifty Next 50 TRI,2024-04-11,76616.66
Nifty Midcap 150 TRI,2024-04-11,16640.85
Nifty Smallcap 250 TRI,2024-04-11,11317.88
Nifty 500 TRI,2024-04-11,27857.47
Nifty G-Sec Index,2024-04-11,2938.01
Nifty 50 TRI,2024-04-12,51559.68
Nifty Next 50 TRI,2024-04-12,77147.06
Nifty Midcap 150 TRI,2024-04-12,16596.44
Nifty Smallcap 250 TRI,2024-04-12,11451.2
Nifty 500 TRI,2024-04-12,27784.16
Nifty G-Sec Index,2024-04-12,2941.58
Nifty 50 TRI,2024-04-15,51475.17
Nifty Next 50 TRI,2024-04-15,77452.18
Nifty Midcap 150 TRI,2024-04-15,16337.01
Nifty Smallcap 250 TRI,2024-04-15,11478.45
Nifty 500 TRI,2024-04-15,28311.16
Nifty G-Sec Index,2024-04-15,2951.89
Nifty 50 TRI,2024-04-16,50949.58
Nifty Next 50 TRI,2024-04-16,77988.6
Nifty Midcap 150 TRI,2024-04-16,16879.56
Nifty Smallcap 250 TRI,2024-04-16,11433.99
Nifty 500 TRI,2024-04-16,28329.73
Nifty G-Sec Index,2024-04-16,2951.9
Nifty 50 TRI,2024-04-17,50735.68
Nifty Next 50 TRI,2024-04-17,78164.99
Nifty Midcap 150 TRI,2024-04-17,16886.71
Nifty Smallcap 250 TRI,2024-04-17,11536.44
Nifty 500 TRI,2024-04-17,28462.34
Nifty G-Sec Index,2024-04-17,2963.64
Nifty 50 TRI,2024-04-18,49969.19
Nifty Next 50 TRI,2024-04-18,79743.02
Nifty Midcap 150 TRI,2024-04-18,16959.92
Nifty Smallcap 250 TRI,2024-04-18,11702.39
Nifty 500 TRI,2024-04-18,27841.94
Nifty G-Sec Index,2024-04-18,2985.58
Nifty 50 TRI,2024-04-19,50689.33
Nifty Next 50 TRI,2024-04-19,79194.05
Nifty Midcap 150 TRI,2024-04-19,17026.42
Nifty Smallcap 250 TRI,2024-04-19,11971.57
Nifty 500 TRI,2024-04-19,27845.99
Nifty G-Sec Index,2024-04-19,2984.55
Nifty 50 TRI,2024-04-22,50535.44
Nifty Next 50 TRI,2024-04-22,78943.05
Nifty Midcap 150 TRI,2024-04-22,17459.84
Nifty Smallcap 250 TRI,2024-04-22,11513.06
Nifty 500 TRI,2024-04-22,27868.79
Nifty G-Sec Index,2024-04-22,2984.43
Nifty 50 TRI,2024-04-23,50827.96
Nifty Next 50 TRI,2024-04-23,79337.98
Nifty Midcap 150 TRI,2024-04-23,17895.21
Nifty Smallcap 250 TRI,2024-04-23,11291.59
Nifty 500 TRI,2024-04-23,27762.82
Nifty G-Sec Index,2024-04-23,2978.34
Nifty 50 TRI,2024-04-24,50124.45
Nifty Next 50 TRI,2024-04-24,79576.8
Nifty Midcap 150 TRI,2024-04-24,18179.73
Nifty Smallcap 250 TRI,2024-04-24,11354.0
Nifty 500 TRI,2024-04-24,28224.53
Nifty G-Sec Index,2024-04-24,2973.63
Nifty 50 TRI,2024-04-25,50416.39
Nifty Next 50 TRI,2024-04-25,79425.45
Nifty Midcap 150 TRI,2024-04-25,17946.81
Nifty Smallcap 250 TRI,2024-04-25,10942.29
Nifty 500 TRI,2024-04-25,28404.07
Nifty G-Sec Index,2024-04-25,2969.69
Nifty 50 TRI,2024-04-26,49577.15
Nifty Next 50 TRI,2024-04-26,80574.3
Nifty Midcap 150 TRI,2024-04-26,17901.09
Nifty Smallcap 250 TRI,2024-04-26,10910.98
Nifty 500 TRI,2024-04-26,28494.31
Nifty G-Sec Index,2024-04-26,2955.94
Nifty 50 TRI,2024-04-29,49427.64
Nifty Next 50 TRI,2024-04-29,78761.55
Nifty Midcap 150 TRI,2024-04-29,18235.7
Nifty Smallcap 250 TRI,2024-04-29,10848.53
Nifty 500 TRI,2024-04-29,27917.56
Nifty G-Sec Index,2024-04-29,2949.87
Nifty 50 TRI,2024-04-30,49280.19
Nifty Next 50 TRI,2024-04-30,78702.37
Nifty Midcap 150 TRI,2024-04-30,18065.95
Nifty Smallcap 250 TRI,2024-04-30,10782.23
Nifty 500 TRI,2024-04-30,28324.26
Nifty G-Sec Index,2024-04-30,2957.07
Nifty 50 TRI,2024-05-02,48202.36
Nifty Next 50 TRI,2024-05-02,77333.24
Nifty Midcap 150 TRI,2024-05-02,18192.0
Nifty Smallcap 250 TRI,2024-05-02,10735.51
Nifty 500 TRI,2024-05-02,28031.36
Nifty G-Sec Index,2024-05-02,2962.04
Nifty 50 TRI,2024-05-03,48563.02
Nifty Next 50 TRI,2024-05-03,76526.08
Nifty Midcap 150 TRI,2024-05-03,18052.83
Nifty Smallcap 250 TRI,2024-05-03,10657.78
Nifty 500 TRI,2024-05-03,28150.99
Nifty G-Sec Index,2024-05-03,2974.62
Nifty 50 TRI,2024-05-06,48579.27
Nifty Next 50 TRI,2024-05-06,75145.03
Nifty Midcap 150 TRI,2024-05-06,18213.11
Nifty Smallcap 250 TRI,2024-05-06,11021.79
Nifty 500 TRI,2024-05-06,28067.63
Nifty G-Sec Index,2024-05-06,2953.96
Nifty 50 TRI,2024-05-07,49296.91
Nifty Next 50 TRI,2024-05-07,74887.68
Nifty Midcap 150 TRI,2024-05-07,18429.28
Nifty Smallcap 250 TRI,2024-05-07,11040.26
Nifty 500 TRI,2024-05-07,28504.51
Nifty G-Sec Index,2024-05-07,2956.7
Nifty 50 TRI,2024-05-08,50041.18
Nifty Next 50 TRI,2024-05-08,74419.03
Nifty Midcap 150 TRI,2024-05-08,18291.32
Nifty Smallcap 250 TRI,2024-05-08,11010.92
Nifty 500 TRI,2024-05-08,28311.31
Nifty G-Sec Index,2024-05-08,2961.24
Nifty 50 TRI,2024-05-09,50590.75
Nifty Next 50 TRI,2024-05-09,73419.92
Nifty Midcap 150 TRI,2024-05-09,18051.54
Nifty Smallcap 250 TRI,2024-05-09,11048.49
Nifty 500 TRI,2024-05-09,28292.61
Nifty G-Sec Index,2024-05-09,2964.99
Nifty 50 TRI,2024-05-10,50207.2
Nifty Next 50 TRI,2024-05-10,73065.35
Nifty Midcap 150 TRI,2024-05-10,18323.1
Nifty Smallcap 250 TRI,2024-05-10,11151.1
Nifty 500 TRI,2024-05-10,27626.28
Nifty G-Sec Index,2024-05-10,2967.41
Nifty 50 TRI,2024-05-13,50277.08
Nifty Next 50 TRI,2024-05-13,72729.78
Nifty Midcap 150 TRI,2024-05-13,18246.53
Nifty Smallcap 250 TRI,2024-05-13,11248.47
Nifty 500 TRI,2024-05-13,28045.28
Nifty G-Sec Index,2024-05-13,2976.95
Nifty 50 TRI,2024-05-14,49287.69
Nifty Next 50 TRI,2024-05-14,72709.74
Nifty Midcap 150 TRI,2024-05-14,17990.97
Nifty Smallcap 250 TRI,2024-05-14,11180.86
Nifty 500 TRI,2024-05-14,27506.65
Nifty G-Sec Index,2024-05-14,2968.36
Nifty 50 TRI,2024-05-15,48158.95
Nifty Next 50 TRI,2024-05-15,73617.82
Nifty Midcap 150 TRI,2024-05-15,17647.28
Nifty Smallcap 250 TRI,2024-05-15,10770.34
Nifty 500 TRI,2024-05-15,27025.68
Nifty G-Sec Index,2024-05-15,2970.02
Nifty 50 TRI,2024-05-16,48428.92
Nifty Next 50 TRI,2024-05-16,73076.98
Nifty Midcap 150 TRI,2024-05-16,17559.87
Nifty Smallcap 250 TRI,2024-05-16,11020.16
Nifty 500 TRI,2024-05-16,27047.59
Nifty G-Sec Index,2024-05-16,2971.76
Nifty 50 TRI,2024-05-17,48143.95
Nifty Next 50 TRI,2024-05-17,72036.64
Nifty Midcap 150 TRI,2024-05-17,17498.54
Nifty Smallcap 250 TRI,2024-05-17,11104.57
Nifty 500 TRI,2024-05-17,27739.35
Nifty G-Sec Index,2024-05-17,2959.96
Nifty 50 TRI,2024-05-20,48711.84
Nifty Next 50 TRI,2024-05-20,72251.02
Nifty Midcap 150 TRI,2024-05-20,17593.79
Nifty Smallcap 250 TRI,2024-05-20,11052.23
Nifty 500 TRI,2024-05-20,27177.47
Nifty G-Sec Index,2024-05-20,2953.21
Nifty 50 TRI,2024-05-21,48780.27
Nifty Next 50 TRI,2024-05-21,71823.34
Nifty Midcap 150 TRI,2024-05-21,17597.07
Nifty Smallcap 250 TRI,2024-05-21,11013.83
Nifty 500 TRI,2024-05-21,27487.87
Nifty G-Sec Index,2024-05-21,2948.66
Nifty 50 TRI,2024-05-22,48240.49
Nifty Next 50 TRI,2024-05-22,72644.72
Nifty Midcap 150 TRI,2024-05-22,17439.0
Nifty Smallcap 250 TRI,2024-05-22,10800.48
Nifty 500 TRI,2024-05-22,27572.43
Nifty G-Sec Index,2024-05-22,2941.92
Nifty 50 TRI,2024-05-23,48757.59
Nifty Next 50 TRI,2024-05-23,72474.94
Nifty Midcap 150 TRI,2024-05-23,17353.65
Nifty Smallcap 250 TRI,2024-05-23,10895.17
Nifty 500 TRI,2024-05-23,27582.98
Nifty G-Sec Index,2024-05-23,2944.65
Nifty 50 TRI,2024-05-24,48815.11
Nifty Next 50 TRI,2024-05-24,72236.93
Nifty Midcap 150 TRI,2024-05-24,17038.53
Nifty Smallcap 250 TRI,2024-05-24,10921.38
Nifty 500 TRI,2024-05-24,27476.75
Nifty G-Sec Index,2024-05-24,2956.84
Nifty 50 TRI,2024-05-27,49036.12
Nifty Next 50 TRI,2024-05-27,71771.75
Nifty Midcap 150 TRI,2024-05-27,17021.26
Nifty Smallcap 250 TRI,2024-05-27,10980.8
Nifty 500 TRI,2024-05-27,27279.22
Nifty G-Sec Index,2024-05-27,2950.72
Nifty 50 TRI,2024-05-28,49175.55
Nifty Next 50 TRI,2024-05-28,72861.92
Nifty Midcap 150 TRI,2024-05-28,16981.24
Nifty Smallcap 250 TRI,2024-05-28,11112.42
Nifty 500 TRI,2024-05-28,26992.88
Nifty G-Sec Index,2024-05-28,2957.03
Nifty 50 TRI,2024-05-29,49329.92
Nifty Next 50 TRI,2024-05-29,72323.68
Nifty Midcap 150 TRI,2024-05-29,16669.98
Nifty Smallcap 250 TRI,2024-05-29,10778.23
Nifty 500 TRI,2024-05-29,27388.25
Nifty G-Sec Index,2024-05-29,2967.9
Nifty 50 TRI,2024-05-30,49715.03
Nifty Next 50 TRI,2024-05-30,72749.22
Nifty Midcap 150 TRI,2024-05-30,15944.15
Nifty Smallcap 250 TRI,2024-05-30,10751.21
Nifty 500 TRI,2024-05-30,27837.74
Nifty G-Sec Index,2024-05-30,2967.7
Nifty 50 TRI,2024-05-31,48615.6
Nifty Next 50 TRI,2024-05-31,71823.13
Nifty Midcap 150 TRI,2024-05-31,15665.19
Nifty Smallcap 250 TRI,2024-05-31,10664.23
Nifty 500 TRI,2024-05-31,27725.84
Nifty G-Sec Index,2024-05-31,2976.76
Nifty 50 TRI,2024-06-03,48021.03
Nifty Next 50 TRI,2024-06-03,71378.33
Nifty Midcap 150 TRI,2024-06-03,15874.13
Nifty Smallcap 250 TRI,2024-06-03,10843.02
Nifty 500 TRI,2024-06-03,27390.11
Nifty G-Sec Index,2024-06-03,2990.11
Nifty 50 TRI,2024-06-04,47956.34
Nifty Next 50 TRI,2024-06-04,71896.03
Nifty Midcap 150 TRI,2024-06-04,16091.49
Nifty Smallcap 250 TRI,2024-06-04,10686.29
Nifty 500 TRI,2024-06-04,27155.19
Nifty G-Sec Index,2024-06-04,2980.74
Nifty 50 TRI,2024-06-05,47813.19
Nifty Next 50 TRI,2024-06-05,71952.56
Nifty Midcap 150 TRI,2024-06-05,16446.62
Nifty Smallcap 250 TRI,2024-06-05,10692.31
Nifty 500 TRI,2024-06-05,27053.38
Nifty G-Sec Index,2024-06-05,2984.83
Nifty 50 TRI,2024-06-06,47732.95
Nifty Next 50 TRI,2024-06-06,72358.61
Nifty Midcap 150 TRI,2024-06-06,16705.14
Nifty Smallcap 250 TRI,2024-06-06,10678.8
Nifty 500 TRI,2024-06-06,27078.76
Nifty G-Sec Index,2024-06-06,2977.65
Nifty 50 TRI,2024-06-07,48003.98
Nifty Next 50 TRI,2024-06-07,71659.27
Nifty Midcap 150 TRI,2024-06-07,16429.37
Nifty Smallcap 250 TRI,2024-06-07,10533.06
Nifty 500 TRI,2024-06-07,27060.54
Nifty G-Sec Index,2024-06-07,2982.18
Nifty 50 TRI,2024-06-10,47434.69
Nifty Next 50 TRI,2024-06-10,72093.03
Nifty Midcap 150 TRI,2024-06-10,16410.9
Nifty Smallcap 250 TRI,2024-06-10,10454.36
Nifty 500 TRI,2024-06-10,26855.34
Nifty G-Sec Index,2024-06-10,2974.43
Nifty 50 TRI,2024-06-11,47449.61
Nifty Next 50 TRI,2024-06-11,71673.71
Nifty Midcap 150 TRI,2024-06-11,16671.88
Nifty Smallcap 250 TRI,2024-06-11,10511.62
Nifty 500 TRI,2024-06-11,27071.35
Nifty G-Sec Index,2024-06-11,2985.07
Nifty 50 TRI,2024-06-12,48411.84
Nifty Next 50 TRI,2024-06-12,72068.04
Nifty Midcap 150 TRI,2024-06-12,16780.62
Nifty Smallcap 250 TRI,2024-06-12,10571.35
Nifty 500 TRI,2024-06-12,26444.77
Nifty G-Sec Index,2024-06-12,2980.09
Nifty 50 TRI,2024-06-13,47603.39
Nifty Next 50 TRI,2024-06-13,71531.44
Nifty Midcap 150 TRI,2024-06-13,16649.85
Nifty Smallcap 250 TRI,2024-06-13,10629.12
Nifty 500 TRI,2024-06-13,26573.79
Nifty G-Sec Index,2024-06-13,2976.5
Nifty 50 TRI,2024-06-14,47649.24
Nifty Next 50 TRI,2024-06-14,72034.67
Nifty Midcap 150 TRI,2024-06-14,16701.14
Nifty Smallcap 250 TRI,2024-06-14,10291.28
Nifty 500 TRI,2024-06-14,26923.83
Nifty G-Sec Index,2024-06-14,2973.98
Nifty 50 TRI,2024-06-17,48255.57
Nifty Next 50 TRI,2024-06-17,71651.54
Nifty Midcap 150 TRI,2024-06-17,16683.84
Nifty Smallcap 250 TRI,2024-06-17,10461.19
Nifty 500 TRI,2024-06-17,26584.47
Nifty G-Sec Index,2024-06-17,2971.33
Nifty 50 TRI,2024-06-18,48062.89
Nifty Next 50 TRI,2024-06-18,72220.26
Nifty Midcap 150 TRI,2024-06-18,16646.32
Nifty Smallcap 250 TRI,2024-06-18,10805.27
Nifty 500 TRI,2024-06-18,26720.35
Nifty G-Sec Index,2024-06-18,2967.75
Nifty 50 TRI,2024-06-19,48243.27
Nifty Next 50 TRI,2024-06-19,71970.63
Nifty Midcap 150 TRI,2024-06-19,16759.27
Nifty Smallcap 250 TRI,2024-06-19,11123.24
Nifty 500 TRI,2024-06-19,26577.9
Nifty G-Sec Index,2024-06-19,2973.36
Nifty 50 TRI,2024-06-20,48267.03
Nifty Next 50 TRI,2024-06-20,71875.98
Nifty Midcap 150 TRI,2024-06-20,16456.53
Nifty Smallcap 250 TRI,2024-06-20,10940.85
Nifty 500 TRI,2024-06-20,26275.07
Nifty G-Sec Index,2024-06-20,2980.38
Nifty 50 TRI,2024-06-21,47984.69
Nifty Next 50 TRI,2024-06-21,72030.7
Nifty Midcap 150 TRI,2024-06-21,16579.57
Nifty Smallcap 250 TRI,2024-06-21,10963.47
Nifty 500 TRI,2024-06-21,26609.79
Nifty G-Sec Index,2024-06-21,2987.27
Nifty 50 TRI,2024-06-24,47366.99
Nifty Next 50 TRI,2024-06-24,71340.08
Nifty Midcap 150 TRI,2024-06-24,16802.9
Nifty Smallcap 250 TRI,2024-06-24,11103.58
Nifty 500 TRI,2024-06-24,27130.57
Nifty G-Sec Index,2024-06-24,2968.25
Nifty 50 TRI,2024-06-25,47445.86
Nifty Next 50 TRI,2024-06-25,72976.11
Nifty Midcap 150 TRI,2024-06-25,16817.95
Nifty Smallcap 250 TRI,2024-06-25,11503.24
Nifty 500 TRI,2024-06-25,26533.35
Nifty G-Sec Index,2024-06-25,2977.15
Nifty 50 TRI,2024-06-26,47075.29
Nifty Next 50 TRI,2024-06-26,71542.39
Nifty Midcap 150 TRI,2024-06-26,16825.25
Nifty Smallcap 250 TRI,2024-06-26,11665.92
Nifty 500 TRI,2024-06-26,26508.83
Nifty G-Sec Index,2024-06-26,2987.47
Nifty 50 TRI,2024-06-27,47095.64
Nifty Next 50 TRI,2024-06-27,70814.59
Nifty Midcap 150 TRI,2024-06-27,17011.12
Nifty Smallcap 250 TRI,2024-06-27,11903.24
Nifty 500 TRI,2024-06-27,26251.96
Nifty G-Sec Index,2024-06-27,2973.48
Nifty 50 TRI,2024-06-28,47665.64
Nifty Next 50 TRI,2024-06-28,70319.97
Nifty Midcap 150 TRI,2024-06-28,17062.22
Nifty Smallcap 250 TRI,2024-06-28,11701.74
Nifty 500 TRI,2024-06-28,26069.27
Nifty G-Sec Index,2024-06-28,2980.64
Nifty 50 TRI,2024-07-01,46479.81
Nifty Next 50 TRI,2024-07-01,70339.51
Nifty Midcap 150 TRI,2024-07-01,17416.11
Nifty Smallcap 250 TRI,2024-07-01,11557.71
Nifty 500 TRI,2024-07-01,25819.99
Nifty G-Sec Index,2024-07-01,2964.72
Nifty 50 TRI,2024-07-02,46894.16
Nifty Next 50 TRI,2024-07-02,69904.99
Nifty Midcap 150 TRI,2024-07-02,17721.9
Nifty Smallcap 250 TRI,2024-07-02,11782.67
Nifty 500 TRI,2024-07-02,26037.1
Nifty G-Sec Index,2024-07-02,2969.57
Nifty 50 TRI,2024-07-03,47147.86
Nifty Next 50 TRI,2024-07-03,70326.87
Nifty Midcap 150 TRI,2024-07-03,17374.03
Nifty Smallcap 250 TRI,2024-07-03,11772.37
Nifty 500 TRI,2024-07-03,26435.18
Nifty G-Sec Index,2024-07-03,2976.06
Nifty 50 TRI,2024-07-04,46429.1
Nifty Next 50 TRI,2024-07-04,68421.85
Nifty Midcap 150 TRI,2024-07-04,17768.92
Nifty Smallcap 250 TRI,2024-07-04,11950.09
Nifty 500 TRI,2024-07-04,26641.73
Nifty G-Sec Index,2024-07-04,2970.73
Nifty 50 TRI,2024-07-05,46506.55
Nifty Next 50 TRI,2024-07-05,68096.41
Nifty Midcap 150 TRI,2024-07-05,17734.73
Nifty Smallcap 250 TRI,2024-07-05,11878.37
Nifty 500 TRI,2024-07-05,26683.39
Nifty G-Sec Index,2024-07-05,2947.84
Nifty 50 TRI,2024-07-08,46977.73
Nifty Next 50 TRI,2024-07-08,68080.31
Nifty Midcap 150 TRI,2024-07-08,17999.72
Nifty Smallcap 250 TRI,2024-07-08,11863.44
Nifty 500 TRI,2024-07-08,27172.62
Nifty G-Sec Index,2024-07-08,2952.94
Nifty 50 TRI,2024-07-09,47940.23
Nifty Next 50 TRI,2024-07-09,68576.27
Nifty Midcap 150 TRI,2024-07-09,17978.32
Nifty Smallcap 250 TRI,2024-07-09,11875.02
Nifty 500 TRI,2024-07-09,26720.06
Nifty G-Sec Index,2024-07-09,2949.67
Nifty 50 TRI,2024-07-10,47941.08
Nifty Next 50 TRI,2024-07-10,67660.13
Nifty Midcap 150 TRI,2024-07-10,18386.64
Nifty Smallcap 250 TRI,2024-07-10,11700.64
Nifty 500 TRI,2024-07-10,27109.33
Nifty G-Sec Index,2024-07-10,2965.01
Nifty 50 TRI,2024-07-11,47981.8
Nifty Next 50 TRI,2024-07-11,65575.75
Nifty Midcap 150 TRI,2024-07-11,18507.9
Nifty Smallcap 250 TRI,2024-07-11,12020.43
Nifty 500 TRI,2024-07-11,27099.53
Nifty G-Sec Index,2024-07-11,2966.41
Nifty 50 TRI,2024-07-12,46892.69
Nifty Next 50 TRI,2024-07-12,63306.18
Nifty Midcap 150 TRI,2024-07-12,18964.72
Nifty Smallcap 250 TRI,2024-07-12,11942.48
Nifty 500 TRI,2024-07-12,27440.41
Nifty G-Sec Index,2024-07-12,2968.22
Nifty 50 TRI,2024-07-15,46875.5
Nifty Next 50 TRI,2024-07-15,62873.46
Nifty Midcap 150 TRI,2024-07-15,19234.72
Nifty Smallcap 250 TRI,2024-07-15,11919.73
Nifty 500 TRI,2024-07-15,27403.74
Nifty G-Sec Index,2024-07-15,2990.79
Nifty 50 TRI,2024-07-16,47609.74
Nifty Next 50 TRI,2024-07-16,64318.96
Nifty Midcap 150 TRI,2024-07-16,19463.46
Nifty Smallcap 250 TRI,2024-07-16,12295.05
Nifty 500 TRI,2024-07-16,27724.59
Nifty G-Sec Index,2024-07-16,2980.48
Nifty 50 TRI,2024-07-17,46980.74
Nifty Next 50 TRI,2024-07-17,66817.01
Nifty Midcap 150 TRI,2024-07-17,19625.82
Nifty Smallcap 250 TRI,2024-07-17,12241.03
Nifty 500 TRI,2024-07-17,27793.51
Nifty G-Sec Index,2024-07-17,2974.15
Nifty 50 TRI,2024-07-18,46348.41
Nifty Next 50 TRI,2024-07-18,67310.91
Nifty Midcap 150 TRI,2024-07-18,19560.5
Nifty Smallcap 250 TRI,2024-07-18,12425.27
Nifty 500 TRI,2024-07-18,27948.0
Nifty G-Sec Index,2024-07-18,2969.72
Nifty 50 TRI,2024-07-19,46709.66
Nifty Next 50 TRI,2024-07-19,68175.64
Nifty Midcap 150 TRI,2024-07-19,19561.68
Nifty Smallcap 250 TRI,2024-07-19,12550.22
Nifty 500 TRI,2024-07-19,28186.1
Nifty G-Sec Index,2024-07-19,2969.47
Nifty 50 TRI,2024-07-22,46704.3
Nifty Next 50 TRI,2024-07-22,66934.55
Nifty Midcap 150 TRI,2024-07-22,19511.32
Nifty Smallcap 250 TRI,2024-07-22,12418.04
Nifty 500 TRI,2024-07-22,28167.43
Nifty G-Sec Index,2024-07-22,2977.35
Nifty 50 TRI,2024-07-23,47354.67
Nifty Next 50 TRI,2024-07-23,67280.4
Nifty Midcap 150 TRI,2024-07-23,19531.76
Nifty Smallcap 250 TRI,2024-07-23,12469.15
Nifty 500 TRI,2024-07-23,27789.59
Nifty G-Sec Index,2024-07-23,2972.69
Nifty 50 TRI,2024-07-24,46886.44
Nifty Next 50 TRI,2024-07-24,66943.5
Nifty Midcap 150 TRI,2024-07-24,19615.38
Nifty Smallcap 250 TRI,2024-07-24,12904.23
Nifty 500 TRI,2024-07-24,27899.06
Nifty G-Sec Index,2024-07-24,2962.93
Nifty 50 TRI,2024-07-25,46137.88
Nifty Next 50 TRI,2024-07-25,67567.07
Nifty Midcap 150 TRI,2024-07-25,18989.08
Nifty Smallcap 250 TRI,2024-07-25,13051.2
Nifty 500 TRI,2024-07-25,28086.01
Nifty G-Sec Index,2024-07-25,2968.87
Nifty 50 TRI,2024-07-26,46227.59
Nifty Next 50 TRI,2024-07-26,66674.44
Nifty Midcap 150 TRI,2024-07-26,18795.12
Nifty Smallcap 250 TRI,2024-07-26,12872.99
Nifty 500 TRI,2024-07-26,27836.91
Nifty G-Sec Index,2024-07-26,2959.16
Nifty 50 TRI,2024-07-29,46112.1
Nifty Next 50 TRI,2024-07-29,66191.96
Nifty Midcap 150 TRI,2024-07-29,18536.03
Nifty Smallcap 250 TRI,2024-07-29,13358.13
Nifty 500 TRI,2024-07-29,28128.33
Nifty G-Sec Index,2024-07-29,2975.88
Nifty 50 TRI,2024-07-30,45919.62
Nifty Next 50 TRI,2024-07-30,64820.7
Nifty Midcap 150 TRI,2024-07-30,18669.4
Nifty Smallcap 250 TRI,2024-07-30,13087.11
Nifty 500 TRI,2024-07-30,27985.6
Nifty G-Sec Index,2024-07-30,2987.03
Nifty 50 TRI,2024-07-31,45316.17
Nifty Next 50 TRI,2024-07-31,65309.75
Nifty Midcap 150 TRI,2024-07-31,18480.37
Nifty Smallcap 250 TRI,2024-07-31,13262.76
Nifty 500 TRI,2024-07-31,27978.86
Nifty G-Sec Index,2024-07-31,2977.5
Nifty 50 TRI,2024-08-01,45280.05
Nifty Next 50 TRI,2024-08-01,64377.06
Nifty Midcap 150 TRI,2024-08-01,18873.79
Nifty Smallcap 250 TRI,2024-08-01,12898.51
Nifty 500 TRI,2024-08-01,27352.26
Nifty G-Sec Index,2024-08-01,2984.21
Nifty 50 TRI,2024-08-02,45752.29
Nifty Next 50 TRI,2024-08-02,64850.78
Nifty Midcap 150 TRI,2024-08-02,18340.24
Nifty Smallcap 250 TRI,2024-08-02,13089.66
Nifty 500 TRI,2024-08-02,27171.18
Nifty G-Sec Index,2024-08-02,2984.67
Nifty 50 TRI,2024-08-05,45595.75
Nifty Next 50 TRI,2024-08-05,64035.04
Nifty Midcap 150 TRI,2024-08-05,18334.99
Nifty Smallcap 250 TRI,2024-08-05,13458.46
Nifty 500 TRI,2024-08-05,27155.57
Nifty G-Sec Index,2024-08-05,2975.83
Nifty 50 TRI,2024-08-06,45311.95
Nifty Next 50 TRI,2024-08-06,63769.26
Nifty Midcap 150 TRI,2024-08-06,18711.29
Nifty Smallcap 250 TRI,2024-08-06,13204.72
Nifty 500 TRI,2024-08-06,26779.34
Nifty G-Sec Index,2024-08-06,2993.35
Nifty 50 TRI,2024-08-07,45066.31
Nifty Next 50 TRI,2024-08-07,63673.31
Nifty Midcap 150 TRI,2024-08-07,18552.06
Nifty Smallcap 250 TRI,2024-08-07,13053.46
Nifty 500 TRI,2024-08-07,26747.81
Nifty G-Sec Index,2024-08-07,2984.1
Nifty 50 TRI,2024-08-08,45619.34
Nifty Next 50 TRI,2024-08-08,62851.24
Nifty Midcap 150 TRI,2024-08-08,18795.71
Nifty Smallcap 250 TRI,2024-08-08,13317.5
Nifty 500 TRI,2024-08-08,26644.86
Nifty G-Sec Index,2024-08-08,2995.37
Nifty 50 TRI,2024-08-09,46629.97
Nifty Next 50 TRI,2024-08-09,62300.4
Nifty Midcap 150 TRI,2024-08-09,18731.56
Nifty Smallcap 250 TRI,2024-08-09,13032.72
Nifty 500 TRI,2024-08-09,26593.95
Nifty G-Sec Index,2024-08-09,3004.23
Nifty 50 TRI,2024-08-13,46265.96
Nifty Next 50 TRI,2024-08-13,62245.81
Nifty Midcap 150 TRI,2024-08-13,18700.83
Nifty Smallcap 250 TRI,2024-08-13,12413.79
Nifty 500 TRI,2024-08-13,26895.91
Nifty G-Sec Index,2024-08-13,2991.79
Nifty 50 TRI,2024-08-14,46918.44
Nifty Next 50 TRI,2024-08-14,61887.34
Nifty Midcap 150 TRI,2024-08-14,18667.91
Nifty Smallcap 250 TRI,2024-08-14,12462.86
Nifty 500 TRI,2024-08-14,26602.35
Nifty G-Sec Index,2024-08-14,2986.24
Nifty 50 TRI,2024-08-15,46894.57
Nifty Next 50 TRI,2024-08-15,62152.96
Nifty Midcap 150 TRI,2024-08-15,18680.89
Nifty Smallcap 250 TRI,2024-08-15,12505.81
Nifty 500 TRI,2024-08-15,26725.62
Nifty G-Sec Index,2024-08-15,2982.73
Nifty 50 TRI,2024-08-16,46524.67
Nifty Next 50 TRI,2024-08-16,61459.52
Nifty Midcap 150 TRI,2024-08-16,18798.68
Nifty Smallcap 250 TRI,2024-08-16,12068.19
Nifty 500 TRI,2024-08-16,27016.54
Nifty G-Sec Index,2024-08-16,3001.78
Nifty 50 TRI,2024-08-20,47857.04
Nifty Next 50 TRI,2024-08-20,62311.93
Nifty Midcap 150 TRI,2024-08-20,18702.06
Nifty Smallcap 250 TRI,2024-08-20,12027.13
Nifty 500 TRI,2024-08-20,26787.8
Nifty G-Sec Index,2024-08-20,3014.52
Nifty 50 TRI,2024-08-21,48496.89
Nifty Next 50 TRI,2024-08-21,63779.68
Nifty Midcap 150 TRI,2024-08-21,18650.69
Nifty Smallcap 250 TRI,2024-08-21,11910.1
Nifty 500 TRI,2024-08-21,26911.67
Nifty G-Sec Index,2024-08-21,3002.98
Nifty 50 TRI,2024-08-22,49811.88
Nifty Next 50 TRI,2024-08-22,64094.74
Nifty Midcap 150 TRI,2024-08-22,19041.35
Nifty Smallcap 250 TRI,2024-08-22,11373.11
Nifty 500 TRI,2024-08-22,27018.88
Nifty G-Sec Index,2024-08-22,2999.36
Nifty 50 TRI,2024-08-23,50465.61
Nifty Next 50 TRI,2024-08-23,64639.4
Nifty Midcap 150 TRI,2024-08-23,19337.55
Nifty Smallcap 250 TRI,2024-08-23,11205.65
Nifty 500 TRI,2024-08-23,27380.3
Nifty G-Sec Index,2024-08-23,3009.63
Nifty 50 TRI,2024-08-26,50677.03
Nifty Next 50 TRI,2024-08-26,64323.44
Nifty Midcap 150 TRI,2024-08-26,19189.65
Nifty Smallcap 250 TRI,2024-08-26,11138.06
Nifty 500 TRI,2024-08-26,27479.63
Nifty G-Sec Index,2024-08-26,3008.59
Nifty 50 TRI,2024-08-27,51014.19
Nifty Next 50 TRI,2024-08-27,64368.99
Nifty Midcap 150 TRI,2024-08-27,19179.44
Nifty Smallcap 250 TRI,2024-08-27,11199.32
Nifty 500 TRI,2024-08-27,27666.58
Nifty G-Sec Index,2024-08-27,3006.65
Nifty 50 TRI,2024-08-28,50214.97
Nifty Next 50 TRI,2024-08-28,63692.4
Nifty Midcap 150 TRI,2024-08-28,19330.97
Nifty Smallcap 250 TRI,2024-08-28,11073.15
Nifty 500 TRI,2024-08-28,27538.66
Nifty G-Sec Index,2024-08-28,2985.3
Nifty 50 TRI,2024-08-29,49419.65
Nifty Next 50 TRI,2024-08-29,63184.11
Nifty Midcap 150 TRI,2024-08-29,18709.24
Nifty Smallcap 250 TRI,2024-08-29,10752.4
Nifty 500 TRI,2024-08-29,27116.01
Nifty G-Sec Index,2024-08-29,2975.72
Nifty 50 TRI,2024-08-30,50022.39
Nifty Next 50 TRI,2024-08-30,62098.36
Nifty Midcap 150 TRI,2024-08-30,19062.55
Nifty Smallcap 250 TRI,2024-08-30,10629.46
Nifty 500 TRI,2024-08-30,27577.11
Nifty G-Sec Index,2024-08-30,2963.39
Nifty 50 TRI,2024-09-02,51305.17
Nifty Next 50 TRI,2024-09-02,61488.06
Nifty Midcap 150 TRI,2024-09-02,19002.46
Nifty Smallcap 250 TRI,2024-09-02,10306.38
Nifty 500 TRI,2024-09-02,27542.77
Nifty G-Sec Index,2024-09-02,2970.38
Nifty 50 TRI,2024-09-03,52293.74
Nifty Next 50 TRI,2024-09-03,60886.47
Nifty Midcap 150 TRI,2024-09-03,18898.87
Nifty Smallcap 250 TRI,2024-09-03,10619.31
Nifty 500 TRI,2024-09-03,27687.24
Nifty G-Sec Index,2024-09-03,2961.7
Nifty 50 TRI,2024-09-04,52221.54
Nifty Next 50 TRI,2024-09-04,59781.42
Nifty Midcap 150 TRI,2024-09-04,18767.01
Nifty Smallcap 250 TRI,2024-09-04,10780.22
Nifty 500 TRI,2024-09-04,27632.28
Nifty G-Sec Index,2024-09-04,2962.32
Nifty 50 TRI,2024-09-05,51747.11
Nifty Next 50 TRI,2024-09-05,58451.17
Nifty Midcap 150 TRI,2024-09-05,18752.79
Nifty Smallcap 250 TRI,2024-09-05,10463.13
Nifty 500 TRI,2024-09-05,27188.65
Nifty G-Sec Index,2024-09-05,2970.15
Nifty 50 TRI,2024-09-06,51251.2
Nifty Next 50 TRI,2024-09-06,58676.77
Nifty Midcap 150 TRI,2024-09-06,18386.1
Nifty Smallcap 250 TRI,2024-09-06,10705.83
Nifty 500 TRI,2024-09-06,27311.53
Nifty G-Sec Index,2024-09-06,2989.73
Nifty 50 TRI,2024-09-09,51924.39
Nifty Next 50 TRI,2024-09-09,59594.78
Nifty Midcap 150 TRI,2024-09-09,18478.14
Nifty Smallcap 250 TRI,2024-09-09,10900.22
Nifty 500 TRI,2024-09-09,26784.53
Nifty G-Sec Index,2024-09-09,2982.12
Nifty 50 TRI,2024-09-10,51074.6
Nifty Next 50 TRI,2024-09-10,59900.58
Nifty Midcap 150 TRI,2024-09-10,18305.37
Nifty Smallcap 250 TRI,2024-09-10,10597.34
Nifty 500 TRI,2024-09-10,26508.97
Nifty G-Sec Index,2024-09-10,2984.98
Nifty 50 TRI,2024-09-11,50780.7
Nifty Next 50 TRI,2024-09-11,61104.72
Nifty Midcap 150 TRI,2024-09-11,18579.42
Nifty Smallcap 250 TRI,2024-09-11,10612.63
Nifty 500 TRI,2024-09-11,26642.14
Nifty G-Sec Index,2024-09-11,2969.77
Nifty 50 TRI,2024-09-12,50609.02
Nifty Next 50 TRI,2024-09-12,61213.06
Nifty Midcap 150 TRI,2024-09-12,18300.31
Nifty Smallcap 250 TRI,2024-09-12,10553.45
Nifty 500 TRI,2024-09-12,26207.82
Nifty G-Sec Index,2024-09-12,2968.35
Nifty 50 TRI,2024-09-13,49716.92
Nifty Next 50 TRI,2024-09-13,60210.7
Nifty Midcap 150 TRI,2024-09-13,18059.85
Nifty Smallcap 250 TRI,2024-09-13,10686.77
Nifty 500 TRI,2024-09-13,26087.52
Nifty G-Sec Index,2024-09-13,2967.68
Nifty 50 TRI,2024-09-16,49960.08
Nifty Next 50 TRI,2024-09-16,60052.19
Nifty Midcap 150 TRI,2024-09-16,17651.37
Nifty Smallcap 250 TRI,2024-09-16,10515.61
Nifty 500 TRI,2024-09-16,25881.54
Nifty G-Sec Index,2024-09-16,2957.81
Nifty 50 TRI,2024-09-17,50150.91
Nifty Next 50 TRI,2024-09-17,58847.14
Nifty Midcap 150 TRI,2024-09-17,17096.05
Nifty Smallcap 250 TRI,2024-09-17,10471.19
Nifty 500 TRI,2024-09-17,25934.89
Nifty G-Sec Index,2024-09-17,2966.43
Nifty 50 TRI,2024-09-18,51416.65
Nifty Next 50 TRI,2024-09-18,58145.45
Nifty Midcap 150 TRI,2024-09-18,17131.48
Nifty Smallcap 250 TRI,2024-09-18,10413.85
Nifty 500 TRI,2024-09-18,26029.11
Nifty G-Sec Index,2024-09-18,2972.5
Nifty 50 TRI,2024-09-19,50853.76
Nifty Next 50 TRI,2024-09-19,59458.25
Nifty Midcap 150 TRI,2024-09-19,17372.9
Nifty Smallcap 250 TRI,2024-09-19,10594.3
Nifty 500 TRI,2024-09-19,26383.02
Nifty G-Sec Index,2024-09-19,2955.54
Nifty 50 TRI,2024-09-20,50606.85
Nifty Next 50 TRI,2024-09-20,58950.14
Nifty Midcap 150 TRI,2024-09-20,17595.49
Nifty Smallcap 250 TRI,2024-09-20,10578.21
Nifty 500 TRI,2024-09-20,26126.9
Nifty G-Sec Index,2024-09-20,2960.94
Nifty 50 TRI,2024-09-24,50350.64
Nifty Next 50 TRI,2024-09-24,58051.06
Nifty Midcap 150 TRI,2024-09-24,17418.7
Nifty Smallcap 250 TRI,2024-09-24,10900.68
Nifty 500 TRI,2024-09-24,26360.69
Nifty G-Sec Index,2024-09-24,2955.87
Nifty 50 TRI,2024-09-25,50951.96
Nifty Next 50 TRI,2024-09-25,57314.61
Nifty Midcap 150 TRI,2024-09-25,17386.65
Nifty Smallcap 250 TRI,2024-09-25,10736.72
Nifty 500 TRI,2024-09-25,25803.22
Nifty G-Sec Index,2024-09-25,2953.57
Nifty 50 TRI,2024-09-26,50420.76
Nifty Next 50 TRI,2024-09-26,56888.43
Nifty Midcap 150 TRI,2024-09-26,17733.44
Nifty Smallcap 250 TRI,2024-09-26,10339.28
Nifty 500 TRI,2024-09-26,25526.64
Nifty G-Sec Index,2024-09-26,2959.61
Nifty 50 TRI,2024-09-27,49408.66
Nifty Next 50 TRI,2024-09-27,56019.7
Nifty Midcap 150 TRI,2024-09-27,18170.27
Nifty Smallcap 250 TRI,2024-09-27,10181.11
Nifty 500 TRI,2024-09-27,24860.83
Nifty G-Sec Index,2024-09-27,2957.16
Nifty 50 TRI,2024-09-30,48569.08
Nifty Next 50 TRI,2024-09-30,55813.71
Nifty Midcap 150 TRI,2024-09-30,18259.21
Nifty Smallcap 250 TRI,2024-09-30,10138.16
Nifty 500 TRI,2024-09-30,24267.41
Nifty G-Sec Index,2024-09-30,2964.82
Nifty 50 TRI,2024-10-01,47841.16
Nifty Next 50 TRI,2024-10-01,55160.23
Nifty Midcap 150 TRI,2024-10-01,18395.97
Nifty Smallcap 250 TRI,2024-10-01,10072.91
Nifty 500 TRI,2024-10-01,24097.67
Nifty G-Sec Index,2024-10-01,2969.42
Nifty 50 TRI,2024-10-02,48103.08
Nifty Next 50 TRI,2024-10-02,55833.83
Nifty Midcap 150 TRI,2024-10-02,18106.79
Nifty Smallcap 250 TRI,2024-10-02,9661.62
Nifty 500 TRI,2024-10-02,24646.37
Nifty G-Sec Index,2024-10-02,2950.77
Nifty 50 TRI,2024-10-03,48363.85
Nifty Next 50 TRI,2024-10-03,55492.71
Nifty Midcap 150 TRI,2024-10-03,18338.82
Nifty Smallcap 250 TRI,2024-10-03,9714.68
Nifty 500 TRI,2024-10-03,24537.99
Nifty G-Sec Index,2024-10-03,2955.06
Nifty 50 TRI,2024-10-07,47454.23
Nifty Next 50 TRI,2024-10-07,56616.3
Nifty Midcap 150 TRI,2024-10-07,18348.38
Nifty Smallcap 250 TRI,2024-10-07,9987.53
Nifty 500 TRI,2024-10-07,24566.54
Nifty G-Sec Index,2024-10-07,2964.41
Nifty 50 TRI,2024-10-08,48741.96
Nifty Next 50 TRI,2024-10-08,55648.61
Nifty Midcap 150 TRI,2024-10-08,18027.82
Nifty Smallcap 250 TRI,2024-10-08,9925.8
Nifty 500 TRI,2024-10-08,24875.51
Nifty G-Sec Index,2024-10-08,2975.44
Nifty 50 TRI,2024-10-09,47756.03
Nifty Next 50 TRI,2024-10-09,56550.0
Nifty Midcap 150 TRI,2024-10-09,17815.1
Nifty Smallcap 250 TRI,2024-10-09,10122.36
Nifty 500 TRI,2024-10-09,24725.99
Nifty G-Sec Index,2024-10-09,2966.12
Nifty 50 TRI,2024-10-10,48323.21
Nifty Next 50 TRI,2024-10-10,56548.9
Nifty Midcap 150 TRI,2024-10-10,18100.48
Nifty Smallcap 250 TRI,2024-10-10,10234.47
Nifty 500 TRI,2024-10-10,24937.03
Nifty G-Sec Index,2024-10-10,2953.62
Nifty 50 TRI,2024-10-11,49079.19
Nifty Next 50 TRI,2024-10-11,56223.98
Nifty Midcap 150 TRI,2024-10-11,18210.19
Nifty Smallcap 250 TRI,2024-10-11,10407.87
Nifty 500 TRI,2024-10-11,25250.26
Nifty G-Sec Index,2024-10-11,2951.05
Nifty 50 TRI,2024-10-14,48063.55
Nifty Next 50 TRI,2024-10-14,56524.75
Nifty Midcap 150 TRI,2024-10-14,17936.4
Nifty Smallcap 250 TRI,2024-10-14,10194.53
Nifty 500 TRI,2024-10-14,24979.54
Nifty G-Sec Index,2024-10-14,2934.05
Nifty 50 TRI,2024-10-16,48279.56
Nifty Next 50 TRI,2024-10-16,57291.93
Nifty Midcap 150 TRI,2024-10-16,17818.4
Nifty Smallcap 250 TRI,2024-10-16,10506.4
Nifty 500 TRI,2024-10-16,24461.22
Nifty G-Sec Index,2024-10-16,2929.36
Nifty 50 TRI,2024-10-17,47343.25
Nifty Next 50 TRI,2024-10-17,57904.31
Nifty Midcap 150 TRI,2024-10-17,17984.73
Nifty Smallcap 250 TRI,2024-10-17,10303.18
Nifty 500 TRI,2024-10-17,24573.62
Nifty G-Sec Index,2024-10-17,2932.39
Nifty 50 TRI,2024-10-18,46154.27
Nifty Next 50 TRI,2024-10-18,57110.08
Nifty Midcap 150 TRI,2024-10-18,17654.29
Nifty Smallcap 250 TRI,2024-10-18,10497.78
Nifty 500 TRI,2024-10-18,24812.59
Nifty G-Sec Index,2024-10-18,2939.58
Nifty 50 TRI,2024-10-21,45800.26
Nifty Next 50 TRI,2024-10-21,58070.11
Nifty Midcap 150 TRI,2024-10-21,17892.87
Nifty Smallcap 250 TRI,2024-10-21,10438.2
Nifty 500 TRI,2024-10-21,24720.04
Nifty G-Sec Index,2024-10-21,2938.4
Nifty 50 TRI,2024-10-22,46271.81
Nifty Next 50 TRI,2024-10-22,58897.01
Nifty Midcap 150 TRI,2024-10-22,17540.79
Nifty Smallcap 250 TRI,2024-10-22,10291.12
Nifty 500 TRI,2024-10-22,24622.87
Nifty G-Sec Index,2024-10-22,2943.75
Nifty 50 TRI,2024-10-23,45687.78
Nifty Next 50 TRI,2024-10-23,58070.2
Nifty Midcap 150 TRI,2024-10-23,17552.07
Nifty Smallcap 250 TRI,2024-10-23,10404.69
Nifty 500 TRI,2024-10-23,24793.82
Nifty G-Sec Index,2024-10-23,2942.82
Nifty 50 TRI,2024-10-24,45434.04
Nifty Next 50 TRI,2024-10-24,56747.02
Nifty Midcap 150 TRI,2024-10-24,17358.18
Nifty Smallcap 250 TRI,2024-10-24,10344.87
Nifty 500 TRI,2024-10-24,24838.07
Nifty G-Sec Index,2024-10-24,2953.97
Nifty 50 TRI,2024-10-25,46179.44
Nifty Next 50 TRI,2024-10-25,56646.27
Nifty Midcap 150 TRI,2024-10-25,17530.88
Nifty Smallcap 250 TRI,2024-10-25,10263.78
Nifty 500 TRI,2024-10-25,25107.42
Nifty G-Sec Index,2024-10-25,2964.46
Nifty 50 TRI,2024-10-28,46829.04
Nifty Next 50 TRI,2024-10-28,56480.82
Nifty Midcap 150 TRI,2024-10-28,17599.36
Nifty Smallcap 250 TRI,2024-10-28,10480.64
Nifty 500 TRI,2024-10-28,25119.02
Nifty G-Sec Index,2024-10-28,2956.94
Nifty 50 TRI,2024-10-29,46984.14
Nifty Next 50 TRI,2024-10-29,55677.21
Nifty Midcap 150 TRI,2024-10-29,17838.54
Nifty Smallcap 250 TRI,2024-10-29,10577.35
Nifty 500 TRI,2024-10-29,24811.47
Nifty G-Sec Index,2024-10-29,2966.01
Nifty 50 TRI,2024-10-30,46918.79
Nifty Next 50 TRI,2024-10-30,56340.87
Nifty Midcap 150 TRI,2024-10-30,18084.73
Nifty Smallcap 250 TRI,2024-10-30,10426.49
Nifty 500 TRI,2024-10-30,25427.86
Nifty G-Sec Index,2024-10-30,2965.58
Nifty 50 TRI,2024-10-31,47497.67
Nifty Next 50 TRI,2024-10-31,56621.43
Nifty Midcap 150 TRI,2024-10-31,17974.35
Nifty Smallcap 250 TRI,2024-10-31,10406.54
Nifty 500 TRI,2024-10-31,25149.28
Nifty G-Sec Index,2024-10-31,2958.53
Nifty 50 TRI,2024-11-01,48093.1
Nifty Next 50 TRI,2024-11-01,56338.76
Nifty Midcap 150 TRI,2024-11-01,18035.92
Nifty Smallcap 250 TRI,2024-11-01,10331.03
Nifty 500 TRI,2024-11-01,24732.23
Nifty G-Sec Index,2024-11-01,2959.74
Nifty 50 TRI,2024-11-04,48195.62
Nifty Next 50 TRI,2024-11-04,57483.18
Nifty Midcap 150 TRI,2024-11-04,18065.65
Nifty Smallcap 250 TRI,2024-11-04,10308.66
Nifty 500 TRI,2024-11-04,24664.64
Nifty G-Sec Index,2024-11-04,2962.41
Nifty 50 TRI,2024-11-05,48488.32
Nifty Next 50 TRI,2024-11-05,58471.58
Nifty Midcap 150 TRI,2024-11-05,17639.17
Nifty Smallcap 250 TRI,2024-11-05,10515.49
Nifty 500 TRI,2024-11-05,24768.34
Nifty G-Sec Index,2024-11-05,2952.05
Nifty 50 TRI,2024-11-06,48397.84
Nifty Next 50 TRI,2024-11-06,59314.95
Nifty Midcap 150 TRI,2024-11-06,17948.19
Nifty Smallcap 250 TRI,2024-11-06,10332.47
Nifty 500 TRI,2024-11-06,24331.53
Nifty G-Sec Index,2024-11-06,2952.58
Nifty 50 TRI,2024-11-07,49081.1
Nifty Next 50 TRI,2024-11-07,58343.69
Nifty Midcap 150 TRI,2024-11-07,18072.54
Nifty Smallcap 250 TRI,2024-11-07,10603.92
Nifty 500 TRI,2024-11-07,24667.41
Nifty G-Sec Index,2024-11-07,2956.42
Nifty 50 TRI,2024-11-08,49325.19
Nifty Next 50 TRI,2024-11-08,59410.73
Nifty Midcap 150 TRI,2024-11-08,17976.53
Nifty Smallcap 250 TRI,2024-11-08,10629.55
Nifty 500 TRI,2024-11-08,24697.97
Nifty G-Sec Index,2024-11-08,2964.2
Nifty 50 TRI,2024-11-11,49257.79
Nifty Next 50 TRI,2024-11-11,59619.68
Nifty Midcap 150 TRI,2024-11-11,17780.36
Nifty Smallcap 250 TRI,2024-11-11,10649.61
Nifty 500 TRI,2024-11-11,24145.26
Nifty G-Sec Index,2024-11-11,2971.16
Nifty 50 TRI,2024-11-12,49827.36
Nifty Next 50 TRI,2024-11-12,58936.06
Nifty Midcap 150 TRI,2024-11-12,17830.53
Nifty Smallcap 250 TRI,2024-11-12,10730.54
Nifty 500 TRI,2024-11-12,23671.03
Nifty G-Sec Index,2024-11-12,2970.03
Nifty 50 TRI,2024-11-13,49990.43
Nifty Next 50 TRI,2024-11-13,58849.26
Nifty Midcap 150 TRI,2024-11-13,17510.38
Nifty Smallcap 250 TRI,2024-11-13,10741.88
Nifty 500 TRI,2024-11-13,23783.9
Nifty G-Sec Index,2024-11-13,2970.61
Nifty 50 TRI,2024-11-14,49470.94
Nifty Next 50 TRI,2024-11-14,58633.51
Nifty Midcap 150 TRI,2024-11-14,17369.32
Nifty Smallcap 250 TRI,2024-11-14,10748.52
Nifty 500 TRI,2024-11-14,23710.16
Nifty G-Sec Index,2024-11-14,2964.3
Nifty 50 TRI,2024-11-15,49611.78
Nifty Next 50 TRI,2024-11-15,58745.07
Nifty Midcap 150 TRI,2024-11-15,17173.44
Nifty Smallcap 250 TRI,2024-11-15,10813.04
Nifty 500 TRI,2024-11-15,23779.39
Nifty G-Sec Index,2024-11-15,2968.1
Nifty 50 TRI,2024-11-18,49545.86
Nifty Next 50 TRI,2024-11-18,58679.66
Nifty Midcap 150 TRI,2024-11-18,17473.67
Nifty Smallcap 250 TRI,2024-11-18,10460.57
Nifty 500 TRI,2024-11-18,23728.9
Nifty G-Sec Index,2024-11-18,2972.5
Nifty 50 TRI,2024-11-19,49402.17
Nifty Next 50 TRI,2024-11-19,59116.61
Nifty Midcap 150 TRI,2024-11-19,17114.76
Nifty Smallcap 250 TRI,2024-11-19,10613.59
Nifty 500 TRI,2024-11-19,23902.22
Nifty G-Sec Index,2024-11-19,2979.17
Nifty 50 TRI,2024-11-20,49930.59
Nifty Next 50 TRI,2024-11-20,58623.75
Nifty Midcap 150 TRI,2024-11-20,17573.59
Nifty Smallcap 250 TRI,2024-11-20,10298.49
Nifty 500 TRI,2024-11-20,23827.57
Nifty G-Sec Index,2024-11-20,2997.86
Nifty 50 TRI,2024-11-21,49703.33
Nifty Next 50 TRI,2024-11-21,59390.48
Nifty Midcap 150 TRI,2024-11-21,17746.38
Nifty Smallcap 250 TRI,2024-11-21,10514.71
Nifty 500 TRI,2024-11-21,24065.33
Nifty G-Sec Index,2024-11-21,2996.44
Nifty 50 TRI,2024-11-22,49348.04
Nifty Next 50 TRI,2024-11-22,59727.11
Nifty Midcap 150 TRI,2024-11-22,17976.4
Nifty Smallcap 250 TRI,2024-11-22,10477.05
Nifty 500 TRI,2024-11-22,24017.74
Nifty G-Sec Index,2024-11-22,3004.13
Nifty 50 TRI,2024-11-25,49878.3
Nifty Next 50 TRI,2024-11-25,58977.57
Nifty Midcap 150 TRI,2024-11-25,18027.47
Nifty Smallcap 250 TRI,2024-11-25,10663.21
Nifty 500 TRI,2024-11-25,24162.66
Nifty G-Sec Index,2024-11-25,3010.36
Nifty 50 TRI,2024-11-26,49296.13
Nifty Next 50 TRI,2024-11-26,58616.88
Nifty Midcap 150 TRI,2024-11-26,18108.07
Nifty Smallcap 250 TRI,2024-11-26,10814.67
Nifty 500 TRI,2024-11-26,24085.46
Nifty G-Sec Index,2024-11-26,3018.9
Nifty 50 TRI,2024-11-27,49601.62
Nifty Next 50 TRI,2024-11-27,58702.44
Nifty Midcap 150 TRI,2024-11-27,17802.9
Nifty Smallcap 250 TRI,2024-11-27,11104.24
Nifty 500 TRI,2024-11-27,23987.2
Nifty G-Sec Index,2024-11-27,3013.67
Nifty 50 TRI,2024-11-28,49740.65
Nifty Next 50 TRI,2024-11-28,58586.78
Nifty Midcap 150 TRI,2024-11-28,18276.73
Nifty Smallcap 250 TRI,2024-11-28,10941.0
Nifty 500 TRI,2024-11-28,23618.35
Nifty G-Sec Index,2024-11-28,3017.17
Nifty 50 TRI,2024-11-29,49900.05
Nifty Next 50 TRI,2024-11-29,59156.68
Nifty Midcap 150 TRI,2024-11-29,18573.47
Nifty Smallcap 250 TRI,2024-11-29,10657.42
Nifty 500 TRI,2024-11-29,24019.69
Nifty G-Sec Index,2024-11-29,3006.82
Nifty 50 TRI,2024-12-02,49838.12
Nifty Next 50 TRI,2024-12-02,59672.6
Nifty Midcap 150 TRI,2024-12-02,18480.71
Nifty Smallcap 250 TRI,2024-12-02,10942.77
Nifty 500 TRI,2024-12-02,23879.41
Nifty G-Sec Index,2024-12-02,3006.81
Nifty 50 TRI,2024-12-03,50113.7
Nifty Next 50 TRI,2024-12-03,59768.6
Nifty Midcap 150 TRI,2024-12-03,18377.27
Nifty Smallcap 250 TRI,2024-12-03,10825.89
Nifty 500 TRI,2024-12-03,23652.84
Nifty G-Sec Index,2024-12-03,3003.45
Nifty 50 TRI,2024-12-04,50061.18
Nifty Next 50 TRI,2024-12-04,59519.32
Nifty Midcap 150 TRI,2024-12-04,18414.34
Nifty Smallcap 250 TRI,2024-12-04,10655.73
Nifty 500 TRI,2024-12-04,23956.09
Nifty G-Sec Index,2024-12-04,3003.33
Nifty 50 TRI,2024-12-05,49079.82
Nifty Next 50 TRI,2024-12-05,60261.79
Nifty Midcap 150 TRI,2024-12-05,18626.13
Nifty Smallcap 250 TRI,2024-12-05,10804.87
Nifty 500 TRI,2024-12-05,23903.87
Nifty G-Sec Index,2024-12-05,3011.64
Nifty 50 TRI,2024-12-06,49044.09
Nifty Next 50 TRI,2024-12-06,59654.31
Nifty Midcap 150 TRI,2024-12-06,19174.79
Nifty Smallcap 250 TRI,2024-12-06,10725.88
Nifty 500 TRI,2024-12-06,24014.97
Nifty G-Sec Index,2024-12-06,3016.36
Nifty 50 TRI,2024-12-09,49157.93
Nifty Next 50 TRI,2024-12-09,60174.07
Nifty Midcap 150 TRI,2024-12-09,18900.72
Nifty Smallcap 250 TRI,2024-12-09,10776.9
Nifty 500 TRI,2024-12-09,24354.35
Nifty G-Sec Index,2024-12-09,3015.66
Nifty 50 TRI,2024-12-10,48349.75
Nifty Next 50 TRI,2024-12-10,61648.19
Nifty Midcap 150 TRI,2024-12-10,18615.21
Nifty Smallcap 250 TRI,2024-12-10,10998.14
Nifty 500 TRI,2024-12-10,23866.46
Nifty G-Sec Index,2024-12-10,3016.79
Nifty 50 TRI,2024-12-11,48611.65
Nifty Next 50 TRI,2024-12-11,59781.49
Nifty Midcap 150 TRI,2024-12-11,18788.0
Nifty Smallcap 250 TRI,2024-12-11,11359.51
Nifty 500 TRI,2024-12-11,23758.8
Nifty G-Sec Index,2024-12-11,3017.14
Nifty 50 TRI,2024-12-12,48818.93
Nifty Next 50 TRI,2024-12-12,59113.49
Nifty Midcap 150 TRI,2024-12-12,18246.39
Nifty Smallcap 250 TRI,2024-12-12,11486.21
Nifty 500 TRI,2024-12-12,23486.6
Nifty G-Sec Index,2024-12-12,3022.67
Nifty 50 TRI,2024-12-13,48439.55
Nifty Next 50 TRI,2024-12-13,58870.55
Nifty Midcap 150 TRI,2024-12-13,18249.48
Nifty Smallcap 250 TRI,2024-12-13,11394.75
Nifty 500 TRI,2024-12-13,23231.49
Nifty G-Sec Index,2024-12-13,3015.98
Nifty 50 TRI,2024-12-16,48950.21
Nifty Next 50 TRI,2024-12-16,58583.53
Nifty Midcap 150 TRI,2024-12-16,18583.15
Nifty Smallcap 250 TRI,2024-12-16,11500.41
Nifty 500 TRI,2024-12-16,23458.99
Nifty G-Sec Index,2024-12-16,3006.13
Nifty 50 TRI,2024-12-17,48190.42
Nifty Next 50 TRI,2024-12-17,58469.87
Nifty Midcap 150 TRI,2024-12-17,18587.26
Nifty Smallcap 250 TRI,2024-12-17,11572.09
Nifty 500 TRI,2024-12-17,23235.94
Nifty G-Sec Index,2024-12-17,3008.32
Nifty 50 TRI,2024-12-18,48448.72
Nifty Next 50 TRI,2024-12-18,58507.58
Nifty Midcap 150 TRI,2024-12-18,18457.98
Nifty Smallcap 250 TRI,2024-12-18,11608.72
Nifty 500 TRI,2024-12-18,23490.82
Nifty G-Sec Index,2024-12-18,3021.98
Nifty 50 TRI,2024-12-19,48292.19
Nifty Next 50 TRI,2024-12-19,59078.41
Nifty Midcap 150 TRI,2024-12-19,18389.48
Nifty Smallcap 250 TRI,2024-12-19,11581.53
Nifty 500 TRI,2024-12-19,23141.28
Nifty G-Sec Index,2024-12-19,3024.58
Nifty 50 TRI,2024-12-20,47260.39
Nifty Next 50 TRI,2024-12-20,59113.88
Nifty Midcap 150 TRI,2024-12-20,18033.62
Nifty Smallcap 250 TRI,2024-12-20,11794.38
Nifty 500 TRI,2024-12-20,23049.43
Nifty G-Sec Index,2024-12-20,3025.48
Nifty 50 TRI,2024-12-23,46673.64
Nifty Next 50 TRI,2024-12-23,60086.66
Nifty Midcap 150 TRI,2024-12-23,18185.92
Nifty Smallcap 250 TRI,2024-12-23,11422.63
Nifty 500 TRI,2024-12-23,22986.31
Nifty G-Sec Index,2024-12-23,3031.67
Nifty 50 TRI,2024-12-24,46486.22
Nifty Next 50 TRI,2024-12-24,59145.95
Nifty Midcap 150 TRI,2024-12-24,18320.08
Nifty Smallcap 250 TRI,2024-12-24,11334.35
Nifty 500 TRI,2024-12-24,23121.45
Nifty G-Sec Index,2024-12-24,3031.99
Nifty 50 TRI,2024-12-25,46247.08
Nifty Next 50 TRI,2024-12-25,59998.61
Nifty Midcap 150 TRI,2024-12-25,18071.53
Nifty Smallcap 250 TRI,2024-12-25,11238.28
Nifty 500 TRI,2024-12-25,23013.1
Nifty G-Sec Index,2024-12-25,3031.33
Nifty 50 TRI,2024-12-26,46405.88
Nifty Next 50 TRI,2024-12-26,59434.3
Nifty Midcap 150 TRI,2024-12-26,17991.92
Nifty Smallcap 250 TRI,2024-12-26,11186.42
Nifty 500 TRI,2024-12-26,22294.0
Nifty G-Sec Index,2024-12-26,3016.41
Nifty 50 TRI,2024-12-27,45911.85
Nifty Next 50 TRI,2024-12-27,60190.41
Nifty Midcap 150 TRI,2024-12-27,18043.86
Nifty Smallcap 250 TRI,2024-12-27,11094.14
Nifty 500 TRI,2024-12-27,22512.87
Nifty G-Sec Index,2024-12-27,3023.82
Nifty 50 TRI,2024-12-30,46196.3
Nifty Next 50 TRI,2024-12-30,60341.49
Nifty Midcap 150 TRI,2024-12-30,18220.09
Nifty Smallcap 250 TRI,2024-12-30,11421.81
Nifty 500 TRI,2024-12-30,22039.53
Nifty G-Sec Index,2024-12-30,3034.65
Nifty 50 TRI,2024-12-31,45993.14
Nifty Next 50 TRI,2024-12-31,60428.29
Nifty Midcap 150 TRI,2024-12-31,18499.94
Nifty Smallcap 250 TRI,2024-12-31,11637.05
Nifty 500 TRI,2024-12-31,22517.31
Nifty G-Sec Index,2024-12-31,3045.74
Nifty 50 TRI,2025-01-01,45596.29
Nifty Next 50 TRI,2025-01-01,59671.52
Nifty Midcap 150 TRI,2025-01-01,18776.46
Nifty Smallcap 250 TRI,2025-01-01,11719.9
Nifty 500 TRI,2025-01-01,22753.09
Nifty G-Sec Index,2025-01-01,3036.67
Nifty 50 TRI,2025-01-02,44161.51
Nifty Next 50 TRI,2025-01-02,60533.17
Nifty Midcap 150 TRI,2025-01-02,18866.96
Nifty Smallcap 250 TRI,2025-01-02,11712.89
Nifty 500 TRI,2025-01-02,22223.81
Nifty G-Sec Index,2025-01-02,3036.93
Nifty 50 TRI,2025-01-03,45272.18
Nifty Next 50 TRI,2025-01-03,60686.83
Nifty Midcap 150 TRI,2025-01-03,19245.18
Nifty Smallcap 250 TRI,2025-01-03,11474.61
Nifty 500 TRI,2025-01-03,22475.61
Nifty G-Sec Index,2025-01-03,3026.83
Nifty 50 TRI,2025-01-06,44443.75
Nifty Next 50 TRI,2025-01-06,61317.45
Nifty Midcap 150 TRI,2025-01-06,19017.27
Nifty Smallcap 250 TRI,2025-01-06,11256.53
Nifty 500 TRI,2025-01-06,22105.1
Nifty G-Sec Index,2025-01-06,3046.02
Nifty 50 TRI,2025-01-07,44528.38
Nifty Next 50 TRI,2025-01-07,60585.15
Nifty Midcap 150 TRI,2025-01-07,19294.04
Nifty Smallcap 250 TRI,2025-01-07,11298.34
Nifty 500 TRI,2025-01-07,22092.25
Nifty G-Sec Index,2025-01-07,3063.93
Nifty 50 TRI,2025-01-08,44759.77
Nifty Next 50 TRI,2025-01-08,59357.66
Nifty Midcap 150 TRI,2025-01-08,19027.76
Nifty Smallcap 250 TRI,2025-01-08,11161.91
Nifty 500 TRI,2025-01-08,21996.52
Nifty G-Sec Index,2025-01-08,3069.22
Nifty 50 TRI,2025-01-09,44577.81
Nifty Next 50 TRI,2025-01-09,59125.66
Nifty Midcap 150 TRI,2025-01-09,19039.3
Nifty Smallcap 250 TRI,2025-01-09,11127.02
Nifty 500 TRI,2025-01-09,22101.23
Nifty G-Sec Index,2025-01-09,3072.85
Nifty 50 TRI,2025-01-10,43208.33
Nifty Next 50 TRI,2025-01-10,59415.93
Nifty Midcap 150 TRI,2025-01-10,19318.22
Nifty Smallcap 250 TRI,2025-01-10,10849.85
Nifty 500 TRI,2025-01-10,21917.79
Nifty G-Sec Index,2025-01-10,3067.36
Nifty 50 TRI,2025-01-13,44053.41
Nifty Next 50 TRI,2025-01-13,59352.29
Nifty Midcap 150 TRI,2025-01-13,19810.86
Nifty Smallcap 250 TRI,2025-01-13,10726.76
Nifty 500 TRI,2025-01-13,21529.5
Nifty G-Sec Index,2025-01-13,3074.56
Nifty 50 TRI,2025-01-14,44052.06
Nifty Next 50 TRI,2025-01-14,57913.97
Nifty Midcap 150 TRI,2025-01-14,19795.35
Nifty Smallcap 250 TRI,2025-01-14,10857.24
Nifty 500 TRI,2025-01-14,21825.69
Nifty G-Sec Index,2025-01-14,3062.87
Nifty 50 TRI,2025-01-15,44066.87
Nifty Next 50 TRI,2025-01-15,56043.39
Nifty Midcap 150 TRI,2025-01-15,20128.03
Nifty Smallcap 250 TRI,2025-01-15,10668.89
Nifty 500 TRI,2025-01-15,21833.76
Nifty G-Sec Index,2025-01-15,3063.57
Nifty 50 TRI,2025-01-16,43171.65
Nifty Next 50 TRI,2025-01-16,55541.14
Nifty Midcap 150 TRI,2025-01-16,20577.67
Nifty Smallcap 250 TRI,2025-01-16,10448.16
Nifty 500 TRI,2025-01-16,21466.51
Nifty G-Sec Index,2025-01-16,3067.21
Nifty 50 TRI,2025-01-17,43897.91
Nifty Next 50 TRI,2025-01-17,56437.67
Nifty Midcap 150 TRI,2025-01-17,20433.96
Nifty Smallcap 250 TRI,2025-01-17,10212.29
Nifty 500 TRI,2025-01-17,21175.52
Nifty G-Sec Index,2025-01-17,3058.0
Nifty 50 TRI,2025-01-21,44082.65
Nifty Next 50 TRI,2025-01-21,56587.58
Nifty Midcap 150 TRI,2025-01-21,21003.41
Nifty Smallcap 250 TRI,2025-01-21,9959.79
Nifty 500 TRI,2025-01-21,21513.39
Nifty G-Sec Index,2025-01-21,3059.96
Nifty 50 TRI,2025-01-22,43374.38
Nifty Next 50 TRI,2025-01-22,57712.41
Nifty Midcap 150 TRI,2025-01-22,20576.77
Nifty Smallcap 250 TRI,2025-01-22,9996.15
Nifty 500 TRI,2025-01-22,21630.37
Nifty G-Sec Index,2025-01-22,3088.17
Nifty 50 TRI,2025-01-23,42670.1
Nifty Next 50 TRI,2025-01-23,57187.84
Nifty Midcap 150 TRI,2025-01-23,20372.04
Nifty Smallcap 250 TRI,2025-01-23,10165.96
Nifty 500 TRI,2025-01-23,21660.71
Nifty G-Sec Index,2025-01-23,3090.52
Nifty 50 TRI,2025-01-24,42653.08
Nifty Next 50 TRI,2025-01-24,57154.27
Nifty Midcap 150 TRI,2025-01-24,20546.92
Nifty Smallcap 250 TRI,2025-01-24,10210.93
Nifty 500 TRI,2025-01-24,21768.97
Nifty G-Sec Index,2025-01-24,3072.84
Nifty 50 TRI,2025-01-27,42567.56
Nifty Next 50 TRI,2025-01-27,57734.54
Nifty Midcap 150 TRI,2025-01-27,20310.97
Nifty Smallcap 250 TRI,2025-01-27,10312.4
Nifty 500 TRI,2025-01-27,22371.48
Nifty G-Sec Index,2025-01-27,3071.47
Nifty 50 TRI,2025-01-28,42392.81
Nifty Next 50 TRI,2025-01-28,56996.18
Nifty Midcap 150 TRI,2025-01-28,20526.89
Nifty Smallcap 250 TRI,2025-01-28,10188.33
Nifty 500 TRI,2025-01-28,22286.49
Nifty G-Sec Index,2025-01-28,3076.57
Nifty 50 TRI,2025-01-29,41827.42
Nifty Next 50 TRI,2025-01-29,56553.29
Nifty Midcap 150 TRI,2025-01-29,20464.04
Nifty Smallcap 250 TRI,2025-01-29,10224.95
Nifty 500 TRI,2025-01-29,22059.28
Nifty G-Sec Index,2025-01-29,3094.79
Nifty 50 TRI,2025-01-30,41811.71
Nifty Next 50 TRI,2025-01-30,55744.21
Nifty Midcap 150 TRI,2025-01-30,20574.47
Nifty Smallcap 250 TRI,2025-01-30,10300.95
Nifty 500 TRI,2025-01-30,22254.22
Nifty G-Sec Index,2025-01-30,3094.5
Nifty 50 TRI,2025-01-31,41655.41
Nifty Next 50 TRI,2025-01-31,55877.51
Nifty Midcap 150 TRI,2025-01-31,20648.82
Nifty Smallcap 250 TRI,2025-01-31,10219.49
Nifty 500 TRI,2025-01-31,22212.2
Nifty G-Sec Index,2025-01-31,3105.91
Nifty 50 TRI,2025-02-03,42044.38
Nifty Next 50 TRI,2025-02-03,54980.25
Nifty Midcap 150 TRI,2025-02-03,20393.2
Nifty Smallcap 250 TRI,2025-02-03,10219.91
Nifty 500 TRI,2025-02-03,22524.2
Nifty G-Sec Index,2025-02-03,3098.47
Nifty 50 TRI,2025-02-04,42202.97
Nifty Next 50 TRI,2025-02-04,55756.12
Nifty Midcap 150 TRI,2025-02-04,20683.96
Nifty Smallcap 250 TRI,2025-02-04,10178.58
Nifty 500 TRI,2025-02-04,22442.35
Nifty G-Sec Index,2025-02-04,3106.29
Nifty 50 TRI,2025-02-05,42011.08
Nifty Next 50 TRI,2025-02-05,55810.04
Nifty Midcap 150 TRI,2025-02-05,20864.19
Nifty Smallcap 250 TRI,2025-02-05,10325.52
Nifty 500 TRI,2025-02-05,22486.01
Nifty G-Sec Index,2025-02-05,3106.4
Nifty 50 TRI,2025-02-06,41851.26
Nifty Next 50 TRI,2025-02-06,54826.46
Nifty Midcap 150 TRI,2025-02-06,20369.74
Nifty Smallcap 250 TRI,2025-02-06,10632.05
Nifty 500 TRI,2025-02-06,22427.74
Nifty G-Sec Index,2025-02-06,3120.95
Nifty 50 TRI,2025-02-10,41528.23
Nifty Next 50 TRI,2025-02-10,55698.65
Nifty Midcap 150 TRI,2025-02-10,20200.07
Nifty Smallcap 250 TRI,2025-02-10,10683.2
Nifty 500 TRI,2025-02-10,22151.43
Nifty G-Sec Index,2025-02-10,3102.37
Nifty 50 TRI,2025-02-11,42173.05
Nifty Next 50 TRI,2025-02-11,55932.36
Nifty Midcap 150 TRI,2025-02-11,20502.74
Nifty Smallcap 250 TRI,2025-02-11,10659.55
Nifty 500 TRI,2025-02-11,21965.1
Nifty G-Sec Index,2025-02-11,3100.84
Nifty 50 TRI,2025-02-12,42105.5
Nifty Next 50 TRI,2025-02-12,54134.78
Nifty Midcap 150 TRI,2025-02-12,20468.36
Nifty Smallcap 250 TRI,2025-02-12,11148.06
Nifty 500 TRI,2025-02-12,21907.79
Nifty G-Sec Index,2025-02-12,3097.19
Nifty 50 TRI,2025-02-13,41907.34
Nifty Next 50 TRI,2025-02-13,55036.89
Nifty Midcap 150 TRI,2025-02-13,20633.51
Nifty Smallcap 250 TRI,2025-02-13,11168.37
Nifty 500 TRI,2025-02-13,22023.76
Nifty G-Sec Index,2025-02-13,3104.93
Nifty 50 TRI,2025-02-14,41651.54
Nifty Next 50 TRI,2025-02-14,55767.75
Nifty Midcap 150 TRI,2025-02-14,20411.44
Nifty Smallcap 250 TRI,2025-02-14,11464.81
Nifty 500 TRI,2025-02-14,22315.78
Nifty G-Sec Index,2025-02-14,3102.78
Nifty 50 TRI,2025-02-17,41574.44
Nifty Next 50 TRI,2025-02-17,55871.14
Nifty Midcap 150 TRI,2025-02-17,20254.04
Nifty Smallcap 250 TRI,2025-02-17,11475.44
Nifty 500 TRI,2025-02-17,22517.68
Nifty G-Sec Index,2025-02-17,3101.51
Nifty 50 TRI,2025-02-18,41741.34
Nifty Next 50 TRI,2025-02-18,56380.9
Nifty Midcap 150 TRI,2025-02-18,20341.14
Nifty Smallcap 250 TRI,2025-02-18,11853.4
Nifty 500 TRI,2025-02-18,23144.05
Nifty G-Sec Index,2025-02-18,3109.28
Nifty 50 TRI,2025-02-19,41042.9
Nifty Next 50 TRI,2025-02-19,56917.52
Nifty Midcap 150 TRI,2025-02-19,20782.78
Nifty Smallcap 250 TRI,2025-02-19,11872.22
Nifty 500 TRI,2025-02-19,23318.73
Nifty G-Sec Index,2025-02-19,3106.3
Nifty 50 TRI,2025-02-20,41676.83
Nifty Next 50 TRI,2025-02-20,57513.62
Nifty Midcap 150 TRI,2025-02-20,20482.72
Nifty Smallcap 250 TRI,2025-02-20,12000.28
Nifty 500 TRI,2025-02-20,23033.38
Nifty G-Sec Index,2025-02-20,3122.32
Nifty 50 TRI,2025-02-21,41376.05
Nifty Next 50 TRI,2025-02-21,56450.98
Nifty Midcap 150 TRI,2025-02-21,20265.04
Nifty Smallcap 250 TRI,2025-02-21,11752.89
Nifty 500 TRI,2025-02-21,23021.12
Nifty G-Sec Index,2025-02-21,3121.73
Nifty 50 TRI,2025-02-24,41324.29
Nifty Next 50 TRI,2025-02-24,55499.59
Nifty Midcap 150 TRI,2025-02-24,20333.51
Nifty Smallcap 250 TRI,2025-02-24,12007.52
Nifty 500 TRI,2025-02-24,22513.22
Nifty G-Sec Index,2025-02-24,3147.43
Nifty 50 TRI,2025-02-25,41096.02
Nifty Next 50 TRI,2025-02-25,56130.88
Nifty Midcap 150 TRI,2025-02-25,19901.37
Nifty Smallcap 250 TRI,2025-02-25,12013.58
Nifty 500 TRI,2025-02-25,22559.64
Nifty G-Sec Index,2025-02-25,3162.25
Nifty 50 TRI,2025-02-27,41048.01
Nifty Next 50 TRI,2025-02-27,56330.28
Nifty Midcap 150 TRI,2025-02-27,19746.28
Nifty Smallcap 250 TRI,2025-02-27,12424.44
Nifty 500 TRI,2025-02-27,22582.2
Nifty G-Sec Index,2025-02-27,3164.43
Nifty 50 TRI,2025-02-28,41508.58
Nifty Next 50 TRI,2025-02-28,55757.67
Nifty Midcap 150 TRI,2025-02-28,19733.08
Nifty Smallcap 250 TRI,2025-02-28,12474.39
Nifty 500 TRI,2025-02-28,22365.28
Nifty G-Sec Index,2025-02-28,3172.39
Nifty 50 TRI,2025-03-03,41504.86
Nifty Next 50 TRI,2025-03-03,55745.45
Nifty Midcap 150 TRI,2025-03-03,19350.92
Nifty Smallcap 250 TRI,2025-03-03,12687.51
Nifty 500 TRI,2025-03-03,22274.22
Nifty G-Sec Index,2025-03-03,3162.7
Nifty 50 TRI,2025-03-04,41067.7
Nifty Next 50 TRI,2025-03-04,56104.72
Nifty Midcap 150 TRI,2025-03-04,19248.13
Nifty Smallcap 250 TRI,2025-03-04,12852.19
Nifty 500 TRI,2025-03-04,22213.92
Nifty G-Sec Index,2025-03-04,3160.49
Nifty 50 TRI,2025-03-05,41011.02
Nifty Next 50 TRI,2025-03-05,55927.36
Nifty Midcap 150 TRI,2025-03-05,19092.77
Nifty Smallcap 250 TRI,2025-03-05,12823.3
Nifty 500 TRI,2025-03-05,22386.81
Nifty G-Sec Index,2025-03-05,3150.91
Nifty 50 TRI,2025-03-06,40061.98
Nifty Next 50 TRI,2025-03-06,56711.07
Nifty Midcap 150 TRI,2025-03-06,19320.42
Nifty Smallcap 250 TRI,2025-03-06,13581.52
Nifty 500 TRI,2025-03-06,22537.23
Nifty G-Sec Index,2025-03-06,3142.74
Nifty 50 TRI,2025-03-07,39723.66
Nifty Next 50 TRI,2025-03-07,56939.93
Nifty Midcap 150 TRI,2025-03-07,18969.47
Nifty Smallcap 250 TRI,2025-03-07,13553.48
Nifty 500 TRI,2025-03-07,22697.15
Nifty G-Sec Index,2025-03-07,3139.27
Nifty 50 TRI,2025-03-10,39816.13
Nifty Next 50 TRI,2025-03-10,55195.91
Nifty Midcap 150 TRI,2025-03-10,19097.82
Nifty Smallcap 250 TRI,2025-03-10,13887.56
Nifty 500 TRI,2025-03-10,22368.6
Nifty G-Sec Index,2025-03-10,3139.37
Nifty 50 TRI,2025-03-11,39864.8
Nifty Next 50 TRI,2025-03-11,55542.94
Nifty Midcap 150 TRI,2025-03-11,19358.2
Nifty Smallcap 250 TRI,2025-03-11,14076.17
Nifty 500 TRI,2025-03-11,22433.98
Nifty G-Sec Index,2025-03-11,3137.12
Nifty 50 TRI,2025-03-12,39982.47
Nifty Next 50 TRI,2025-03-12,54157.62
Nifty Midcap 150 TRI,2025-03-12,19400.2
Nifty Smallcap 250 TRI,2025-03-12,14321.7
Nifty 500 TRI,2025-03-12,22300.18
Nifty G-Sec Index,2025-03-12,3136.78
Nifty 50 TRI,2025-03-13,39863.25
Nifty Next 50 TRI,2025-03-13,54284.68
Nifty Midcap 150 TRI,2025-03-13,18892.55
Nifty Smallcap 250 TRI,2025-03-13,14726.78
Nifty 500 TRI,2025-03-13,22244.83
Nifty G-Sec Index,2025-03-13,3133.35
Nifty 50 TRI,2025-03-14,40310.56
Nifty Next 50 TRI,2025-03-14,53265.02
Nifty Midcap 150 TRI,2025-03-14,18794.12
Nifty Smallcap 250 TRI,2025-03-14,14467.51
Nifty 500 TRI,2025-03-14,21930.75
Nifty G-Sec Index,2025-03-14,3127.32
Nifty 50 TRI,2025-03-17,39974.9
Nifty Next 50 TRI,2025-03-17,53181.93
Nifty Midcap 150 TRI,2025-03-17,19058.51
Nifty Smallcap 250 TRI,2025-03-17,14112.94
Nifty 500 TRI,2025-03-17,22391.26
Nifty G-Sec Index,2025-03-17,3115.08
Nifty 50 TRI,2025-03-18,39288.97
Nifty Next 50 TRI,2025-03-18,54457.12
Nifty Midcap 150 TRI,2025-03-18,19178.0
Nifty Smallcap 250 TRI,2025-03-18,14159.89
Nifty 500 TRI,2025-03-18,22258.78
Nifty G-Sec Index,2025-03-18,3107.74
Nifty 50 TRI,2025-03-19,39030.83
Nifty Next 50 TRI,2025-03-19,53869.46
Nifty Midcap 150 TRI,2025-03-19,18887.62
Nifty Smallcap 250 TRI,2025-03-19,14173.67
Nifty 500 TRI,2025-03-19,22253.63
Nifty G-Sec Index,2025-03-19,3105.5
Nifty 50 TRI,2025-03-20,38589.65
Nifty Next 50 TRI,2025-03-20,52861.57
Nifty Midcap 150 TRI,2025-03-20,18874.96
Nifty Smallcap 250 TRI,2025-03-20,14044.35
Nifty 500 TRI,2025-03-20,22221.04
Nifty G-Sec Index,2025-03-20,3110.98
Nifty 50 TRI,2025-03-21,38592.37
Nifty Next 50 TRI,2025-03-21,53707.57
Nifty Midcap 150 TRI,2025-03-21,18873.61
Nifty Smallcap 250 TRI,2025-03-21,14538.2
Nifty 500 TRI,2025-03-21,22609.77
Nifty G-Sec Index,2025-03-21,3116.8
Nifty 50 TRI,2025-03-24,38421.97
Nifty Next 50 TRI,2025-03-24,55621.23
Nifty Midcap 150 TRI,2025-03-24,18795.99
Nifty Smallcap 250 TRI,2025-03-24,14790.05
Nifty 500 TRI,2025-03-24,22672.39
Nifty G-Sec Index,2025-03-24,3108.45
Nifty 50 TRI,2025-03-25,38579.32
Nifty Next 50 TRI,2025-03-25,56125.11
Nifty Midcap 150 TRI,2025-03-25,18721.4
Nifty Smallcap 250 TRI,2025-03-25,15212.02
Nifty 500 TRI,2025-03-25,22492.18
Nifty G-Sec Index,2025-03-25,3118.83
Nifty 50 TRI,2025-03-26,38740.83
Nifty Next 50 TRI,2025-03-26,57187.76
Nifty Midcap 150 TRI,2025-03-26,18822.63
Nifty Smallcap 250 TRI,2025-03-26,15385.33
Nifty 500 TRI,2025-03-26,22778.82
Nifty G-Sec Index,2025-03-26,3127.31
Nifty 50 TRI,2025-03-27,38942.22
Nifty Next 50 TRI,2025-03-27,57792.03
Nifty Midcap 150 TRI,2025-03-27,18716.62
Nifty Smallcap 250 TRI,2025-03-27,15604.62
Nifty 500 TRI,2025-03-27,23239.28
Nifty G-Sec Index,2025-03-27,3106.15
Nifty 50 TRI,2025-03-28,39069.85
Nifty Next 50 TRI,2025-03-28,57155.82
Nifty Midcap 150 TRI,2025-03-28,18634.85
Nifty Smallcap 250 TRI,2025-03-28,15179.24
Nifty 500 TRI,2025-03-28,23009.75
Nifty G-Sec Index,2025-03-28,3114.29
Nifty 50 TRI,2025-03-31,39004.88
Nifty Next 50 TRI,2025-03-31,56694.59
Nifty Midcap 150 TRI,2025-03-31,18536.61
Nifty Smallcap 250 TRI,2025-03-31,15123.46
Nifty 500 TRI,2025-03-31,22762.57
Nifty G-Sec Index,2025-03-31,3122.86
Nifty 50 TRI,2025-04-01,38560.9
Nifty Next 50 TRI,2025-04-01,56659.41
Nifty Midcap 150 TRI,2025-04-01,18536.64
Nifty Smallcap 250 TRI,2025-04-01,15211.91
Nifty 500 TRI,2025-04-01,22891.97
Nifty G-Sec Index,2025-04-01,3133.73
Nifty 50 TRI,2025-04-02,38215.88
Nifty Next 50 TRI,2025-04-02,55043.4
Nifty Midcap 150 TRI,2025-04-02,18555.03
Nifty Smallcap 250 TRI,2025-04-02,14828.84
Nifty 500 TRI,2025-04-02,23038.41
Nifty G-Sec Index,2025-04-02,3128.16
Nifty 50 TRI,2025-04-03,37806.03
Nifty Next 50 TRI,2025-04-03,54689.98
Nifty Midcap 150 TRI,2025-04-03,19101.78
Nifty Smallcap 250 TRI,2025-04-03,14831.77
Nifty 500 TRI,2025-04-03,22871.04
Nifty G-Sec Index,2025-04-03,3140.05
Nifty 50 TRI,2025-04-04,37835.09
Nifty Next 50 TRI,2025-04-04,54398.7
Nifty Midcap 150 TRI,2025-04-04,19132.61
Nifty Smallcap 250 TRI,2025-04-04,14637.44
Nifty 500 TRI,2025-04-04,23166.83
Nifty G-Sec Index,2025-04-04,3140.33
Nifty 50 TRI,2025-04-07,38368.96
Nifty Next 50 TRI,2025-04-07,55155.77
Nifty Midcap 150 TRI,2025-04-07,19082.0
Nifty Smallcap 250 TRI,2025-04-07,14962.18
Nifty 500 TRI,2025-04-07,23002.65
Nifty G-Sec Index,2025-04-07,3138.99
Nifty 50 TRI,2025-04-08,38414.21
Nifty Next 50 TRI,2025-04-08,55117.68
Nifty Midcap 150 TRI,2025-04-08,18717.61
Nifty Smallcap 250 TRI,2025-04-08,15224.81
Nifty 500 TRI,2025-04-08,22706.53
Nifty G-Sec Index,2025-04-08,3136.51
Nifty 50 TRI,2025-04-09,38557.39
Nifty Next 50 TRI,2025-04-09,54571.75
Nifty Midcap 150 TRI,2025-04-09,18743.58
Nifty Smallcap 250 TRI,2025-04-09,15141.14
Nifty 500 TRI,2025-04-09,22286.37
Nifty G-Sec Index,2025-04-09,3134.49
Nifty 50 TRI,2025-04-10,38602.22
Nifty Next 50 TRI,2025-04-10,54306.34
Nifty Midcap 150 TRI,2025-04-10,18589.03
Nifty Smallcap 250 TRI,2025-04-10,15560.54
Nifty 500 TRI,2025-04-10,22249.44
Nifty G-Sec Index,2025-04-10,3130.06
Nifty 50 TRI,2025-04-11,38405.18
Nifty Next 50 TRI,2025-04-11,54640.48
Nifty Midcap 150 TRI,2025-04-11,18768.03
Nifty Smallcap 250 TRI,2025-04-11,15489.45
Nifty 500 TRI,2025-04-11,22208.77
Nifty G-Sec Index,2025-04-11,3145.41
Nifty 50 TRI,2025-04-14,37739.39
Nifty Next 50 TRI,2025-04-14,54851.37
Nifty Midcap 150 TRI,2025-04-14,18928.2
Nifty Smallcap 250 TRI,2025-04-14,15944.12
Nifty 500 TRI,2025-04-14,22568.31
Nifty G-Sec Index,2025-04-14,3144.23
Nifty 50 TRI,2025-04-15,37365.98
Nifty Next 50 TRI,2025-04-15,55661.9
Nifty Midcap 150 TRI,2025-04-15,18645.49
Nifty Smallcap 250 TRI,2025-04-15,16051.46
Nifty 500 TRI,2025-04-15,22781.38
Nifty G-Sec Index,2025-04-15,3136.45
Nifty 50 TRI,2025-04-16,37537.6
Nifty Next 50 TRI,2025-04-16,55912.82
Nifty Midcap 150 TRI,2025-04-16,18572.42
Nifty Smallcap 250 TRI,2025-04-16,15595.25
Nifty 500 TRI,2025-04-16,22633.6
Nifty G-Sec Index,2025-04-16,3131.16
Nifty 50 TRI,2025-04-17,37218.08
Nifty Next 50 TRI,2025-04-17,55067.73
Nifty Midcap 150 TRI,2025-04-17,18470.15
Nifty Smallcap 250 TRI,2025-04-17,15157.12
Nifty 500 TRI,2025-04-17,22677.45
Nifty G-Sec Index,2025-04-17,3123.05
Nifty 50 TRI,2025-04-18,37404.12
Nifty Next 50 TRI,2025-04-18,55146.08
Nifty Midcap 150 TRI,2025-04-18,18456.72
Nifty Smallcap 250 TRI,2025-04-18,15503.72
Nifty 500 TRI,2025-04-18,22539.96
Nifty G-Sec Index,2025-04-18,3109.01
Nifty 50 TRI,2025-04-21,36961.81
Nifty Next 50 TRI,2025-04-21,54038.34
Nifty Midcap 150 TRI,2025-04-21,18810.35
Nifty Smallcap 250 TRI,2025-04-21,15617.47
Nifty 500 TRI,2025-04-21,22939.19
Nifty G-Sec Index,2025-04-21,3105.31
Nifty 50 TRI,2025-04-22,36883.99
Nifty Next 50 TRI,2025-04-22,52786.6
Nifty Midcap 150 TRI,2025-04-22,18740.5
Nifty Smallcap 250 TRI,2025-04-22,15527.35
Nifty 500 TRI,2025-04-22,22850.89
Nifty G-Sec Index,2025-04-22,3104.12
Nifty 50 TRI,2025-04-23,37696.7
Nifty Next 50 TRI,2025-04-23,52536.12
Nifty Midcap 150 TRI,2025-04-23,18734.74
Nifty Smallcap 250 TRI,2025-04-23,15622.05
Nifty 500 TRI,2025-04-23,22772.3
Nifty G-Sec Index,2025-04-23,3099.81
Nifty 50 TRI,2025-04-24,37364.72
Nifty Next 50 TRI,2025-04-24,52062.03
Nifty Midcap 150 TRI,2025-04-24,18569.73
Nifty Smallcap 250 TRI,2025-04-24,15678.71
Nifty 500 TRI,2025-04-24,22487.26
Nifty G-Sec Index,2025-04-24,3075.67
Nifty 50 TRI,2025-04-25,37341.35
Nifty Next 50 TRI,2025-04-25,52835.34
Nifty Midcap 150 TRI,2025-04-25,18980.03
Nifty Smallcap 250 TRI,2025-04-25,15733.44
Nifty 500 TRI,2025-04-25,22626.35
Nifty G-Sec Index,2025-04-25,3083.42
Nifty 50 TRI,2025-04-28,37004.92
Nifty Next 50 TRI,2025-04-28,53521.51
Nifty Midcap 150 TRI,2025-04-28,19186.74
Nifty Smallcap 250 TRI,2025-04-28,15273.47
Nifty 500 TRI,2025-04-28,22897.71
Nifty G-Sec Index,2025-04-28,3076.56
Nifty 50 TRI,2025-04-29,37384.56
Nifty Next 50 TRI,2025-04-29,53457.66
Nifty Midcap 150 TRI,2025-04-29,19486.28
Nifty Smallcap 250 TRI,2025-04-29,15150.81
Nifty 500 TRI,2025-04-29,23186.23
Nifty G-Sec Index,2025-04-29,3091.17
Nifty 50 TRI,2025-04-30,37649.47
Nifty Next 50 TRI,2025-04-30,54261.0
Nifty Midcap 150 TRI,2025-04-30,20015.82
Nifty Smallcap 250 TRI,2025-04-30,15213.97
Nifty 500 TRI,2025-04-30,23255.56
Nifty G-Sec Index,2025-04-30,3099.81
Nifty 50 TRI,2025-05-01,37389.75
Nifty Next 50 TRI,2025-05-01,54085.87
Nifty Midcap 150 TRI,2025-05-01,19626.41
Nifty Smallcap 250 TRI,2025-05-01,15377.13
Nifty 500 TRI,2025-05-01,23682.66
Nifty G-Sec Index,2025-05-01,3095.12
Nifty 50 TRI,2025-05-02,37291.26
Nifty Next 50 TRI,2025-05-02,54541.69
Nifty Midcap 150 TRI,2025-05-02,19205.19
Nifty Smallcap 250 TRI,2025-05-02,15619.77
Nifty 500 TRI,2025-05-02,24042.92
Nifty G-Sec Index,2025-05-02,3096.42
Nifty 50 TRI,2025-05-05,38051.53
Nifty Next 50 TRI,2025-05-05,54472.33
Nifty Midcap 150 TRI,2025-05-05,19243.44
Nifty Smallcap 250 TRI,2025-05-05,15619.98
Nifty 500 TRI,2025-05-05,24044.59
Nifty G-Sec Index,2025-05-05,3109.02
Nifty 50 TRI,2025-05-06,37687.77
Nifty Next 50 TRI,2025-05-06,54900.64
Nifty Midcap 150 TRI,2025-05-06,18836.57
Nifty Smallcap 250 TRI,2025-05-06,15908.65
Nifty 500 TRI,2025-05-06,24321.17
Nifty G-Sec Index,2025-05-06,3107.0
Nifty 50 TRI,2025-05-07,37843.1
Nifty Next 50 TRI,2025-05-07,55562.04
Nifty Midcap 150 TRI,2025-05-07,18223.72
Nifty Smallcap 250 TRI,2025-05-07,15978.46
Nifty 500 TRI,2025-05-07,24456.07
Nifty G-Sec Index,2025-05-07,3114.9
Nifty 50 TRI,2025-05-08,38178.98
Nifty Next 50 TRI,2025-05-08,55689.0
Nifty Midcap 150 TRI,2025-05-08,18371.13
Nifty Smallcap 250 TRI,2025-05-08,15151.15
Nifty 500 TRI,2025-05-08,24930.72
Nifty G-Sec Index,2025-05-08,3124.65
Nifty 50 TRI,2025-05-09,37340.97
Nifty Next 50 TRI,2025-05-09,56509.71
Nifty Midcap 150 TRI,2025-05-09,18204.84
Nifty Smallcap 250 TRI,2025-05-09,15076.33
Nifty 500 TRI,2025-05-09,24644.03
Nifty G-Sec Index,2025-05-09,3128.52
Nifty 50 TRI,2025-05-13,37148.64
Nifty Next 50 TRI,2025-05-13,58415.26
Nifty Midcap 150 TRI,2025-05-13,17987.71
Nifty Smallcap 250 TRI,2025-05-13,15098.2
Nifty 500 TRI,2025-05-13,24655.27
Nifty G-Sec Index,2025-05-13,3116.96
Nifty 50 TRI,2025-05-14,36976.52
Nifty Next 50 TRI,2025-05-14,58780.78
Nifty Midcap 150 TRI,2025-05-14,18355.04
Nifty Smallcap 250 TRI,2025-05-14,15163.25
Nifty 500 TRI,2025-05-14,24560.25
Nifty G-Sec Index,2025-05-14,3106.46
Nifty 50 TRI,2025-05-15,37396.85
Nifty Next 50 TRI,2025-05-15,60177.08
Nifty Midcap 150 TRI,2025-05-15,17596.14
Nifty Smallcap 250 TRI,2025-05-15,15269.05
Nifty 500 TRI,2025-05-15,24385.23
Nifty G-Sec Index,2025-05-15,3118.34
Nifty 50 TRI,2025-05-16,38141.5
Nifty Next 50 TRI,2025-05-16,59565.18
Nifty Midcap 150 TRI,2025-05-16,17560.12
Nifty Smallcap 250 TRI,2025-05-16,15008.75
Nifty 500 TRI,2025-05-16,24344.2
Nifty G-Sec Index,2025-05-16,3118.89
Nifty 50 TRI,2025-05-19,38811.48
Nifty Next 50 TRI,2025-05-19,60169.19
Nifty Midcap 150 TRI,2025-05-19,17538.93
Nifty Smallcap 250 TRI,2025-05-19,14898.77
Nifty 500 TRI,2025-05-19,24651.06
Nifty G-Sec Index,2025-05-19,3125.83
Nifty 50 TRI,2025-05-20,39686.24
Nifty Next 50 TRI,2025-05-20,59242.99
Nifty Midcap 150 TRI,2025-05-20,17401.64
Nifty Smallcap 250 TRI,2025-05-20,15093.97
Nifty 500 TRI,2025-05-20,24705.8
Nifty G-Sec Index,2025-05-20,3138.51
Nifty 50 TRI,2025-05-21,39827.56
Nifty Next 50 TRI,2025-05-21,58758.62
Nifty Midcap 150 TRI,2025-05-21,17361.15
Nifty Smallcap 250 TRI,2025-05-21,15322.5
Nifty 500 TRI,2025-05-21,24632.76
Nifty G-Sec Index,2025-05-21,3136.06
Nifty 50 TRI,2025-05-22,40534.67
Nifty Next 50 TRI,2025-05-22,59152.5
Nifty Midcap 150 TRI,2025-05-22,17719.65
Nifty Smallcap 250 TRI,2025-05-22,15589.74
Nifty 500 TRI,2025-05-22,24925.24
Nifty G-Sec Index,2025-05-22,3130.39
Nifty 50 TRI,2025-05-23,40603.21
Nifty Next 50 TRI,2025-05-23,59053.23
Nifty Midcap 150 TRI,2025-05-23,17332.0
Nifty Smallcap 250 TRI,2025-05-23,15212.98
Nifty 500 TRI,2025-05-23,24306.71
Nifty G-Sec Index,2025-05-23,3134.58
Nifty 50 TRI,2025-05-26,40767.96
Nifty Next 50 TRI,2025-05-26,59906.04
Nifty Midcap 150 TRI,2025-05-26,17285.39
Nifty Smallcap 250 TRI,2025-05-26,15618.27
Nifty 500 TRI,2025-05-26,24581.87
Nifty G-Sec Index,2025-05-26,3139.42
Nifty 50 TRI,2025-05-27,40563.33
Nifty Next 50 TRI,2025-05-27,59692.89
Nifty Midcap 150 TRI,2025-05-27,17635.9
Nifty Smallcap 250 TRI,2025-05-27,15464.58
Nifty 500 TRI,2025-05-27,25227.11
Nifty G-Sec Index,2025-05-27,3136.42
Nifty 50 TRI,2025-05-28,40365.29
Nifty Next 50 TRI,2025-05-28,59107.31
Nifty Midcap 150 TRI,2025-05-28,17811.54
Nifty Smallcap 250 TRI,2025-05-28,15544.9
Nifty 500 TRI,2025-05-28,25314.99
Nifty G-Sec Index,2025-05-28,3129.94
Nifty 50 TRI,2025-05-29,40312.17
Nifty Next 50 TRI,2025-05-29,59700.86
Nifty Midcap 150 TRI,2025-05-29,17492.04
Nifty Smallcap 250 TRI,2025-05-29,15626.79
Nifty 500 TRI,2025-05-29,25378.35
Nifty G-Sec Index,2025-05-29,3140.23
Nifty 50 TRI,2025-05-30,39871.32
Nifty Next 50 TRI,2025-05-30,60438.18
Nifty Midcap 150 TRI,2025-05-30,17481.81
Nifty Smallcap 250 TRI,2025-05-30,15470.52
Nifty 500 TRI,2025-05-30,25386.0
Nifty G-Sec Index,2025-05-30,3153.16
Nifty 50 TRI,2025-06-02,40187.81
Nifty Next 50 TRI,2025-06-02,59304.98
Nifty Midcap 150 TRI,2025-06-02,17753.05
Nifty Smallcap 250 TRI,2025-06-02,15215.61
Nifty 500 TRI,2025-06-02,25640.91
Nifty G-Sec Index,2025-06-02,3164.69
Nifty 50 TRI,2025-06-03,40931.67
Nifty Next 50 TRI,2025-06-03,60259.09
Nifty Midcap 150 TRI,2025-06-03,18199.07
Nifty Smallcap 250 TRI,2025-06-03,15485.72
Nifty 500 TRI,2025-06-03,26265.73
Nifty G-Sec Index,2025-06-03,3170.28
Nifty 50 TRI,2025-06-04,41237.05
Nifty Next 50 TRI,2025-06-04,60723.54
Nifty Midcap 150 TRI,2025-06-04,18012.5
Nifty Smallcap 250 TRI,2025-06-04,15680.54
Nifty 500 TRI,2025-06-04,26023.77
Nifty G-Sec Index,2025-06-04,3159.45
Nifty 50 TRI,2025-06-05,41359.5
Nifty Next 50 TRI,2025-06-05,60572.88
Nifty Midcap 150 TRI,2025-06-05,18317.43
Nifty Smallcap 250 TRI,2025-06-05,15480.84
Nifty 500 TRI,2025-06-05,26218.95
Nifty G-Sec Index,2025-06-05,3148.78
Nifty 50 TRI,2025-06-06,41880.13
Nifty Next 50 TRI,2025-06-06,60743.01
Nifty Midcap 150 TRI,2025-06-06,18419.17
Nifty Smallcap 250 TRI,2025-06-06,15462.41
Nifty 500 TRI,2025-06-06,26691.52
Nifty G-Sec Index,2025-06-06,3143.09
Nifty 50 TRI,2025-06-09,42263.13
Nifty Next 50 TRI,2025-06-09,60526.73
Nifty Midcap 150 TRI,2025-06-09,18646.78
Nifty Smallcap 250 TRI,2025-06-09,15491.93
Nifty 500 TRI,2025-06-09,27086.45
Nifty G-Sec Index,2025-06-09,3145.61
Nifty 50 TRI,2025-06-10,42480.41
Nifty Next 50 TRI,2025-06-10,61328.47
Nifty Midcap 150 TRI,2025-06-10,18461.05
Nifty Smallcap 250 TRI,2025-06-10,16111.76
Nifty 500 TRI,2025-06-10,27204.28
Nifty G-Sec Index,2025-06-10,3137.62
Nifty 50 TRI,2025-06-11,42036.4
Nifty Next 50 TRI,2025-06-11,61220.16
Nifty Midcap 150 TRI,2025-06-11,18038.37
Nifty Smallcap 250 TRI,2025-06-11,16415.87
Nifty 500 TRI,2025-06-11,27562.65
Nifty G-Sec Index,2025-06-11,3131.96
Nifty 50 TRI,2025-06-12,42233.01
Nifty Next 50 TRI,2025-06-12,60660.48
Nifty Midcap 150 TRI,2025-06-12,18356.59
Nifty Smallcap 250 TRI,2025-06-12,16419.29
Nifty 500 TRI,2025-06-12,26668.46
Nifty G-Sec Index,2025-06-12,3136.42
Nifty 50 TRI,2025-06-13,42176.24
Nifty Next 50 TRI,2025-06-13,62232.94
Nifty Midcap 150 TRI,2025-06-13,18537.64
Nifty Smallcap 250 TRI,2025-06-13,16818.32
Nifty 500 TRI,2025-06-13,26934.22
Nifty G-Sec Index,2025-06-13,3123.87
Nifty 50 TRI,2025-06-16,42604.05
Nifty Next 50 TRI,2025-06-16,61408.7
Nifty Midcap 150 TRI,2025-06-16,18576.77
Nifty Smallcap 250 TRI,2025-06-16,17322.91
Nifty 500 TRI,2025-06-16,27289.7
Nifty G-Sec Index,2025-06-16,3132.64
Nifty 50 TRI,2025-06-17,43146.58
Nifty Next 50 TRI,2025-06-17,62829.16
Nifty Midcap 150 TRI,2025-06-17,19115.34
Nifty Smallcap 250 TRI,2025-06-17,17264.2
Nifty 500 TRI,2025-06-17,27247.03
Nifty G-Sec Index,2025-06-17,3139.64
Nifty 50 TRI,2025-06-18,43463.74
Nifty Next 50 TRI,2025-06-18,61925.12
Nifty Midcap 150 TRI,2025-06-18,18995.85
Nifty Smallcap 250 TRI,2025-06-18,17428.17
Nifty 500 TRI,2025-06-18,27272.49
Nifty G-Sec Index,2025-06-18,3143.21
Nifty 50 TRI,2025-06-19,43390.52
Nifty Next 50 TRI,2025-06-19,62817.83
Nifty Midcap 150 TRI,2025-06-19,18523.55
Nifty Smallcap 250 TRI,2025-06-19,17871.44
Nifty 500 TRI,2025-06-19,27498.43
Nifty G-Sec Index,2025-06-19,3142.75
Nifty 50 TRI,2025-06-20,44030.91
Nifty Next 50 TRI,2025-06-20,62764.87
Nifty Midcap 150 TRI,2025-06-20,18967.04
Nifty Smallcap 250 TRI,2025-06-20,17478.45
Nifty 500 TRI,2025-06-20,27112.36
Nifty G-Sec Index,2025-06-20,3168.55
Nifty 50 TRI,2025-06-23,43483.84
Nifty Next 50 TRI,2025-06-23,62685.72
Nifty Midcap 150 TRI,2025-06-23,19077.1
Nifty Smallcap 250 TRI,2025-06-23,17006.87
Nifty 500 TRI,2025-06-23,27580.95
Nifty G-Sec Index,2025-06-23,3161.76
Nifty 50 TRI,2025-06-24,43041.54
Nifty Next 50 TRI,2025-06-24,62805.32
Nifty Midcap 150 TRI,2025-06-24,18964.34
Nifty Smallcap 250 TRI,2025-06-24,16883.37
Nifty 500 TRI,2025-06-24,27743.7
Nifty G-Sec Index,2025-06-24,3164.85
Nifty 50 TRI,2025-06-25,43503.56
Nifty Next 50 TRI,2025-06-25,61986.2
Nifty Midcap 150 TRI,2025-06-25,18933.41
Nifty Smallcap 250 TRI,2025-06-25,17305.84
Nifty 500 TRI,2025-06-25,27791.78
Nifty G-Sec Index,2025-06-25,3166.03
Nifty 50 TRI,2025-06-26,43381.68
Nifty Next 50 TRI,2025-06-26,61511.25
Nifty Midcap 150 TRI,2025-06-26,18376.73
Nifty Smallcap 250 TRI,2025-06-26,17332.7
Nifty 500 TRI,2025-06-26,27985.16
Nifty G-Sec Index,2025-06-26,3163.73
Nifty 50 TRI,2025-06-27,43979.18
Nifty Next 50 TRI,2025-06-27,60265.11
Nifty Midcap 150 TRI,2025-06-27,18275.04
Nifty Smallcap 250 TRI,2025-06-27,17819.73
Nifty 500 TRI,2025-06-27,27755.18
Nifty G-Sec Index,2025-06-27,3164.45
Nifty 50 TRI,2025-06-30,43500.26
Nifty Next 50 TRI,2025-06-30,59896.4
Nifty Midcap 150 TRI,2025-06-30,18032.78
Nifty Smallcap 250 TRI,2025-06-30,18338.0
Nifty 500 TRI,2025-06-30,27130.69
Nifty G-Sec Index,2025-06-30,3152.8
Nifty 50 TRI,2025-07-01,43675.39
Nifty Next 50 TRI,2025-07-01,60654.46
Nifty Midcap 150 TRI,2025-07-01,18039.8
Nifty Smallcap 250 TRI,2025-07-01,18143.44
Nifty 500 TRI,2025-07-01,27290.52
Nifty G-Sec Index,2025-07-01,3173.86
Nifty 50 TRI,2025-07-02,43596.91
Nifty Next 50 TRI,2025-07-02,61219.54
Nifty Midcap 150 TRI,2025-07-02,18305.81
Nifty Smallcap 250 TRI,2025-07-02,17968.76
Nifty 500 TRI,2025-07-02,27945.34
Nifty G-Sec Index,2025-07-02,3168.28
Nifty 50 TRI,2025-07-03,43679.65
Nifty Next 50 TRI,2025-07-03,59910.77
Nifty Midcap 150 TRI,2025-07-03,18241.84
Nifty Smallcap 250 TRI,2025-07-03,17784.85
Nifty 500 TRI,2025-07-03,27298.11
Nifty G-Sec Index,2025-07-03,3166.72
Nifty 50 TRI,2025-07-04,43555.34
Nifty Next 50 TRI,2025-07-04,60163.33
Nifty Midcap 150 TRI,2025-07-04,18222.23
Nifty Smallcap 250 TRI,2025-07-04,18457.42
Nifty 500 TRI,2025-07-04,27019.08
Nifty G-Sec Index,2025-07-04,3176.02
Nifty 50 TRI,2025-07-07,43263.86
Nifty Next 50 TRI,2025-07-07,61404.23
Nifty Midcap 150 TRI,2025-07-07,18875.96
Nifty Smallcap 250 TRI,2025-07-07,18863.29
Nifty 500 TRI,2025-07-07,27342.07
Nifty G-Sec Index,2025-07-07,3180.14
Nifty 50 TRI,2025-07-08,42907.84
Nifty Next 50 TRI,2025-07-08,60226.14
Nifty Midcap 150 TRI,2025-07-08,19494.45
Nifty Smallcap 250 TRI,2025-07-08,19108.9
Nifty 500 TRI,2025-07-08,27308.28
Nifty G-Sec Index,2025-07-08,3192.44
Nifty 50 TRI,2025-07-09,43346.55
Nifty Next 50 TRI,2025-07-09,60428.39
Nifty Midcap 150 TRI,2025-07-09,18790.16
Nifty Smallcap 250 TRI,2025-07-09,19270.6
Nifty 500 TRI,2025-07-09,26941.57
Nifty G-Sec Index,2025-07-09,3192.57
Nifty 50 TRI,2025-07-10,42961.7
Nifty Next 50 TRI,2025-07-10,60435.3
Nifty Midcap 150 TRI,2025-07-10,18636.76
Nifty Smallcap 250 TRI,2025-07-10,18692.4
Nifty 500 TRI,2025-07-10,27145.64
Nifty G-Sec Index,2025-07-10,3211.73
Nifty 50 TRI,2025-07-11,42179.79
Nifty Next 50 TRI,2025-07-11,61560.24
Nifty Midcap 150 TRI,2025-07-11,18318.74
Nifty Smallcap 250 TRI,2025-07-11,18575.44
Nifty 500 TRI,2025-07-11,27493.1
Nifty G-Sec Index,2025-07-11,3212.19
Nifty 50 TRI,2025-07-14,42893.32
Nifty Next 50 TRI,2025-07-14,61662.1
Nifty Midcap 150 TRI,2025-07-14,19091.78
Nifty Smallcap 250 TRI,2025-07-14,19175.75
Nifty 500 TRI,2025-07-14,27782.83
Nifty G-Sec Index,2025-07-14,3218.06
Nifty 50 TRI,2025-07-15,42655.97
Nifty Next 50 TRI,2025-07-15,61287.03
Nifty Midcap 150 TRI,2025-07-15,18847.81
Nifty Smallcap 250 TRI,2025-07-15,19433.2
Nifty 500 TRI,2025-07-15,27835.77
Nifty G-Sec Index,2025-07-15,3212.63
Nifty 50 TRI,2025-07-16,42626.51
Nifty Next 50 TRI,2025-07-16,62820.38
Nifty Midcap 150 TRI,2025-07-16,19083.24
Nifty Smallcap 250 TRI,2025-07-16,19566.03
Nifty 500 TRI,2025-07-16,27886.08
Nifty G-Sec Index,2025-07-16,3225.83
Nifty 50 TRI,2025-07-18,42506.71
Nifty Next 50 TRI,2025-07-18,63094.39
Nifty Midcap 150 TRI,2025-07-18,19290.19
Nifty Smallcap 250 TRI,2025-07-18,20026.22
Nifty 500 TRI,2025-07-18,27830.06
Nifty G-Sec Index,2025-07-18,3233.65
Nifty 50 TRI,2025-07-21,43040.55
Nifty Next 50 TRI,2025-07-21,63157.98
Nifty Midcap 150 TRI,2025-07-21,19054.21
Nifty Smallcap 250 TRI,2025-07-21,19729.51
Nifty 500 TRI,2025-07-21,27749.53
Nifty G-Sec Index,2025-07-21,3239.14
Nifty 50 TRI,2025-07-22,42767.0
Nifty Next 50 TRI,2025-07-22,63496.76
Nifty Midcap 150 TRI,2025-07-22,19211.09
Nifty Smallcap 250 TRI,2025-07-22,20199.35
Nifty 500 TRI,2025-07-22,27881.56
Nifty G-Sec Index,2025-07-22,3237.08
Nifty 50 TRI,2025-07-23,42216.33
Nifty Next 50 TRI,2025-07-23,63744.28
Nifty Midcap 150 TRI,2025-07-23,19116.57
Nifty Smallcap 250 TRI,2025-07-23,20235.64
Nifty 500 TRI,2025-07-23,28479.45
Nifty G-Sec Index,2025-07-23,3245.32
Nifty 50 TRI,2025-07-24,41789.96
Nifty Next 50 TRI,2025-07-24,63045.39
Nifty Midcap 150 TRI,2025-07-24,19076.69
Nifty Smallcap 250 TRI,2025-07-24,19701.1
Nifty 500 TRI,2025-07-24,28370.59
Nifty G-Sec Index,2025-07-24,3252.7
Nifty 50 TRI,2025-07-25,41682.39
Nifty Next 50 TRI,2025-07-25,62779.57
Nifty Midcap 150 TRI,2025-07-25,18787.22
Nifty Smallcap 250 TRI,2025-07-25,19552.06
Nifty 500 TRI,2025-07-25,29396.14
Nifty G-Sec Index,2025-07-25,3249.62
Nifty 50 TRI,2025-07-28,41430.92
Nifty Next 50 TRI,2025-07-28,61619.72
Nifty Midcap 150 TRI,2025-07-28,18901.85
Nifty Smallcap 250 TRI,2025-07-28,19191.35
Nifty 500 TRI,2025-07-28,29056.67
Nifty G-Sec Index,2025-07-28,3269.41
Nifty 50 TRI,2025-07-29,42046.87
Nifty Next 50 TRI,2025-07-29,61432.89
Nifty Midcap 150 TRI,2025-07-29,18698.27
Nifty Smallcap 250 TRI,2025-07-29,19166.2
Nifty 500 TRI,2025-07-29,29184.13
Nifty G-Sec Index,2025-07-29,3265.34
Nifty 50 TRI,2025-07-30,42140.27
Nifty Next 50 TRI,2025-07-30,61267.69
Nifty Midcap 150 TRI,2025-07-30,18285.03
Nifty Smallcap 250 TRI,2025-07-30,19523.83
Nifty 500 TRI,2025-07-30,29232.75
Nifty G-Sec Index,2025-07-30,3264.14
Nifty 50 TRI,2025-07-31,42493.85
Nifty Next 50 TRI,2025-07-31,60671.0
Nifty Midcap 150 TRI,2025-07-31,18082.71
Nifty Smallcap 250 TRI,2025-07-31,19183.62
Nifty 500 TRI,2025-07-31,29257.99
Nifty G-Sec Index,2025-07-31,3273.07
Nifty 50 TRI,2025-08-05,42527.66
Nifty Next 50 TRI,2025-08-05,59806.81
Nifty Midcap 150 TRI,2025-08-05,18468.23
Nifty Smallcap 250 TRI,2025-08-05,19913.03
Nifty 500 TRI,2025-08-05,30097.52
Nifty G-Sec Index,2025-08-05,3276.53
Nifty 50 TRI,2025-08-06,42452.37
Nifty Next 50 TRI,2025-08-06,61285.54
Nifty Midcap 150 TRI,2025-08-06,18759.41
Nifty Smallcap 250 TRI,2025-08-06,19936.3
Nifty 500 TRI,2025-08-06,30566.65
Nifty G-Sec Index,2025-08-06,3278.65
Nifty 50 TRI,2025-08-07,42626.48
Nifty Next 50 TRI,2025-08-07,60960.77
Nifty Midcap 150 TRI,2025-08-07,18903.85
Nifty Smallcap 250 TRI,2025-08-07,19808.66
Nifty 500 TRI,2025-08-07,30660.44
Nifty G-Sec Index,2025-08-07,3262.75
Nifty 50 TRI,2025-08-08,41575.21
Nifty Next 50 TRI,2025-08-08,61363.88
Nifty Midcap 150 TRI,2025-08-08,18622.81
Nifty Smallcap 250 TRI,2025-08-08,19408.29
Nifty 500 TRI,2025-08-08,30543.19
Nifty G-Sec Index,2025-08-08,3243.26
Nifty 50 TRI,2025-08-11,42399.13
Nifty Next 50 TRI,2025-08-11,61290.31
Nifty Midcap 150 TRI,2025-08-11,18580.37
Nifty Smallcap 250 TRI,2025-08-11,18818.7
Nifty 500 TRI,2025-08-11,31157.92
Nifty G-Sec Index,2025-08-11,3255.5
Nifty 50 TRI,2025-08-12,42962.79
Nifty Next 50 TRI,2025-08-12,61531.78
Nifty Midcap 150 TRI,2025-08-12,18889.71
Nifty Smallcap 250 TRI,2025-08-12,18241.43
Nifty 500 TRI,2025-08-12,31749.76
Nifty G-Sec Index,2025-08-12,3243.47
Nifty 50 TRI,2025-08-13,43105.0
Nifty Next 50 TRI,2025-08-13,60385.46
Nifty Midcap 150 TRI,2025-08-13,18844.83
Nifty Smallcap 250 TRI,2025-08-13,18697.91
Nifty 500 TRI,2025-08-13,31436.86
Nifty G-Sec Index,2025-08-13,3253.92
Nifty 50 TRI,2025-08-14,43925.25
Nifty Next 50 TRI,2025-08-14,59044.75
Nifty Midcap 150 TRI,2025-08-14,18501.85
Nifty Smallcap 250 TRI,2025-08-14,18496.01
Nifty 500 TRI,2025-08-14,30918.69
Nifty G-Sec Index,2025-08-14,3256.1
Nifty 50 TRI,2025-08-15,43699.91
Nifty Next 50 TRI,2025-08-15,59120.73
Nifty Midcap 150 TRI,2025-08-15,18687.8
Nifty Smallcap 250 TRI,2025-08-15,18773.92
Nifty 500 TRI,2025-08-15,30945.23
Nifty G-Sec Index,2025-08-15,3257.06
Nifty 50 TRI,2025-08-18,43645.36
Nifty Next 50 TRI,2025-08-18,58537.79
Nifty Midcap 150 TRI,2025-08-18,18975.67
Nifty Smallcap 250 TRI,2025-08-18,19109.96
Nifty 500 TRI,2025-08-18,31516.8
Nifty G-Sec Index,2025-08-18,3254.78
Nifty 50 TRI,2025-08-19,42813.85
Nifty Next 50 TRI,2025-08-19,58987.19
Nifty Midcap 150 TRI,2025-08-19,19313.82
Nifty Smallcap 250 TRI,2025-08-19,19407.65
Nifty 500 TRI,2025-08-19,31376.99
Nifty G-Sec Index,2025-08-19,3271.88
Nifty 50 TRI,2025-08-20,43134.47
Nifty Next 50 TRI,2025-08-20,59007.84
Nifty Midcap 150 TRI,2025-08-20,19294.87
Nifty Smallcap 250 TRI,2025-08-20,19532.65
Nifty 500 TRI,2025-08-20,31694.39
Nifty G-Sec Index,2025-08-20,3268.22
Nifty 50 TRI,2025-08-21,43119.98
Nifty Next 50 TRI,2025-08-21,59024.63
Nifty Midcap 150 TRI,2025-08-21,19086.35
Nifty Smallcap 250 TRI,2025-08-21,19336.69
Nifty 500 TRI,2025-08-21,31574.69
Nifty G-Sec Index,2025-08-21,3279.11
Nifty 50 TRI,2025-08-22,42942.86
Nifty Next 50 TRI,2025-08-22,59298.31
Nifty Midcap 150 TRI,2025-08-22,19559.98
Nifty Smallcap 250 TRI,2025-08-22,19436.63
Nifty 500 TRI,2025-08-22,31454.79
Nifty G-Sec Index,2025-08-22,3291.79
Nifty 50 TRI,2025-08-25,43012.22
Nifty Next 50 TRI,2025-08-25,60428.09
Nifty Midcap 150 TRI,2025-08-25,19736.14
Nifty Smallcap 250 TRI,2025-08-25,18990.93
Nifty 500 TRI,2025-08-25,31526.22
Nifty G-Sec Index,2025-08-25,3290.76
Nifty 50 TRI,2025-08-26,43014.05
Nifty Next 50 TRI,2025-08-26,61032.5
Nifty Midcap 150 TRI,2025-08-26,19629.11
Nifty Smallcap 250 TRI,2025-08-26,19006.1
Nifty 500 TRI,2025-08-26,32184.34
Nifty G-Sec Index,2025-08-26,3312.4
Nifty 50 TRI,2025-08-27,43154.24
Nifty Next 50 TRI,2025-08-27,61114.62
Nifty Midcap 150 TRI,2025-08-27,19583.5
Nifty Smallcap 250 TRI,2025-08-27,19177.88
Nifty 500 TRI,2025-08-27,32330.81
Nifty G-Sec Index,2025-08-27,3303.35
Nifty 50 TRI,2025-08-28,42764.72
Nifty Next 50 TRI,2025-08-28,61754.08
Nifty Midcap 150 TRI,2025-08-28,19789.49
Nifty Smallcap 250 TRI,2025-08-28,18639.64
Nifty 500 TRI,2025-08-28,32228.43
Nifty G-Sec Index,2025-08-28,3297.73
Nifty 50 TRI,2025-08-29,43121.99
Nifty Next 50 TRI,2025-08-29,62782.66
Nifty Midcap 150 TRI,2025-08-29,19931.71
Nifty Smallcap 250 TRI,2025-08-29,18457.27
Nifty 500 TRI,2025-08-29,31977.28
Nifty G-Sec Index,2025-08-29,3298.58
Nifty 50 TRI,2025-09-01,43402.55
Nifty Next 50 TRI,2025-09-01,61551.38
Nifty Midcap 150 TRI,2025-09-01,19928.63
Nifty Smallcap 250 TRI,2025-09-01,19092.81
Nifty 500 TRI,2025-09-01,31069.56
Nifty G-Sec Index,2025-09-01,3307.53
Nifty 50 TRI,2025-09-02,43044.0
Nifty Next 50 TRI,2025-09-02,61862.58
Nifty Midcap 150 TRI,2025-09-02,20235.01
Nifty Smallcap 250 TRI,2025-09-02,19394.82
Nifty 500 TRI,2025-09-02,31096.37
Nifty G-Sec Index,2025-09-02,3334.22
Nifty 50 TRI,2025-09-03,43109.71
Nifty Next 50 TRI,2025-09-03,62360.56
Nifty Midcap 150 TRI,2025-09-03,19534.41
Nifty Smallcap 250 TRI,2025-09-03,19686.42
Nifty 500 TRI,2025-09-03,31080.45
Nifty G-Sec Index,2025-09-03,3332.03
Nifty 50 TRI,2025-09-04,43349.96
Nifty Next 50 TRI,2025-09-04,62067.44
Nifty Midcap 150 TRI,2025-09-04,19452.26
Nifty Smallcap 250 TRI,2025-09-04,19514.17
Nifty 500 TRI,2025-09-04,31315.18
Nifty G-Sec Index,2025-09-04,3319.04
Nifty 50 TRI,2025-09-05,42593.0
Nifty Next 50 TRI,2025-09-05,61006.63
Nifty Midcap 150 TRI,2025-09-05,19671.5
Nifty Smallcap 250 TRI,2025-09-05,19085.67
Nifty 500 TRI,2025-09-05,31143.16
Nifty G-Sec Index,2025-09-05,3337.74
Nifty 50 TRI,2025-09-08,42304.21
Nifty Next 50 TRI,2025-09-08,60969.38
Nifty Midcap 150 TRI,2025-09-08,19503.58
Nifty Smallcap 250 TRI,2025-09-08,18777.3
Nifty 500 TRI,2025-09-08,31052.03
Nifty G-Sec Index,2025-09-08,3348.22
Nifty 50 TRI,2025-09-09,42820.17
Nifty Next 50 TRI,2025-09-09,60624.92
Nifty Midcap 150 TRI,2025-09-09,19191.75
Nifty Smallcap 250 TRI,2025-09-09,18904.1
Nifty 500 TRI,2025-09-09,30930.02
Nifty G-Sec Index,2025-09-09,3349.13
Nifty 50 TRI,2025-09-10,43733.27
Nifty Next 50 TRI,2025-09-10,61035.59
Nifty Midcap 150 TRI,2025-09-10,19096.84
Nifty Smallcap 250 TRI,2025-09-10,19048.62
Nifty 500 TRI,2025-09-10,31077.59
Nifty G-Sec Index,2025-09-10,3336.0
Nifty 50 TRI,2025-09-11,44150.96
Nifty Next 50 TRI,2025-09-11,60676.63
Nifty Midcap 150 TRI,2025-09-11,19065.19
Nifty Smallcap 250 TRI,2025-09-11,19080.09
Nifty 500 TRI,2025-09-11,31657.02
Nifty G-Sec Index,2025-09-11,3338.45
Nifty 50 TRI,2025-09-12,44321.08
Nifty Next 50 TRI,2025-09-12,59694.68
Nifty Midcap 150 TRI,2025-09-12,18929.98
Nifty Smallcap 250 TRI,2025-09-12,19263.58
Nifty 500 TRI,2025-09-12,32097.03
Nifty G-Sec Index,2025-09-12,3329.81
Nifty 50 TRI,2025-09-15,44158.9
Nifty Next 50 TRI,2025-09-15,59268.11
Nifty Midcap 150 TRI,2025-09-15,19452.04
Nifty Smallcap 250 TRI,2025-09-15,19314.24
Nifty 500 TRI,2025-09-15,32338.76
Nifty G-Sec Index,2025-09-15,3324.71
Nifty 50 TRI,2025-09-16,44036.49
Nifty Next 50 TRI,2025-09-16,60105.39
Nifty Midcap 150 TRI,2025-09-16,19175.32
Nifty Smallcap 250 TRI,2025-09-16,19997.76
Nifty 500 TRI,2025-09-16,32927.25
Nifty G-Sec Index,2025-09-16,3322.12
Nifty 50 TRI,2025-09-17,43368.86
Nifty Next 50 TRI,2025-09-17,59577.74
Nifty Midcap 150 TRI,2025-09-17,19461.85
Nifty Smallcap 250 TRI,2025-09-17,20296.2
Nifty 500 TRI,2025-09-17,32329.62
Nifty G-Sec Index,2025-09-17,3316.3
Nifty 50 TRI,2025-09-18,43437.99
Nifty Next 50 TRI,2025-09-18,59337.53
Nifty Midcap 150 TRI,2025-09-18,19312.67
Nifty Smallcap 250 TRI,2025-09-18,20320.38
Nifty 500 TRI,2025-09-18,32046.42
Nifty G-Sec Index,2025-09-18,3317.0
Nifty 50 TRI,2025-09-19,43338.73
Nifty Next 50 TRI,2025-09-19,58992.26
Nifty Midcap 150 TRI,2025-09-19,18648.54
Nifty Smallcap 250 TRI,2025-09-19,20298.57
Nifty 500 TRI,2025-09-19,32221.25
Nifty G-Sec Index,2025-09-19,3310.82
Nifty 50 TRI,2025-09-22,43177.35
Nifty Next 50 TRI,2025-09-22,59695.13
Nifty Midcap 150 TRI,2025-09-22,18923.55
Nifty Smallcap 250 TRI,2025-09-22,20319.79
Nifty 500 TRI,2025-09-22,32227.53
Nifty G-Sec Index,2025-09-22,3305.83
Nifty 50 TRI,2025-09-23,43047.12
Nifty Next 50 TRI,2025-09-23,59618.42
Nifty Midcap 150 TRI,2025-09-23,18788.03
Nifty Smallcap 250 TRI,2025-09-23,20171.52
Nifty 500 TRI,2025-09-23,32677.97
Nifty G-Sec Index,2025-09-23,3306.96
Nifty 50 TRI,2025-09-24,42220.54
Nifty Next 50 TRI,2025-09-24,60090.62
Nifty Midcap 150 TRI,2025-09-24,18386.86
Nifty Smallcap 250 TRI,2025-09-24,20455.49
Nifty 500 TRI,2025-09-24,32898.75
Nifty G-Sec Index,2025-09-24,3300.27
Nifty 50 TRI,2025-09-25,41880.91
Nifty Next 50 TRI,2025-09-25,61987.03
Nifty Midcap 150 TRI,2025-09-25,17903.49
Nifty Smallcap 250 TRI,2025-09-25,20575.63
Nifty 500 TRI,2025-09-25,33213.38
Nifty G-Sec Index,2025-09-25,3289.44
Nifty 50 TRI,2025-09-26,41118.25
Nifty Next 50 TRI,2025-09-26,61854.2
Nifty Midcap 150 TRI,2025-09-26,17683.61
Nifty Smallcap 250 TRI,2025-09-26,21262.2
Nifty 500 TRI,2025-09-26,33227.05
Nifty G-Sec Index,2025-09-26,3313.07
Nifty 50 TRI,2025-09-29,40897.11
Nifty Next 50 TRI,2025-09-29,60950.91
Nifty Midcap 150 TRI,2025-09-29,17404.73
Nifty Smallcap 250 TRI,2025-09-29,21901.17
Nifty 500 TRI,2025-09-29,33389.15
Nifty G-Sec Index,2025-09-29,3324.42
Nifty 50 TRI,2025-09-30,40918.42
Nifty Next 50 TRI,2025-09-30,61498.79
Nifty Midcap 150 TRI,2025-09-30,17313.57
Nifty Smallcap 250 TRI,2025-09-30,21990.47
Nifty 500 TRI,2025-09-30,33627.23
Nifty G-Sec Index,2025-09-30,3322.0
Nifty 50 TRI,2025-10-01,40026.64
Nifty Next 50 TRI,2025-10-01,60256.02
Nifty Midcap 150 TRI,2025-10-01,17331.29
Nifty Smallcap 250 TRI,2025-10-01,21454.25
Nifty 500 TRI,2025-10-01,33642.9
Nifty G-Sec Index,2025-10-01,3328.56
Nifty 50 TRI,2025-10-02,40159.33
Nifty Next 50 TRI,2025-10-02,60017.66
Nifty Midcap 150 TRI,2025-10-02,17855.17
Nifty Smallcap 250 TRI,2025-10-02,21390.53
Nifty 500 TRI,2025-10-02,32856.58
Nifty G-Sec Index,2025-10-02,3325.98
Nifty 50 TRI,2025-10-03,40329.74
Nifty Next 50 TRI,2025-10-03,60591.92
Nifty Midcap 150 TRI,2025-10-03,17710.06
Nifty Smallcap 250 TRI,2025-10-03,21115.97
Nifty 500 TRI,2025-10-03,32392.92
Nifty G-Sec Index,2025-10-03,3325.83
Nifty 50 TRI,2025-10-06,40603.94
Nifty Next 50 TRI,2025-10-06,62757.07
Nifty Midcap 150 TRI,2025-10-06,17232.79
Nifty Smallcap 250 TRI,2025-10-06,20889.04
Nifty 500 TRI,2025-10-06,32637.19
Nifty G-Sec Index,2025-10-06,3311.78
Nifty 50 TRI,2025-10-07,39996.48
Nifty Next 50 TRI,2025-10-07,61087.24
Nifty Midcap 150 TRI,2025-10-07,16735.76
Nifty Smallcap 250 TRI,2025-10-07,20946.68
Nifty 500 TRI,2025-10-07,33083.47
Nifty G-Sec Index,2025-10-07,3317.7
Nifty 50 TRI,2025-10-08,40051.06
Nifty Next 50 TRI,2025-10-08,60511.56
Nifty Midcap 150 TRI,2025-10-08,16812.9
Nifty Smallcap 250 TRI,2025-10-08,21280.67
Nifty 500 TRI,2025-10-08,32828.46
Nifty G-Sec Index,2025-10-08,3327.33
Nifty 50 TRI,2025-10-09,39804.95
Nifty Next 50 TRI,2025-10-09,59875.66
Nifty Midcap 150 TRI,2025-10-09,17079.75
Nifty Smallcap 250 TRI,2025-10-09,20718.9
Nifty 500 TRI,2025-10-09,33348.13
Nifty G-Sec Index,2025-10-09,3345.34
Nifty 50 TRI,2025-10-10,40618.39
Nifty Next 50 TRI,2025-10-10,60451.47
Nifty Midcap 150 TRI,2025-10-10,16978.76
Nifty Smallcap 250 TRI,2025-10-10,20935.62
Nifty 500 TRI,2025-10-10,33339.49
Nifty G-Sec Index,2025-10-10,3361.17
Nifty 50 TRI,2025-10-13,40702.13
Nifty Next 50 TRI,2025-10-13,60262.51
Nifty Midcap 150 TRI,2025-10-13,17030.04
Nifty Smallcap 250 TRI,2025-10-13,20904.27
Nifty 500 TRI,2025-10-13,32816.13
Nifty G-Sec Index,2025-10-13,3356.54
Nifty 50 TRI,2025-10-14,40702.15
Nifty Next 50 TRI,2025-10-14,60104.75
Nifty Midcap 150 TRI,2025-10-14,17382.84
Nifty Smallcap 250 TRI,2025-10-14,21088.7
Nifty 500 TRI,2025-10-14,33196.07
Nifty G-Sec Index,2025-10-14,3352.58
Nifty 50 TRI,2025-10-15,40934.73
Nifty Next 50 TRI,2025-10-15,59616.99
Nifty Midcap 150 TRI,2025-10-15,17104.92
Nifty Smallcap 250 TRI,2025-10-15,21001.15
Nifty 500 TRI,2025-10-15,33028.24
Nifty G-Sec Index,2025-10-15,3341.58
Nifty 50 TRI,2025-10-16,40473.01
Nifty Next 50 TRI,2025-10-16,60071.02
Nifty Midcap 150 TRI,2025-10-16,17358.47
Nifty Smallcap 250 TRI,2025-10-16,21553.34
Nifty 500 TRI,2025-10-16,33204.82
Nifty G-Sec Index,2025-10-16,3335.09
Nifty 50 TRI,2025-10-17,40031.12
Nifty Next 50 TRI,2025-10-17,60091.46
Nifty Midcap 150 TRI,2025-10-17,17217.77
Nifty Smallcap 250 TRI,2025-10-17,21385.43
Nifty 500 TRI,2025-10-17,32975.8
Nifty G-Sec Index,2025-10-17,3316.45
Nifty 50 TRI,2025-10-20,40121.33
Nifty Next 50 TRI,2025-10-20,60424.85
Nifty Midcap 150 TRI,2025-10-20,16514.32
Nifty Smallcap 250 TRI,2025-10-20,21785.16
Nifty 500 TRI,2025-10-20,33031.5
Nifty G-Sec Index,2025-10-20,3306.12
Nifty 50 TRI,2025-10-22,39869.88
Nifty Next 50 TRI,2025-10-22,61315.6
Nifty Midcap 150 TRI,2025-10-22,16672.63
Nifty Smallcap 250 TRI,2025-10-22,22377.49
Nifty 500 TRI,2025-10-22,33931.46
Nifty G-Sec Index,2025-10-22,3311.88
Nifty 50 TRI,2025-10-23,39398.06
Nifty Next 50 TRI,2025-10-23,61209.32
Nifty Midcap 150 TRI,2025-10-23,17045.14
Nifty Smallcap 250 TRI,2025-10-23,23013.39
Nifty 500 TRI,2025-10-23,33696.67
Nifty G-Sec Index,2025-10-23,3329.79
Nifty 50 TRI,2025-10-24,38831.92
Nifty Next 50 TRI,2025-10-24,61400.15
Nifty Midcap 150 TRI,2025-10-24,17200.05
Nifty Smallcap 250 TRI,2025-10-24,22545.78
Nifty 500 TRI,2025-10-24,33521.27
Nifty G-Sec Index,2025-10-24,3337.52
Nifty 50 TRI,2025-10-27,38687.81
Nifty Next 50 TRI,2025-10-27,61235.95
Nifty Midcap 150 TRI,2025-10-27,17331.84
Nifty Smallcap 250 TRI,2025-10-27,23108.45
Nifty 500 TRI,2025-10-27,33613.65
Nifty G-Sec Index,2025-10-27,3348.04
Nifty 50 TRI,2025-10-29,38955.41
Nifty Next 50 TRI,2025-10-29,60229.76
Nifty Midcap 150 TRI,2025-10-29,17196.74
Nifty Smallcap 250 TRI,2025-10-29,23406.6
Nifty 500 TRI,2025-10-29,33807.66
Nifty G-Sec Index,2025-10-29,3344.74
Nifty 50 TRI,2025-10-30,38440.17
Nifty Next 50 TRI,2025-10-30,59981.12
Nifty Midcap 150 TRI,2025-10-30,17333.49
Nifty Smallcap 250 TRI,2025-10-30,23008.12
Nifty 500 TRI,2025-10-30,34036.92
Nifty G-Sec Index,2025-10-30,3339.92
Nifty 50 TRI,2025-10-31,38483.37
Nifty Next 50 TRI,2025-10-31,59651.62
Nifty Midcap 150 TRI,2025-10-31,17104.9
Nifty Smallcap 250 TRI,2025-10-31,23260.03
Nifty 500 TRI,2025-10-31,34397.95
Nifty G-Sec Index,2025-10-31,3336.66
Nifty 50 TRI,2025-11-03,38339.2
Nifty Next 50 TRI,2025-11-03,60225.54
Nifty Midcap 150 TRI,2025-11-03,16853.39
Nifty Smallcap 250 TRI,2025-11-03,23579.51
Nifty 500 TRI,2025-11-03,34894.18
Nifty G-Sec Index,2025-11-03,3350.69
Nifty 50 TRI,2025-11-04,38951.85
Nifty Next 50 TRI,2025-11-04,60613.21
Nifty Midcap 150 TRI,2025-11-04,17086.95
Nifty Smallcap 250 TRI,2025-11-04,23771.96
Nifty 500 TRI,2025-11-04,34798.12
Nifty G-Sec Index,2025-11-04,3337.18
Nifty 50 TRI,2025-11-05,39297.18
Nifty Next 50 TRI,2025-11-05,60970.26
Nifty Midcap 150 TRI,2025-11-05,17374.98
Nifty Smallcap 250 TRI,2025-11-05,23982.28
Nifty 500 TRI,2025-11-05,35250.62
Nifty G-Sec Index,2025-11-05,3318.89
Nifty 50 TRI,2025-11-06,38934.47
Nifty Next 50 TRI,2025-11-06,60885.06
Nifty Midcap 150 TRI,2025-11-06,17621.93
Nifty Smallcap 250 TRI,2025-11-06,24205.76
Nifty 500 TRI,2025-11-06,34824.8
Nifty G-Sec Index,2025-11-06,3307.06
Nifty 50 TRI,2025-11-07,38593.68
Nifty Next 50 TRI,2025-11-07,61774.81
Nifty Midcap 150 TRI,2025-11-07,17201.82
Nifty Smallcap 250 TRI,2025-11-07,24265.84
Nifty 500 TRI,2025-11-07,34795.21
Nifty G-Sec Index,2025-11-07,3325.27
Nifty 50 TRI,2025-11-10,37531.51
Nifty Next 50 TRI,2025-11-10,61290.35
Nifty Midcap 150 TRI,2025-11-10,17017.69
Nifty Smallcap 250 TRI,2025-11-10,24266.26
Nifty 500 TRI,2025-11-10,35625.12
Nifty G-Sec Index,2025-11-10,3330.13
Nifty 50 TRI,2025-11-11,37315.89
Nifty Next 50 TRI,2025-11-11,61560.61
Nifty Midcap 150 TRI,2025-11-11,16816.06
Nifty Smallcap 250 TRI,2025-11-11,24760.07
Nifty 500 TRI,2025-11-11,34831.56
Nifty G-Sec Index,2025-11-11,3329.17
Nifty 50 TRI,2025-11-12,37279.74
Nifty Next 50 TRI,2025-11-12,61252.77
Nifty Midcap 150 TRI,2025-11-12,16681.75
Nifty Smallcap 250 TRI,2025-11-12,25433.85
Nifty 500 TRI,2025-11-12,35544.15
Nifty G-Sec Index,2025-11-12,3340.07
Nifty 50 TRI,2025-11-13,37633.11
Nifty Next 50 TRI,2025-11-13,61134.52
Nifty Midcap 150 TRI,2025-11-13,16670.93
Nifty Smallcap 250 TRI,2025-11-13,25537.42
Nifty 500 TRI,2025-11-13,36078.02
Nifty G-Sec Index,2025-11-13,3324.96
Nifty 50 TRI,2025-11-14,38168.95
Nifty Next 50 TRI,2025-11-14,61417.66
Nifty Midcap 150 TRI,2025-11-14,16993.88
Nifty Smallcap 250 TRI,2025-11-14,25901.82
Nifty 500 TRI,2025-11-14,36513.69
Nifty G-Sec Index,2025-11-14,3320.5
Nifty 50 TRI,2025-11-17,37942.57
Nifty Next 50 TRI,2025-11-17,61187.98
Nifty Midcap 150 TRI,2025-11-17,17054.2
Nifty Smallcap 250 TRI,2025-11-17,26712.11
Nifty 500 TRI,2025-11-17,36466.5
Nifty G-Sec Index,2025-11-17,3326.02
Nifty 50 TRI,2025-11-18,37730.62
Nifty Next 50 TRI,2025-11-18,60271.98
Nifty Midcap 150 TRI,2025-11-18,17503.69
Nifty Smallcap 250 TRI,2025-11-18,26749.51
Nifty 500 TRI,2025-11-18,36720.59
Nifty G-Sec Index,2025-11-18,3329.02
Nifty 50 TRI,2025-11-19,37719.01
Nifty Next 50 TRI,2025-11-19,61306.5
Nifty Midcap 150 TRI,2025-11-19,17398.19
Nifty Smallcap 250 TRI,2025-11-19,26701.03
Nifty 500 TRI,2025-11-19,37005.5
Nifty G-Sec Index,2025-11-19,3317.54
Nifty 50 TRI,2025-11-20,37089.48
Nifty Next 50 TRI,2025-11-20,60916.2
Nifty Midcap 150 TRI,2025-11-20,17538.62
Nifty Smallcap 250 TRI,2025-11-20,26857.42
Nifty 500 TRI,2025-11-20,36871.38
Nifty G-Sec Index,2025-11-20,3315.71
Nifty 50 TRI,2025-11-21,37509.36
Nifty Next 50 TRI,2025-11-21,59737.68
Nifty Midcap 150 TRI,2025-11-21,17511.27
Nifty Smallcap 250 TRI,2025-11-21,27432.79
Nifty 500 TRI,2025-11-21,37051.95
Nifty G-Sec Index,2025-11-21,3319.96
Nifty 50 TRI,2025-11-24,37272.65
Nifty Next 50 TRI,2025-11-24,59333.28
Nifty Midcap 150 TRI,2025-11-24,17779.49
Nifty Smallcap 250 TRI,2025-11-24,27698.8
Nifty 500 TRI,2025-11-24,36917.51
Nifty G-Sec Index,2025-11-24,3314.78
Nifty 50 TRI,2025-11-25,36846.96
Nifty Next 50 TRI,2025-11-25,58662.99
Nifty Midcap 150 TRI,2025-11-25,17764.95
Nifty Smallcap 250 TRI,2025-11-25,27838.26
Nifty 500 TRI,2025-11-25,36909.3
Nifty G-Sec Index,2025-11-25,3325.33
Nifty 50 TRI,2025-11-26,37167.56
Nifty Next 50 TRI,2025-11-26,59011.34
Nifty Midcap 150 TRI,2025-11-26,18388.79
Nifty Smallcap 250 TRI,2025-11-26,28229.26
Nifty 500 TRI,2025-11-26,36856.64
Nifty G-Sec Index,2025-11-26,3322.13
Nifty 50 TRI,2025-11-27,36772.7
Nifty Next 50 TRI,2025-11-27,59121.6
Nifty Midcap 150 TRI,2025-11-27,17989.41
Nifty Smallcap 250 TRI,2025-11-27,28046.74
Nifty 500 TRI,2025-11-27,37354.44
Nifty G-Sec Index,2025-11-27,3314.0
Nifty 50 TRI,2025-11-28,36235.02
Nifty Next 50 TRI,2025-11-28,59270.32
Nifty Midcap 150 TRI,2025-11-28,17737.66
Nifty Smallcap 250 TRI,2025-11-28,28324.82
Nifty 500 TRI,2025-11-28,36042.89
Nifty G-Sec Index,2025-11-28,3312.32
Nifty 50 TRI,2025-12-01,36640.65
Nifty Next 50 TRI,2025-12-01,58964.83
Nifty Midcap 150 TRI,2025-12-01,17661.46
Nifty Smallcap 250 TRI,2025-12-01,28573.14
Nifty 500 TRI,2025-12-01,35376.63
Nifty G-Sec Index,2025-12-01,3314.27
Nifty 50 TRI,2025-12-02,37370.95
Nifty Next 50 TRI,2025-12-02,59057.54
Nifty Midcap 150 TRI,2025-12-02,17852.55
Nifty Smallcap 250 TRI,2025-12-02,28895.59
Nifty 500 TRI,2025-12-02,35765.31
Nifty G-Sec Index,2025-12-02,3307.37
Nifty 50 TRI,2025-12-03,37050.34
Nifty Next 50 TRI,2025-12-03,59004.16
Nifty Midcap 150 TRI,2025-12-03,17987.06
Nifty Smallcap 250 TRI,2025-12-03,28637.42
Nifty 500 TRI,2025-12-03,36619.8
Nifty G-Sec Index,2025-12-03,3303.84
Nifty 50 TRI,2025-12-04,37294.12
Nifty Next 50 TRI,2025-12-04,58863.21
Nifty Midcap 150 TRI,2025-12-04,18036.55
Nifty Smallcap 250 TRI,2025-12-04,28791.09
Nifty 500 TRI,2025-12-04,37243.8
Nifty G-Sec Index,2025-12-04,3297.15
Nifty 50 TRI,2025-12-05,37771.66
Nifty Next 50 TRI,2025-12-05,58037.71
Nifty Midcap 150 TRI,2025-12-05,18327.0
Nifty Smallcap 250 TRI,2025-12-05,28722.44
Nifty 500 TRI,2025-12-05,36742.56
Nifty G-Sec Index,2025-12-05,3292.62
Nifty 50 TRI,2025-12-08,37492.66
Nifty Next 50 TRI,2025-12-08,58597.57
Nifty Midcap 150 TRI,2025-12-08,17821.46
Nifty Smallcap 250 TRI,2025-12-08,28729.34
Nifty 500 TRI,2025-12-08,36875.97
Nifty G-Sec Index,2025-12-08,3293.21
Nifty 50 TRI,2025-12-09,38152.48
Nifty Next 50 TRI,2025-12-09,58368.0
Nifty Midcap 150 TRI,2025-12-09,17768.38
Nifty Smallcap 250 TRI,2025-12-09,27577.25
Nifty 500 TRI,2025-12-09,36492.37
Nifty G-Sec Index,2025-12-09,3297.23
Nifty 50 TRI,2025-12-10,38766.34
Nifty Next 50 TRI,2025-12-10,58975.3
Nifty Midcap 150 TRI,2025-12-10,18077.07
Nifty Smallcap 250 TRI,2025-12-10,27487.22
Nifty 500 TRI,2025-12-10,36760.41
Nifty G-Sec Index,2025-12-10,3303.14
Nifty 50 TRI,2025-12-11,39351.09
Nifty Next 50 TRI,2025-12-11,57276.67
Nifty Midcap 150 TRI,2025-12-11,18028.33
Nifty Smallcap 250 TRI,2025-12-11,27718.81
Nifty 500 TRI,2025-12-11,37225.46
Nifty G-Sec Index,2025-12-11,3312.93
Nifty 50 TRI,2025-12-12,39368.66
Nifty Next 50 TRI,2025-12-12,56209.34
Nifty Midcap 150 TRI,2025-12-12,17872.3
Nifty Smallcap 250 TRI,2025-12-12,28108.35
Nifty 500 TRI,2025-12-12,37739.33
Nifty G-Sec Index,2025-12-12,3313.1
Nifty 50 TRI,2025-12-15,39068.42
Nifty Next 50 TRI,2025-12-15,56329.55
Nifty Midcap 150 TRI,2025-12-15,17932.88
Nifty Smallcap 250 TRI,2025-12-15,27750.86
Nifty 500 TRI,2025-12-15,37908.72
Nifty G-Sec Index,2025-12-15,3294.99
Nifty 50 TRI,2025-12-16,39497.2
Nifty Next 50 TRI,2025-12-16,55594.49
Nifty Midcap 150 TRI,2025-12-16,18071.57
Nifty Smallcap 250 TRI,2025-12-16,27876.81
Nifty 500 TRI,2025-12-16,37898.59
Nifty G-Sec Index,2025-12-16,3298.99
Nifty 50 TRI,2025-12-17,38213.97
Nifty Next 50 TRI,2025-12-17,56046.2
Nifty Midcap 150 TRI,2025-12-17,17942.01
Nifty Smallcap 250 TRI,2025-12-17,27914.14
Nifty 500 TRI,2025-12-17,38578.57
Nifty G-Sec Index,2025-12-17,3291.96
Nifty 50 TRI,2025-12-18,38194.08
Nifty Next 50 TRI,2025-12-18,56578.77
Nifty Midcap 150 TRI,2025-12-18,17973.09
Nifty Smallcap 250 TRI,2025-12-18,28246.03
Nifty 500 TRI,2025-12-18,38304.38
Nifty G-Sec Index,2025-12-18,3296.18
Nifty 50 TRI,2025-12-19,38505.37
Nifty Next 50 TRI,2025-12-19,56156.45
Nifty Midcap 150 TRI,2025-12-19,17940.7
Nifty Smallcap 250 TRI,2025-12-19,27717.84
Nifty 500 TRI,2025-12-19,38638.22
Nifty G-Sec Index,2025-12-19,3311.6
Nifty 50 TRI,2025-12-22,38135.38
Nifty Next 50 TRI,2025-12-22,55280.76
Nifty Midcap 150 TRI,2025-12-22,18077.33
Nifty Smallcap 250 TRI,2025-12-22,27798.16
Nifty 500 TRI,2025-12-22,38942.08
Nifty G-Sec Index,2025-12-22,3301.44
Nifty 50 TRI,2025-12-24,37777.21
Nifty Next 50 TRI,2025-12-24,56072.48
Nifty Midcap 150 TRI,2025-12-24,19090.01
Nifty Smallcap 250 TRI,2025-12-24,28505.43
Nifty 500 TRI,2025-12-24,38490.56
Nifty G-Sec Index,2025-12-24,3314.56
Nifty 50 TRI,2025-12-25,37685.51
Nifty Next 50 TRI,2025-12-25,56401.91
Nifty Midcap 150 TRI,2025-12-25,18813.37
Nifty Smallcap 250 TRI,2025-12-25,28342.36
Nifty 500 TRI,2025-12-25,39183.7
Nifty G-Sec Index,2025-12-25,3308.4
Nifty 50 TRI,2025-12-26,38428.73
Nifty Next 50 TRI,2025-12-26,56069.62
Nifty Midcap 150 TRI,2025-12-26,18411.14
Nifty Smallcap 250 TRI,2025-12-26,29270.73
Nifty 500 TRI,2025-12-26,38956.14
Nifty G-Sec Index,2025-12-26,3302.89
Nifty 50 TRI,2025-12-29,38904.33
Nifty Next 50 TRI,2025-12-29,56903.16
Nifty Midcap 150 TRI,2025-12-29,18439.5
Nifty Smallcap 250 TRI,2025-12-29,28710.1
Nifty 500 TRI,2025-12-29,39493.5
Nifty G-Sec Index,2025-12-29,3317.38
Nifty 50 TRI,2025-12-30,38769.35
Nifty Next 50 TRI,2025-12-30,56127.96
Nifty Midcap 150 TRI,2025-12-30,18931.59
Nifty Smallcap 250 TRI,2025-12-30,28824.16
Nifty 500 TRI,2025-12-30,40267.95
Nifty G-Sec Index,2025-12-30,3323.85
Nifty 50 TRI,2025-12-31,38738.76
Nifty Next 50 TRI,2025-12-31,57078.06
Nifty Midcap 150 TRI,2025-12-31,19103.2
Nifty Smallcap 250 TRI,2025-12-31,28817.08
Nifty 500 TRI,2025-12-31,40880.39
Nifty G-Sec Index,2025-12-31,3311.71
Nifty 50 TRI,2026-01-01,38180.0
Nifty Next 50 TRI,2026-01-01,57904.35
Nifty Midcap 150 TRI,2026-01-01,19923.53
Nifty Smallcap 250 TRI,2026-01-01,29408.26
Nifty 500 TRI,2026-01-01,41400.18
Nifty G-Sec Index,2026-01-01,3322.07
Nifty 50 TRI,2026-01-02,38257.63
Nifty Next 50 TRI,2026-01-02,58671.58
Nifty Midcap 150 TRI,2026-01-02,19849.83
Nifty Smallcap 250 TRI,2026-01-02,29625.89
Nifty 500 TRI,2026-01-02,40985.48
Nifty G-Sec Index,2026-01-02,3333.49
Nifty 50 TRI,2026-01-05,38145.84
Nifty Next 50 TRI,2026-01-05,58356.55
Nifty Midcap 150 TRI,2026-01-05,19377.27
Nifty Smallcap 250 TRI,2026-01-05,28795.33
Nifty 500 TRI,2026-01-05,41058.56
Nifty G-Sec Index,2026-01-05,3342.19
Nifty 50 TRI,2026-01-06,37327.04
Nifty Next 50 TRI,2026-01-06,57980.45
Nifty Midcap 150 TRI,2026-01-06,19303.39
Nifty Smallcap 250 TRI,2026-01-06,29249.19
Nifty 500 TRI,2026-01-06,40802.96
Nifty G-Sec Index,2026-01-06,3349.93
Nifty 50 TRI,2026-01-07,37324.76
Nifty Next 50 TRI,2026-01-07,57970.0
Nifty Midcap 150 TRI,2026-01-07,19602.8
Nifty Smallcap 250 TRI,2026-01-07,28925.95
Nifty 500 TRI,2026-01-07,41739.13
Nifty G-Sec Index,2026-01-07,3355.49
Nifty 50 TRI,2026-01-08,37170.05
Nifty Next 50 TRI,2026-01-08,58717.7
Nifty Midcap 150 TRI,2026-01-08,19426.13
Nifty Smallcap 250 TRI,2026-01-08,29291.26
Nifty 500 TRI,2026-01-08,41813.0
Nifty G-Sec Index,2026-01-08,3365.62
Nifty 50 TRI,2026-01-09,36938.94
Nifty Next 50 TRI,2026-01-09,58561.44
Nifty Midcap 150 TRI,2026-01-09,19187.06
Nifty Smallcap 250 TRI,2026-01-09,29748.35
Nifty 500 TRI,2026-01-09,41019.18
Nifty G-Sec Index,2026-01-09,3371.62
Nifty 50 TRI,2026-01-12,36774.03
Nifty Next 50 TRI,2026-01-12,58748.47
Nifty Midcap 150 TRI,2026-01-12,19114.28
Nifty Smallcap 250 TRI,2026-01-12,29965.36
Nifty 500 TRI,2026-01-12,41027.97
Nifty G-Sec Index,2026-01-12,3364.12
Nifty 50 TRI,2026-01-13,37025.41
Nifty Next 50 TRI,2026-01-13,58944.88
Nifty Midcap 150 TRI,2026-01-13,19415.18
Nifty Smallcap 250 TRI,2026-01-13,30715.84
Nifty 500 TRI,2026-01-13,41010.54
Nifty G-Sec Index,2026-01-13,3353.19
Nifty 50 TRI,2026-01-14,37157.71
Nifty Next 50 TRI,2026-01-14,58407.48
Nifty Midcap 150 TRI,2026-01-14,19581.53
Nifty Smallcap 250 TRI,2026-01-14,30711.11
Nifty 500 TRI,2026-01-14,40650.52
Nifty G-Sec Index,2026-01-14,3347.62
Nifty 50 TRI,2026-01-15,37520.52
Nifty Next 50 TRI,2026-01-15,58263.22
Nifty Midcap 150 TRI,2026-01-15,19705.38
Nifty Smallcap 250 TRI,2026-01-15,31536.11
Nifty 500 TRI,2026-01-15,40244.8
Nifty G-Sec Index,2026-01-15,3350.61
Nifty 50 TRI,2026-01-16,37635.27
Nifty Next 50 TRI,2026-01-16,57969.81
Nifty Midcap 150 TRI,2026-01-16,19417.32
Nifty Smallcap 250 TRI,2026-01-16,31782.18
Nifty 500 TRI,2026-01-16,40623.54
Nifty G-Sec Index,2026-01-16,3362.01
Nifty 50 TRI,2026-01-19,37919.83
Nifty Next 50 TRI,2026-01-19,57231.87
Nifty Midcap 150 TRI,2026-01-19,19018.74
Nifty Smallcap 250 TRI,2026-01-19,31337.4
Nifty 500 TRI,2026-01-19,41010.54
Nifty G-Sec Index,2026-01-19,3377.29
Nifty 50 TRI,2026-01-20,37325.18
Nifty Next 50 TRI,2026-01-20,58275.81
Nifty Midcap 150 TRI,2026-01-20,19249.91
Nifty Smallcap 250 TRI,2026-01-20,30829.98
Nifty 500 TRI,2026-01-20,41959.67
Nifty G-Sec Index,2026-01-20,3392.37
Nifty 50 TRI,2026-01-21,37045.0
Nifty Next 50 TRI,2026-01-21,58397.66
Nifty Midcap 150 TRI,2026-01-21,19576.44
Nifty Smallcap 250 TRI,2026-01-21,31246.44
Nifty 500 TRI,2026-01-21,41846.64
Nifty G-Sec Index,2026-01-21,3412.7
Nifty 50 TRI,2026-01-22,36348.07
Nifty Next 50 TRI,2026-01-22,57403.87
Nifty Midcap 150 TRI,2026-01-22,19621.79
Nifty Smallcap 250 TRI,2026-01-22,31388.45
Nifty 500 TRI,2026-01-22,42330.66
Nifty G-Sec Index,2026-01-22,3433.77
Nifty 50 TRI,2026-01-23,36072.54
Nifty Next 50 TRI,2026-01-23,57728.03
Nifty Midcap 150 TRI,2026-01-23,19382.61
Nifty Smallcap 250 TRI,2026-01-23,31744.5
Nifty 500 TRI,2026-01-23,42141.75
Nifty G-Sec Index,2026-01-23,3442.39
Nifty 50 TRI,2026-01-26,35991.38
Nifty Next 50 TRI,2026-01-26,59016.63
Nifty Midcap 150 TRI,2026-01-26,19857.92
Nifty Smallcap 250 TRI,2026-01-26,32219.56
Nifty 500 TRI,2026-01-26,41796.85
Nifty G-Sec Index,2026-01-26,3455.48
Nifty 50 TRI,2026-01-27,36258.59
Nifty Next 50 TRI,2026-01-27,58919.95
Nifty Midcap 150 TRI,2026-01-27,20281.63
Nifty Smallcap 250 TRI,2026-01-27,32470.79
Nifty 500 TRI,2026-01-27,41945.51
Nifty G-Sec Index,2026-01-27,3447.23
Nifty 50 TRI,2026-01-28,36409.45
Nifty Next 50 TRI,2026-01-28,58176.15
Nifty Midcap 150 TRI,2026-01-28,20017.72
Nifty Smallcap 250 TRI,2026-01-28,31565.77
Nifty 500 TRI,2026-01-28,42439.26
Nifty G-Sec Index,2026-01-28,3430.22
Nifty 50 TRI,2026-01-30,36848.4
Nifty Next 50 TRI,2026-01-30,59370.55
Nifty Midcap 150 TRI,2026-01-30,20760.8
Nifty Smallcap 250 TRI,2026-01-30,32051.58
Nifty 500 TRI,2026-01-30,41971.71
Nifty G-Sec Index,2026-01-30,3444.49
Nifty 50 TRI,2026-02-02,36630.93
Nifty Next 50 TRI,2026-02-02,60483.02
Nifty Midcap 150 TRI,2026-02-02,20731.62
Nifty Smallcap 250 TRI,2026-02-02,32728.47
Nifty 500 TRI,2026-02-02,42373.47
Nifty G-Sec Index,2026-02-02,3432.59
Nifty 50 TRI,2026-02-03,36491.2
Nifty Next 50 TRI,2026-02-03,61048.94
Nifty Midcap 150 TRI,2026-02-03,21028.42
Nifty Smallcap 250 TRI,2026-02-03,32938.87
Nifty 500 TRI,2026-02-03,42064.5
Nifty G-Sec Index,2026-02-03,3431.61
Nifty 50 TRI,2026-02-04,36366.83
Nifty Next 50 TRI,2026-02-04,61220.03
Nifty Midcap 150 TRI,2026-02-04,21389.66
Nifty Smallcap 250 TRI,2026-02-04,33005.86
Nifty 500 TRI,2026-02-04,42965.45
Nifty G-Sec Index,2026-02-04,3411.83
Nifty 50 TRI,2026-02-05,35774.81
Nifty Next 50 TRI,2026-02-05,61087.59
Nifty Midcap 150 TRI,2026-02-05,21019.43
Nifty Smallcap 250 TRI,2026-02-05,32015.79
Nifty 500 TRI,2026-02-05,42990.11
Nifty G-Sec Index,2026-02-05,3402.41
Nifty 50 TRI,2026-02-06,35691.23
Nifty Next 50 TRI,2026-02-06,60851.2
Nifty Midcap 150 TRI,2026-02-06,21171.29
Nifty Smallcap 250 TRI,2026-02-06,32887.84
Nifty 500 TRI,2026-02-06,42733.69
Nifty G-Sec Index,2026-02-06,3408.56
Nifty 50 TRI,2026-02-09,35590.76
Nifty Next 50 TRI,2026-02-09,60636.37
Nifty Midcap 150 TRI,2026-02-09,21149.8
Nifty Smallcap 250 TRI,2026-02-09,32827.21
Nifty 500 TRI,2026-02-09,43196.07
Nifty G-Sec Index,2026-02-09,3398.11
Nifty 50 TRI,2026-02-10,35409.01
Nifty Next 50 TRI,2026-02-10,61042.34
Nifty Midcap 150 TRI,2026-02-10,20515.93
Nifty Smallcap 250 TRI,2026-02-10,32947.65
Nifty 500 TRI,2026-02-10,43015.0
Nifty G-Sec Index,2026-02-10,3384.52
Nifty 50 TRI,2026-02-11,35510.67
Nifty Next 50 TRI,2026-02-11,60937.99
Nifty Midcap 150 TRI,2026-02-11,20011.28
Nifty Smallcap 250 TRI,2026-02-11,33235.54
Nifty 500 TRI,2026-02-11,42561.05
Nifty G-Sec Index,2026-02-11,3385.41
Nifty 50 TRI,2026-02-12,35561.24
Nifty Next 50 TRI,2026-02-12,61637.59
Nifty Midcap 150 TRI,2026-02-12,20304.78
Nifty Smallcap 250 TRI,2026-02-12,33405.75
Nifty 500 TRI,2026-02-12,42769.12
Nifty G-Sec Index,2026-02-12,3396.29
Nifty 50 TRI,2026-02-13,35714.79
Nifty Next 50 TRI,2026-02-13,60731.23
Nifty Midcap 150 TRI,2026-02-13,19732.77
Nifty Smallcap 250 TRI,2026-02-13,32938.18
Nifty 500 TRI,2026-02-13,43386.75
Nifty G-Sec Index,2026-02-13,3388.41
Nifty 50 TRI,2026-02-16,35740.87
Nifty Next 50 TRI,2026-02-16,58398.47
Nifty Midcap 150 TRI,2026-02-16,19894.7
Nifty Smallcap 250 TRI,2026-02-16,32394.68
Nifty 500 TRI,2026-02-16,43232.65
Nifty G-Sec Index,2026-02-16,3407.36
Nifty 50 TRI,2026-02-17,36197.48
Nifty Next 50 TRI,2026-02-17,58470.7
Nifty Midcap 150 TRI,2026-02-17,20045.42
Nifty Smallcap 250 TRI,2026-02-17,33591.63
Nifty 500 TRI,2026-02-17,43480.7
Nifty G-Sec Index,2026-02-17,3415.24
Nifty 50 TRI,2026-02-18,36672.76
Nifty Next 50 TRI,2026-02-18,59527.0
Nifty Midcap 150 TRI,2026-02-18,19570.58
Nifty Smallcap 250 TRI,2026-02-18,33810.82
Nifty 500 TRI,2026-02-18,43317.08
Nifty G-Sec Index,2026-02-18,3429.9
Nifty 50 TRI,2026-02-19,37244.56
Nifty Next 50 TRI,2026-02-19,59593.96
Nifty Midcap 150 TRI,2026-02-19,19492.39
Nifty Smallcap 250 TRI,2026-02-19,34046.62
Nifty 500 TRI,2026-02-19,43503.28
Nifty G-Sec Index,2026-02-19,3429.16
Nifty 50 TRI,2026-02-20,38546.4
Nifty Next 50 TRI,2026-02-20,59417.93
Nifty Midcap 150 TRI,2026-02-20,19849.73
Nifty Smallcap 250 TRI,2026-02-20,34975.63
Nifty 500 TRI,2026-02-20,43652.48
Nifty G-Sec Index,2026-02-20,3417.18
Nifty 50 TRI,2026-02-23,38621.53
Nifty Next 50 TRI,2026-02-23,59864.33
Nifty Midcap 150 TRI,2026-02-23,19761.86
Nifty Smallcap 250 TRI,2026-02-23,34321.58
Nifty 500 TRI,2026-02-23,43553.58
Nifty G-Sec Index,2026-02-23,3426.78
Nifty 50 TRI,2026-02-24,38602.38
Nifty Next 50 TRI,2026-02-24,57279.75
Nifty Midcap 150 TRI,2026-02-24,19856.03
Nifty Smallcap 250 TRI,2026-02-24,33894.53
Nifty 500 TRI,2026-02-24,43431.8
Nifty G-Sec Index,2026-02-24,3425.99
Nifty 50 TRI,2026-02-25,38255.25
Nifty Next 50 TRI,2026-02-25,59303.39
Nifty Midcap 150 TRI,2026-02-25,19829.2
Nifty Smallcap 250 TRI,2026-02-25,32151.49
Nifty 500 TRI,2026-02-25,43621.16
Nifty G-Sec Index,2026-02-25,3439.95
Nifty 50 TRI,2026-02-26,38222.72
Nifty Next 50 TRI,2026-02-26,59164.2
Nifty Midcap 150 TRI,2026-02-26,19525.39
Nifty Smallcap 250 TRI,2026-02-26,32549.73
Nifty 500 TRI,2026-02-26,43472.74
Nifty G-Sec Index,2026-02-26,3434.62
Nifty 50 TRI,2026-02-27,38308.57
Nifty Next 50 TRI,2026-02-27,57697.85
Nifty Midcap 150 TRI,2026-02-27,19759.13
Nifty Smallcap 250 TRI,2026-02-27,33457.44
Nifty 500 TRI,2026-02-27,43311.1
Nifty G-Sec Index,2026-02-27,3436.78
Nifty 50 TRI,2026-03-02,38904.42
Nifty Next 50 TRI,2026-03-02,57974.35
Nifty Midcap 150 TRI,2026-03-02,19281.71
Nifty Smallcap 250 TRI,2026-03-02,33409.88
Nifty 500 TRI,2026-03-02,43513.54
Nifty G-Sec Index,2026-03-02,3439.38
Nifty 50 TRI,2026-03-03,39055.32
Nifty Next 50 TRI,2026-03-03,58230.08
Nifty Midcap 150 TRI,2026-03-03,18781.89
Nifty Smallcap 250 TRI,2026-03-03,33547.32
Nifty 500 TRI,2026-03-03,42941.58
Nifty G-Sec Index,2026-03-03,3434.62
Nifty 50 TRI,2026-03-04,39149.58
Nifty Next 50 TRI,2026-03-04,59613.53
Nifty Midcap 150 TRI,2026-03-04,18855.85
Nifty Smallcap 250 TRI,2026-03-04,33771.43
Nifty 500 TRI,2026-03-04,42117.15
Nifty G-Sec Index,2026-03-04,3448.96
Nifty 50 TRI,2026-03-05,39858.56
Nifty Next 50 TRI,2026-03-05,59942.78
Nifty Midcap 150 TRI,2026-03-05,19230.89
Nifty Smallcap 250 TRI,2026-03-05,34898.55
Nifty 500 TRI,2026-03-05,43015.32
Nifty G-Sec Index,2026-03-05,3456.3
Nifty 50 TRI,2026-03-06,40463.46
Nifty Next 50 TRI,2026-03-06,60032.08
Nifty Midcap 150 TRI,2026-03-06,19156.36
Nifty Smallcap 250 TRI,2026-03-06,33990.41
Nifty 500 TRI,2026-03-06,43137.5
Nifty G-Sec Index,2026-03-06,3460.01
Nifty 50 TRI,2026-03-09,40429.26
Nifty Next 50 TRI,2026-03-09,59383.96
Nifty Midcap 150 TRI,2026-03-09,18888.72
Nifty Smallcap 250 TRI,2026-03-09,35526.06
Nifty 500 TRI,2026-03-09,43539.01
Nifty G-Sec Index,2026-03-09,3464.15
Nifty 50 TRI,2026-03-10,40593.73
Nifty Next 50 TRI,2026-03-10,58202.02
Nifty Midcap 150 TRI,2026-03-10,19323.48
Nifty Smallcap 250 TRI,2026-03-10,35555.22
Nifty 500 TRI,2026-03-10,43336.03
Nifty G-Sec Index,2026-03-10,3453.16
Nifty 50 TRI,2026-03-12,40579.31
Nifty Next 50 TRI,2026-03-12,56822.91
Nifty Midcap 150 TRI,2026-03-12,18869.52
Nifty Smallcap 250 TRI,2026-03-12,35724.78
Nifty 500 TRI,2026-03-12,41784.64
Nifty G-Sec Index,2026-03-12,3444.51
Nifty 50 TRI,2026-03-13,40439.73
Nifty Next 50 TRI,2026-03-13,56582.65
Nifty Midcap 150 TRI,2026-03-13,19052.2
Nifty Smallcap 250 TRI,2026-03-13,35319.77
Nifty 500 TRI,2026-03-13,41887.3
Nifty G-Sec Index,2026-03-13,3443.79
Nifty 50 TRI,2026-03-16,40642.67
Nifty Next 50 TRI,2026-03-16,56975.54
Nifty Midcap 150 TRI,2026-03-16,19081.11
Nifty Smallcap 250 TRI,2026-03-16,35065.06
Nifty 500 TRI,2026-03-16,42398.64
Nifty G-Sec Index,2026-03-16,3459.2
Nifty 50 TRI,2026-03-17,41289.43
Nifty Next 50 TRI,2026-03-17,57118.43
Nifty Midcap 150 TRI,2026-03-17,19425.61
Nifty Smallcap 250 TRI,2026-03-17,34673.64
Nifty 500 TRI,2026-03-17,42214.5
Nifty G-Sec Index,2026-03-17,3478.21
Nifty 50 TRI,2026-03-18,41343.11
Nifty Next 50 TRI,2026-03-18,56450.4
Nifty Midcap 150 TRI,2026-03-18,19934.48
Nifty Smallcap 250 TRI,2026-03-18,36250.31
Nifty 500 TRI,2026-03-18,42645.29
Nifty G-Sec Index,2026-03-18,3459.76
Nifty 50 TRI,2026-03-19,41100.28
Nifty Next 50 TRI,2026-03-19,57766.26
Nifty Midcap 150 TRI,2026-03-19,19849.73
Nifty Smallcap 250 TRI,2026-03-19,37292.88
Nifty 500 TRI,2026-03-19,43415.96
Nifty G-Sec Index,2026-03-19,3456.29
Nifty 50 TRI,2026-03-20,40404.01
Nifty Next 50 TRI,2026-03-20,57848.04
Nifty Midcap 150 TRI,2026-03-20,19492.19
Nifty Smallcap 250 TRI,2026-03-20,36570.44
Nifty 500 TRI,2026-03-20,42941.39
Nifty G-Sec Index,2026-03-20,3486.15
Nifty 50 TRI,2026-03-23,40885.9
Nifty Next 50 TRI,2026-03-23,58613.72
Nifty Midcap 150 TRI,2026-03-23,19506.73
Nifty Smallcap 250 TRI,2026-03-23,36556.03
Nifty 500 TRI,2026-03-23,43126.12
Nifty G-Sec Index,2026-03-23,3486.61
Nifty 50 TRI,2026-03-24,40462.04
Nifty Next 50 TRI,2026-03-24,57994.35
Nifty Midcap 150 TRI,2026-03-24,19750.63
Nifty Smallcap 250 TRI,2026-03-24,36174.72
Nifty 500 TRI,2026-03-24,42899.46
Nifty G-Sec Index,2026-03-24,3510.45
Nifty 50 TRI,2026-03-25,41579.97
Nifty Next 50 TRI,2026-03-25,58396.35
Nifty Midcap 150 TRI,2026-03-25,19804.27
Nifty Smallcap 250 TRI,2026-03-25,37351.93
Nifty 500 TRI,2026-03-25,43055.06
Nifty G-Sec Index,2026-03-25,3510.16
Nifty 50 TRI,2026-03-26,40917.4
Nifty Next 50 TRI,2026-03-26,57979.7
Nifty Midcap 150 TRI,2026-03-26,20202.35
Nifty Smallcap 250 TRI,2026-03-26,37854.69
Nifty 500 TRI,2026-03-26,42995.91
Nifty G-Sec Index,2026-03-26,3507.65
Nifty 50 TRI,2026-03-27,39579.68
Nifty Next 50 TRI,2026-03-27,58029.59
Nifty Midcap 150 TRI,2026-03-27,20112.09
Nifty Smallcap 250 TRI,2026-03-27,38635.1
Nifty 500 TRI,2026-03-27,42886.2
Nifty G-Sec Index,2026-03-27,3491.94
Nifty 50 TRI,2026-03-30,39725.8
Nifty Next 50 TRI,2026-03-30,57332.82
Nifty Midcap 150 TRI,2026-03-30,19968.77
Nifty Smallcap 250 TRI,2026-03-30,39653.4
Nifty 500 TRI,2026-03-30,43335.6
Nifty G-Sec Index,2026-03-30,3501.4
Nifty 50 TRI,2026-03-31,40126.92
Nifty Next 50 TRI,2026-03-31,56860.67
Nifty Midcap 150 TRI,2026-03-31,19696.97
Nifty Smallcap 250 TRI,2026-03-31,40386.07
Nifty 500 TRI,2026-03-31,43344.34
Nifty G-Sec Index,2026-03-31,3503.85
Nifty 50 TRI,2026-04-01,39396.95
Nifty Next 50 TRI,2026-04-01,57515.84
Nifty Midcap 150 TRI,2026-04-01,20029.72
Nifty Smallcap 250 TRI,2026-04-01,40584.26
Nifty 500 TRI,2026-04-01,43535.56
Nifty G-Sec Index,2026-04-01,3502.71
Nifty 50 TRI,2026-04-02,39683.0
Nifty Next 50 TRI,2026-04-02,57091.8
Nifty Midcap 150 TRI,2026-04-02,20225.57
Nifty Smallcap 250 TRI,2026-04-02,40236.82
Nifty 500 TRI,2026-04-02,44502.06
Nifty G-Sec Index,2026-04-02,3506.77
Nifty 50 TRI,2026-04-03,39419.99
Nifty Next 50 TRI,2026-04-03,56597.92
Nifty Midcap 150 TRI,2026-04-03,19863.43
Nifty Smallcap 250 TRI,2026-04-03,40800.28
Nifty 500 TRI,2026-04-03,44260.82
Nifty G-Sec Index,2026-04-03,3487.64
Nifty 50 TRI,2026-04-06,40015.95
Nifty Next 50 TRI,2026-04-06,57127.3
Nifty Midcap 150 TRI,2026-04-06,20370.07
Nifty Smallcap 250 TRI,2026-04-06,39753.88
Nifty 500 TRI,2026-04-06,44899.22
Nifty G-Sec Index,2026-04-06,3498.91
Nifty 50 TRI,2026-04-07,40483.58
Nifty Next 50 TRI,2026-04-07,57593.24
Nifty Midcap 150 TRI,2026-04-07,20645.31
Nifty Smallcap 250 TRI,2026-04-07,39644.01
Nifty 500 TRI,2026-04-07,44886.91
Nifty G-Sec Index,2026-04-07,3502.98
Nifty 50 TRI,2026-04-08,40393.32
Nifty Next 50 TRI,2026-04-08,57378.89
Nifty Midcap 150 TRI,2026-04-08,20877.37
Nifty Smallcap 250 TRI,2026-04-08,40592.89
Nifty 500 TRI,2026-04-08,44573.18
Nifty G-Sec Index,2026-04-08,3510.87
Nifty 50 TRI,2026-04-09,41032.61
Nifty Next 50 TRI,2026-04-09,58290.11
Nifty Midcap 150 TRI,2026-04-09,21005.15
Nifty Smallcap 250 TRI,2026-04-09,40675.92
Nifty 500 TRI,2026-04-09,43918.02
Nifty G-Sec Index,2026-04-09,3508.01
Nifty 50 TRI,2026-04-10,40862.06
Nifty Next 50 TRI,2026-04-10,59258.87
Nifty Midcap 150 TRI,2026-04-10,20792.43
Nifty Smallcap 250 TRI,2026-04-10,40803.16
Nifty 500 TRI,2026-04-10,43659.49
Nifty G-Sec Index,2026-04-10,3514.5
Nifty 50 TRI,2026-04-13,41206.7
Nifty Next 50 TRI,2026-04-13,59136.93
Nifty Midcap 150 TRI,2026-04-13,20478.54
Nifty Smallcap 250 TRI,2026-04-13,41139.2
Nifty 500 TRI,2026-04-13,43279.44
Nifty G-Sec Index,2026-04-13,3506.02
Nifty 50 TRI,2026-04-14,40311.01
Nifty Next 50 TRI,2026-04-14,59258.31
Nifty Midcap 150 TRI,2026-04-14,20655.18
Nifty Smallcap 250 TRI,2026-04-14,38716.35
Nifty 500 TRI,2026-04-14,43150.95
Nifty G-Sec Index,2026-04-14,3509.28
Nifty 50 TRI,2026-04-15,40067.54
Nifty Next 50 TRI,2026-04-15,58512.66
Nifty Midcap 150 TRI,2026-04-15,20797.11
Nifty Smallcap 250 TRI,2026-04-15,38625.57
Nifty 500 TRI,2026-04-15,43568.76
Nifty G-Sec Index,2026-04-15,3499.32
Nifty 50 TRI,2026-04-16,40260.13
Nifty Next 50 TRI,2026-04-16,57832.06
Nifty Midcap 150 TRI,2026-04-16,20679.19
Nifty Smallcap 250 TRI,2026-04-16,38634.42
Nifty 500 TRI,2026-04-16,43586.11
Nifty G-Sec Index,2026-04-16,3512.45
Nifty 50 TRI,2026-04-17,39966.41
Nifty Next 50 TRI,2026-04-17,58211.99
Nifty Midcap 150 TRI,2026-04-17,20501.32
Nifty Smallcap 250 TRI,2026-04-17,39812.72
Nifty 500 TRI,2026-04-17,43770.27
Nifty G-Sec Index,2026-04-17,3511.49
Nifty 50 TRI,2026-04-20,39819.62
Nifty Next 50 TRI,2026-04-20,57759.51
Nifty Midcap 150 TRI,2026-04-20,20441.39
Nifty Smallcap 250 TRI,2026-04-20,40790.89
Nifty 500 TRI,2026-04-20,43593.84
Nifty G-Sec Index,2026-04-20,3518.0
Nifty 50 TRI,2026-04-21,39881.8
Nifty Next 50 TRI,2026-04-21,57862.65
Nifty Midcap 150 TRI,2026-04-21,20186.54
Nifty Smallcap 250 TRI,2026-04-21,40447.93
Nifty 500 TRI,2026-04-21,43460.06
Nifty G-Sec Index,2026-04-21,3526.3
Nifty 50 TRI,2026-04-22,40197.81
Nifty Next 50 TRI,2026-04-22,57910.64
Nifty Midcap 150 TRI,2026-04-22,20356.66
Nifty Smallcap 250 TRI,2026-04-22,39576.48
Nifty 500 TRI,2026-04-22,43272.78
Nifty G-Sec Index,2026-04-22,3524.47
Nifty 50 TRI,2026-04-23,40249.64
Nifty Next 50 TRI,2026-04-23,57925.82
Nifty Midcap 150 TRI,2026-04-23,20447.83
Nifty Smallcap 250 TRI,2026-04-23,38788.62
Nifty 500 TRI,2026-04-23,42663.34
Nifty G-Sec Index,2026-04-23,3533.27
Nifty 50 TRI,2026-04-24,40070.67
Nifty Next 50 TRI,2026-04-24,57404.42
Nifty Midcap 150 TRI,2026-04-24,20827.36
Nifty Smallcap 250 TRI,2026-04-24,39071.21
Nifty 500 TRI,2026-04-24,42716.88
Nifty G-Sec Index,2026-04-24,3541.99
Nifty 50 TRI,2026-04-27,39818.61
Nifty Next 50 TRI,2026-04-27,56478.67
Nifty Midcap 150 TRI,2026-04-27,20650.49
Nifty Smallcap 250 TRI,2026-04-27,38434.27
Nifty 500 TRI,2026-04-27,43264.8
Nifty G-Sec Index,2026-04-27,3546.4
Nifty 50 TRI,2026-04-28,39920.56
Nifty Next 50 TRI,2026-04-28,56327.62
Nifty Midcap 150 TRI,2026-04-28,20910.42
Nifty Smallcap 250 TRI,2026-04-28,38755.24
Nifty 500 TRI,2026-04-28,43346.76
Nifty G-Sec Index,2026-04-28,3545.99
Nifty 50 TRI,2026-04-29,39803.27
Nifty Next 50 TRI,2026-04-29,54582.04
Nifty Midcap 150 TRI,2026-04-29,20053.71
Nifty Smallcap 250 TRI,2026-04-29,38737.97
Nifty 500 TRI,2026-04-29,43169.3
Nifty G-Sec Index,2026-04-29,3543.69
Nifty 50 TRI,2026-05-01,40072.65
Nifty Next 50 TRI,2026-05-01,53110.45
Nifty Midcap 150 TRI,2026-05-01,19944.55
Nifty Smallcap 250 TRI,2026-05-01,39333.12
Nifty 500 TRI,2026-05-01,44207.71
Nifty G-Sec Index,2026-05-01,3533.72
Nifty 50 TRI,2026-05-04,40196.36
Nifty Next 50 TRI,2026-05-04,53576.34
Nifty Midcap 150 TRI,2026-05-04,19850.37
Nifty Smallcap 250 TRI,2026-05-04,38081.9
Nifty 500 TRI,2026-05-04,43526.51
Nifty G-Sec Index,2026-05-04,3525.16
Nifty 50 TRI,2026-05-05,40189.58
Nifty Next 50 TRI,2026-05-05,54343.38
Nifty Midcap 150 TRI,2026-05-05,19877.42
Nifty Smallcap 250 TRI,2026-05-05,38473.29
Nifty 500 TRI,2026-05-05,43205.16
Nifty G-Sec Index,2026-05-05,3525.51
Nifty 50 TRI,2026-05-06,39712.77
Nifty Next 50 TRI,2026-05-06,54536.5
Nifty Midcap 150 TRI,2026-05-06,19478.03
Nifty Smallcap 250 TRI,2026-05-06,39916.32
Nifty 500 TRI,2026-05-06,43819.2
Nifty G-Sec Index,2026-05-06,3515.45
Nifty 50 TRI,2026-05-07,40843.05
Nifty Next 50 TRI,2026-05-07,54514.02
Nifty Midcap 150 TRI,2026-05-07,19257.31
Nifty Smallcap 250 TRI,2026-05-07,40943.17
Nifty 500 TRI,2026-05-07,44014.11
Nifty G-Sec Index,2026-05-07,3519.56
Nifty 50 TRI,2026-05-08,41000.76
Nifty Next 50 TRI,2026-05-08,55762.38
Nifty Midcap 150 TRI,2026-05-08,18722.52
Nifty Smallcap 250 TRI,2026-05-08,40862.41
Nifty 500 TRI,2026-05-08,43679.81
Nifty G-Sec Index,2026-05-08,3533.74
Nifty 50 TRI,2026-05-11,41248.63
Nifty Next 50 TRI,2026-05-11,56326.64
Nifty Midcap 150 TRI,2026-05-11,18826.47
Nifty Smallcap 250 TRI,2026-05-11,41345.29
Nifty 500 TRI,2026-05-11,43699.42
Nifty G-Sec Index,2026-05-11,3531.37
Nifty 50 TRI,2026-05-12,42123.72
Nifty Next 50 TRI,2026-05-12,55722.19
Nifty Midcap 150 TRI,2026-05-12,19250.03
Nifty Smallcap 250 TRI,2026-05-12,41347.79
Nifty 500 TRI,2026-05-12,44322.53
Nifty G-Sec Index,2026-05-12,3557.12
Nifty 50 TRI,2026-05-13,42407.33
Nifty Next 50 TRI,2026-05-13,55227.37
Nifty Midcap 150 TRI,2026-05-13,19568.38
Nifty Smallcap 250 TRI,2026-05-13,41794.27
Nifty 500 TRI,2026-05-13,44530.75
Nifty G-Sec Index,2026-05-13,3550.72
Nifty 50 TRI,2026-05-14,42320.2
Nifty Next 50 TRI,2026-05-14,55137.8
Nifty Midcap 150 TRI,2026-05-14,20029.27
Nifty Smallcap 250 TRI,2026-05-14,42077.78
Nifty 500 TRI,2026-05-14,44121.77
Nifty G-Sec Index,2026-05-14,3567.1
Nifty 50 TRI,2026-05-15,42742.09
Nifty Next 50 TRI,2026-05-15,54375.02
Nifty Midcap 150 TRI,2026-05-15,19806.61
Nifty Smallcap 250 TRI,2026-05-15,41905.55
Nifty 500 TRI,2026-05-15,44208.03
Nifty G-Sec Index,2026-05-15,3552.44
Nifty 50 TRI,2026-05-18,42773.58
Nifty Next 50 TRI,2026-05-18,54308.86
Nifty Midcap 150 TRI,2026-05-18,19981.43
Nifty Smallcap 250 TRI,2026-05-18,42306.91
Nifty 500 TRI,2026-05-18,44082.86
Nifty G-Sec Index,2026-05-18,3568.11
Nifty 50 TRI,2026-05-19,42548.31
Nifty Next 50 TRI,2026-05-19,52759.48
Nifty Midcap 150 TRI,2026-05-19,19763.95
Nifty Smallcap 250 TRI,2026-05-19,42571.46
Nifty 500 TRI,2026-05-19,44985.67
Nifty G-Sec Index,2026-05-19,3575.2
Nifty 50 TRI,2026-05-20,42432.59
Nifty Next 50 TRI,2026-05-20,52630.55
Nifty Midcap 150 TRI,2026-05-20,19554.3
Nifty Smallcap 250 TRI,2026-05-20,43622.83
Nifty 500 TRI,2026-05-20,44624.93
Nifty G-Sec Index,2026-05-20,3599.11
Nifty 50 TRI,2026-05-21,41558.31
Nifty Next 50 TRI,2026-05-21,53518.72
Nifty Midcap 150 TRI,2026-05-21,19166.37
Nifty Smallcap 250 TRI,2026-05-21,44517.43
Nifty 500 TRI,2026-05-21,45871.56
Nifty G-Sec Index,2026-05-21,3596.87
Nifty 50 TRI,2026-05-22,41542.45
Nifty Next 50 TRI,2026-05-22,53824.92
Nifty Midcap 150 TRI,2026-05-22,19332.15
Nifty Smallcap 250 TRI,2026-05-22,44719.11
Nifty 500 TRI,2026-05-22,45251.72
Nifty G-Sec Index,2026-05-22,3582.91
Nifty 50 TRI,2026-05-25,40684.39
Nifty Next 50 TRI,2026-05-25,54341.23
Nifty Midcap 150 TRI,2026-05-25,18842.35
Nifty Smallcap 250 TRI,2026-05-25,44014.65
Nifty 500 TRI,2026-05-25,45269.98
Nifty G-Sec Index,2026-05-25,3593.36
Nifty 50 TRI,2026-05-26,40787.76
Nifty Next 50 TRI,2026-05-26,54029.88
Nifty Midcap 150 TRI,2026-05-26,18768.11
Nifty Smallcap 250 TRI,2026-05-26,42920.0
Nifty 500 TRI,2026-05-26,45245.87
Nifty G-Sec Index,2026-05-26,3586.17
Nifty 50 TRI,2026-05-27,41044.92
Nifty Next 50 TRI,2026-05-27,53574.35
Nifty Midcap 150 TRI,2026-05-27,18911.94
Nifty Smallcap 250 TRI,2026-05-27,42708.49
Nifty 500 TRI,2026-05-27,46097.53
Nifty G-Sec Index,2026-05-27,3575.54
Nifty 50 TRI,2026-05-28,40705.78
Nifty Next 50 TRI,2026-05-28,52595.48
Nifty Midcap 150 TRI,2026-05-28,19123.38
Nifty Smallcap 250 TRI,2026-05-28,42636.54
Nifty 500 TRI,2026-05-28,48082.89
Nifty G-Sec Index,2026-05-28,3582.19
Nifty 50 TRI,2026-05-29,41147.9
Nifty Next 50 TRI,2026-05-29,52831.57
Nifty Midcap 150 TRI,2026-05-29,19160.44
Nifty Smallcap 250 TRI,2026-05-29,42800.53
Nifty 500 TRI,2026-05-29,48194.28
Nifty G-Sec Index,2026-05-29,3573.97
